   -0.2199788181E+04     0.0000000000E+00     0.0000000000E+00     0.0000000000E+00     0.0000000000E+00
   -0.2199295279E+04     0.0000000000E+00     0.0000000000E+00     0.0000000000E+00     0.0000000000E+00
   -0.2198535658E+04     0.0000000000E+00     0.0000000000E+00     0.0000000000E+00     0.0000000000E+00
   -0.2197529051E+04     0.0000000000E+00     0.0000000000E+00     0.0000000000E+00     0.0000000000E+00
   -0.2196301540E+04     0.0000000000E+00     0.0000000000E+00     0.0000000000E+00     0.0000000000E+00
   -0.2194884922E+04     0.0000000000E+00     0.0000000000E+00     0.0000000000E+00     0.0000000000E+00
   -0.2193315885E+04     0.0000000000E+00     0.0000000000E+00     0.0000000000E+00     0.0000000000E+00
   -0.2191635069E+04     0.0000000000E+00     0.0000000000E+00     0.0000000000E+00     0.0000000000E+00
   -0.2189886005E+04     0.0000000000E+00     0.0000000000E+00     0.0000000000E+00     0.0000000000E+00
   -0.2188113995E+04     0.0000000000E+00     0.0000000000E+00     0.0000000000E+00     0.0000000000E+00
   -0.2186364931E+04     0.0000000000E+00     0.0000000000E+00     0.0000000000E+00     0.0000000000E+00
   -0.2184684115E+04     0.0000000000E+00     0.0000000000E+00     0.0000000000E+00     0.0000000000E+00
   -0.2183115078E+04     0.0000000000E+00     0.0000000000E+00     0.0000000000E+00     0.0000000000E+00
   -0.2181698460E+04     0.0000000000E+00     0.0000000000E+00     0.0000000000E+00     0.0000000000E+00
   -0.2180470949E+04     0.0000000000E+00     0.0000000000E+00     0.0000000000E+00     0.0000000000E+00
   -0.2179464342E+04     0.0000000000E+00     0.0000000000E+00     0.0000000000E+00     0.0000000000E+00
   -0.2178704721E+04     0.0000000000E+00     0.0000000000E+00     0.0000000000E+00     0.0000000000E+00
   -0.2178211819E+04     0.0000000000E+00     0.0000000000E+00     0.0000000000E+00     0.0000000000E+00
   -0.2178000000E+04     0.0000000000E+00     0.0000000000E+00     0.0000000000E+00     0.0000000000E+00
   -0.2177788181E+04     0.0000000000E+00     0.0000000000E+00     0.0000000000E+00     0.0000000000E+00
   -0.2177295279E+04     0.0000000000E+00     0.0000000000E+00     0.0000000000E+00     0.0000000000E+00
   -0.2176535658E+04     0.0000000000E+00     0.0000000000E+00     0.0000000000E+00     0.0000000000E+00
   -0.2175529051E+04     0.0000000000E+00     0.0000000000E+00     0.0000000000E+00     0.0000000000E+00
   -0.2174301540E+04     0.0000000000E+00     0.0000000000E+00     0.0000000000E+00     0.0000000000E+00
   -0.2172884922E+04     0.0000000000E+00     0.0000000000E+00     0.0000000000E+00     0.0000000000E+00
   -0.2171315885E+04     0.0000000000E+00     0.0000000000E+00     0.0000000000E+00     0.0000000000E+00
   -0.2169635069E+04     0.0000000000E+00     0.0000000000E+00     0.0000000000E+00     0.0000000000E+00
   -0.2167886005E+04     0.0000000000E+00     0.0000000000E+00     0.0000000000E+00     0.0000000000E+00
   -0.2166113995E+04     0.0000000000E+00     0.0000000000E+00     0.0000000000E+00     0.0000000000E+00
   -0.2164364931E+04     0.0000000000E+00     0.0000000000E+00     0.0000000000E+00     0.0000000000E+00
   -0.2162684115E+04     0.0000000000E+00     0.0000000000E+00     0.0000000000E+00     0.0000000000E+00
   -0.2161115078E+04     0.0000000000E+00     0.0000000000E+00     0.0000000000E+00     0.0000000000E+00
   -0.2159698460E+04     0.0000000000E+00     0.0000000000E+00     0.0000000000E+00     0.0000000000E+00
   -0.2158470949E+04     0.0000000000E+00     0.0000000000E+00     0.0000000000E+00     0.0000000000E+00
   -0.2157464342E+04     0.0000000000E+00     0.0000000000E+00     0.0000000000E+00     0.0000000000E+00
   -0.2156704721E+04     0.0000000000E+00     0.0000000000E+00     0.0000000000E+00     0.0000000000E+00
   -0.2156211819E+04     0.0000000000E+00     0.0000000000E+00     0.0000000000E+00     0.0000000000E+00
   -0.2156000000E+04     0.0000000000E+00     0.0000000000E+00     0.0000000000E+00     0.0000000000E+00
   -0.2155788181E+04     0.0000000000E+00     0.0000000000E+00     0.0000000000E+00     0.0000000000E+00
   -0.2155295279E+04     0.0000000000E+00     0.0000000000E+00     0.0000000000E+00     0.0000000000E+00
   -0.2154535658E+04     0.0000000000E+00     0.0000000000E+00     0.0000000000E+00     0.0000000000E+00
   -0.2153529051E+04     0.0000000000E+00     0.0000000000E+00     0.0000000000E+00     0.0000000000E+00
   -0.2152301540E+04     0.0000000000E+00     0.0000000000E+00     0.0000000000E+00     0.0000000000E+00
   -0.2150884922E+04     0.0000000000E+00     0.0000000000E+00     0.0000000000E+00     0.0000000000E+00
   -0.2149315885E+04     0.0000000000E+00     0.0000000000E+00     0.0000000000E+00     0.0000000000E+00
   -0.2147635069E+04     0.0000000000E+00     0.0000000000E+00     0.0000000000E+00     0.0000000000E+00
   -0.2145886005E+04     0.0000000000E+00     0.0000000000E+00     0.0000000000E+00     0.0000000000E+00
   -0.2144113995E+04     0.0000000000E+00     0.0000000000E+00     0.0000000000E+00     0.0000000000E+00
   -0.2142364931E+04     0.0000000000E+00     0.0000000000E+00     0.0000000000E+00     0.0000000000E+00
   -0.2140684115E+04     0.0000000000E+00     0.0000000000E+00     0.0000000000E+00     0.0000000000E+00
   -0.2139115078E+04     0.0000000000E+00     0.0000000000E+00     0.0000000000E+00     0.0000000000E+00
   -0.2137698460E+04     0.0000000000E+00     0.0000000000E+00     0.0000000000E+00     0.0000000000E+00
   -0.2136470949E+04     0.0000000000E+00     0.0000000000E+00     0.0000000000E+00     0.0000000000E+00
   -0.2135464342E+04     0.0000000000E+00     0.0000000000E+00     0.0000000000E+00     0.0000000000E+00
   -0.2134704721E+04     0.0000000000E+00     0.0000000000E+00     0.0000000000E+00     0.0000000000E+00
   -0.2134211819E+04     0.0000000000E+00     0.0000000000E+00     0.0000000000E+00     0.0000000000E+00
   -0.2134000000E+04     0.0000000000E+00     0.0000000000E+00     0.0000000000E+00     0.0000000000E+00
   -0.2133788181E+04     0.0000000000E+00     0.0000000000E+00     0.0000000000E+00     0.0000000000E+00
   -0.2133295279E+04     0.0000000000E+00     0.0000000000E+00     0.0000000000E+00     0.0000000000E+00
   -0.2132535658E+04     0.0000000000E+00     0.0000000000E+00     0.0000000000E+00     0.0000000000E+00
   -0.2131529051E+04     0.0000000000E+00     0.0000000000E+00     0.0000000000E+00     0.0000000000E+00
   -0.2130301540E+04     0.0000000000E+00     0.0000000000E+00     0.0000000000E+00     0.0000000000E+00
   -0.2128884922E+04     0.0000000000E+00     0.0000000000E+00     0.0000000000E+00     0.0000000000E+00
   -0.2127315885E+04     0.0000000000E+00     0.0000000000E+00     0.0000000000E+00     0.0000000000E+00
   -0.2125635069E+04     0.0000000000E+00     0.0000000000E+00     0.0000000000E+00     0.0000000000E+00
   -0.2123886005E+04     0.0000000000E+00     0.0000000000E+00     0.0000000000E+00     0.0000000000E+00
   -0.2122113995E+04     0.0000000000E+00     0.0000000000E+00     0.0000000000E+00     0.0000000000E+00
   -0.2120364931E+04     0.0000000000E+00     0.0000000000E+00     0.0000000000E+00     0.0000000000E+00
   -0.2118684115E+04     0.0000000000E+00     0.0000000000E+00     0.0000000000E+00     0.0000000000E+00
   -0.2117115078E+04     0.0000000000E+00     0.0000000000E+00     0.0000000000E+00     0.0000000000E+00
   -0.2115698460E+04     0.0000000000E+00     0.0000000000E+00     0.0000000000E+00     0.0000000000E+00
   -0.2114470949E+04     0.0000000000E+00     0.0000000000E+00     0.0000000000E+00     0.0000000000E+00
   -0.2113464342E+04     0.0000000000E+00     0.0000000000E+00     0.0000000000E+00     0.0000000000E+00
   -0.2112704721E+04     0.0000000000E+00     0.0000000000E+00     0.0000000000E+00     0.0000000000E+00
   -0.2112211819E+04     0.0000000000E+00     0.0000000000E+00     0.0000000000E+00     0.0000000000E+00
   -0.2112000000E+04     0.0000000000E+00     0.0000000000E+00     0.0000000000E+00     0.0000000000E+00
   -0.2111788181E+04     0.0000000000E+00     0.0000000000E+00     0.0000000000E+00     0.0000000000E+00
   -0.2111295279E+04     0.0000000000E+00     0.0000000000E+00     0.0000000000E+00     0.0000000000E+00
   -0.2110535658E+04     0.0000000000E+00     0.0000000000E+00     0.0000000000E+00     0.0000000000E+00
   -0.2109529051E+04     0.0000000000E+00     0.0000000000E+00     0.0000000000E+00     0.0000000000E+00
   -0.2108301540E+04     0.0000000000E+00     0.0000000000E+00     0.0000000000E+00     0.0000000000E+00
   -0.2106884922E+04     0.0000000000E+00     0.0000000000E+00     0.0000000000E+00     0.0000000000E+00
   -0.2105315885E+04     0.0000000000E+00     0.0000000000E+00     0.0000000000E+00     0.0000000000E+00
   -0.2103635069E+04     0.0000000000E+00     0.0000000000E+00     0.0000000000E+00     0.0000000000E+00
   -0.2101886005E+04     0.0000000000E+00     0.0000000000E+00     0.0000000000E+00     0.0000000000E+00
   -0.2100113995E+04     0.0000000000E+00     0.0000000000E+00     0.0000000000E+00     0.0000000000E+00
   -0.2098364931E+04     0.0000000000E+00     0.0000000000E+00     0.0000000000E+00     0.0000000000E+00
   -0.2096684115E+04     0.0000000000E+00     0.0000000000E+00     0.0000000000E+00     0.0000000000E+00
   -0.2095115078E+04     0.0000000000E+00     0.0000000000E+00     0.0000000000E+00     0.0000000000E+00
   -0.2093698460E+04     0.0000000000E+00     0.0000000000E+00     0.0000000000E+00     0.0000000000E+00
   -0.2092470949E+04     0.0000000000E+00     0.0000000000E+00     0.0000000000E+00     0.0000000000E+00
   -0.2091464342E+04     0.0000000000E+00     0.0000000000E+00     0.0000000000E+00     0.0000000000E+00
   -0.2090704721E+04     0.0000000000E+00     0.0000000000E+00     0.0000000000E+00     0.0000000000E+00
   -0.2090211819E+04     0.0000000000E+00     0.0000000000E+00     0.0000000000E+00     0.0000000000E+00
   -0.2090000000E+04     0.0000000000E+00     0.0000000000E+00     0.0000000000E+00     0.0000000000E+00
   -0.2089788181E+04     0.0000000000E+00     0.0000000000E+00     0.0000000000E+00     0.0000000000E+00
   -0.2089295279E+04     0.0000000000E+00     0.0000000000E+00     0.0000000000E+00     0.0000000000E+00
   -0.2088535658E+04     0.0000000000E+00     0.0000000000E+00     0.0000000000E+00     0.0000000000E+00
   -0.2087529051E+04     0.0000000000E+00     0.0000000000E+00     0.0000000000E+00     0.0000000000E+00
   -0.2086301540E+04     0.0000000000E+00     0.0000000000E+00     0.0000000000E+00     0.0000000000E+00
   -0.2084884922E+04     0.0000000000E+00     0.0000000000E+00     0.0000000000E+00     0.0000000000E+00
   -0.2083315885E+04     0.0000000000E+00     0.0000000000E+00     0.0000000000E+00     0.0000000000E+00
   -0.2081635069E+04     0.0000000000E+00     0.0000000000E+00     0.0000000000E+00     0.0000000000E+00
   -0.2079886005E+04     0.0000000000E+00     0.0000000000E+00     0.0000000000E+00     0.0000000000E+00
   -0.2078113995E+04     0.0000000000E+00     0.0000000000E+00     0.0000000000E+00     0.0000000000E+00
   -0.2076364931E+04     0.0000000000E+00     0.0000000000E+00     0.0000000000E+00     0.0000000000E+00
   -0.2074684115E+04     0.0000000000E+00     0.0000000000E+00     0.0000000000E+00     0.0000000000E+00
   -0.2073115078E+04     0.0000000000E+00     0.0000000000E+00     0.0000000000E+00     0.0000000000E+00
   -0.2071698460E+04     0.0000000000E+00     0.0000000000E+00     0.0000000000E+00     0.0000000000E+00
   -0.2070470949E+04     0.0000000000E+00     0.0000000000E+00     0.0000000000E+00     0.0000000000E+00
   -0.2069464342E+04     0.0000000000E+00     0.0000000000E+00     0.0000000000E+00     0.0000000000E+00
   -0.2068704721E+04     0.0000000000E+00     0.0000000000E+00     0.0000000000E+00     0.0000000000E+00
   -0.2068211819E+04     0.0000000000E+00     0.0000000000E+00     0.0000000000E+00     0.0000000000E+00
   -0.2068000000E+04     0.0000000000E+00     0.0000000000E+00     0.0000000000E+00     0.0000000000E+00
   -0.2067788181E+04     0.0000000000E+00     0.0000000000E+00     0.0000000000E+00     0.0000000000E+00
   -0.2067295279E+04     0.0000000000E+00     0.0000000000E+00     0.0000000000E+00     0.0000000000E+00
   -0.2066535658E+04     0.0000000000E+00     0.0000000000E+00     0.0000000000E+00     0.0000000000E+00
   -0.2065529051E+04     0.0000000000E+00     0.0000000000E+00     0.0000000000E+00     0.0000000000E+00
   -0.2064301540E+04     0.0000000000E+00     0.0000000000E+00     0.0000000000E+00     0.0000000000E+00
   -0.2062884922E+04     0.0000000000E+00     0.0000000000E+00     0.0000000000E+00     0.0000000000E+00
   -0.2061315885E+04     0.0000000000E+00     0.0000000000E+00     0.0000000000E+00     0.0000000000E+00
   -0.2059635069E+04     0.0000000000E+00     0.0000000000E+00     0.0000000000E+00     0.0000000000E+00
   -0.2057886005E+04     0.0000000000E+00     0.0000000000E+00     0.0000000000E+00     0.0000000000E+00
   -0.2056113995E+04     0.0000000000E+00     0.0000000000E+00     0.0000000000E+00     0.0000000000E+00
   -0.2054364931E+04     0.0000000000E+00     0.0000000000E+00     0.0000000000E+00     0.0000000000E+00
   -0.2052684115E+04     0.0000000000E+00     0.0000000000E+00     0.0000000000E+00     0.0000000000E+00
   -0.2051115078E+04     0.0000000000E+00     0.0000000000E+00     0.0000000000E+00     0.0000000000E+00
   -0.2049698460E+04     0.0000000000E+00     0.0000000000E+00     0.0000000000E+00     0.0000000000E+00
   -0.2048470949E+04     0.0000000000E+00     0.0000000000E+00     0.0000000000E+00     0.0000000000E+00
   -0.2047464342E+04     0.0000000000E+00     0.0000000000E+00     0.0000000000E+00     0.0000000000E+00
   -0.2046704721E+04     0.0000000000E+00     0.0000000000E+00     0.0000000000E+00     0.0000000000E+00
   -0.2046211819E+04     0.0000000000E+00     0.0000000000E+00     0.0000000000E+00     0.0000000000E+00
   -0.2046000000E+04     0.0000000000E+00     0.0000000000E+00     0.0000000000E+00     0.0000000000E+00
   -0.2045788181E+04     0.0000000000E+00     0.0000000000E+00     0.0000000000E+00     0.0000000000E+00
   -0.2045295279E+04     0.0000000000E+00     0.0000000000E+00     0.0000000000E+00     0.0000000000E+00
   -0.2044535658E+04     0.0000000000E+00     0.0000000000E+00     0.0000000000E+00     0.0000000000E+00
   -0.2043529051E+04     0.0000000000E+00     0.0000000000E+00     0.0000000000E+00     0.0000000000E+00
   -0.2042301540E+04     0.0000000000E+00     0.0000000000E+00     0.0000000000E+00     0.0000000000E+00
   -0.2040884922E+04     0.0000000000E+00     0.0000000000E+00     0.0000000000E+00     0.0000000000E+00
   -0.2039315885E+04     0.0000000000E+00     0.0000000000E+00     0.0000000000E+00     0.0000000000E+00
   -0.2037635069E+04     0.0000000000E+00     0.0000000000E+00     0.0000000000E+00     0.0000000000E+00
   -0.2035886005E+04     0.0000000000E+00     0.0000000000E+00     0.0000000000E+00     0.0000000000E+00
   -0.2034113995E+04     0.0000000000E+00     0.0000000000E+00     0.0000000000E+00     0.0000000000E+00
   -0.2032364931E+04     0.0000000000E+00     0.0000000000E+00     0.0000000000E+00     0.0000000000E+00
   -0.2030684115E+04     0.0000000000E+00     0.0000000000E+00     0.0000000000E+00     0.0000000000E+00
   -0.2029115078E+04     0.0000000000E+00     0.0000000000E+00     0.0000000000E+00     0.0000000000E+00
   -0.2027698460E+04     0.0000000000E+00     0.0000000000E+00     0.0000000000E+00     0.0000000000E+00
   -0.2026470949E+04     0.0000000000E+00     0.0000000000E+00     0.0000000000E+00     0.0000000000E+00
   -0.2025464342E+04     0.0000000000E+00     0.0000000000E+00     0.0000000000E+00     0.0000000000E+00
   -0.2024704721E+04     0.0000000000E+00     0.0000000000E+00     0.0000000000E+00     0.0000000000E+00
   -0.2024211819E+04     0.0000000000E+00     0.0000000000E+00     0.0000000000E+00     0.0000000000E+00
   -0.2024000000E+04     0.0000000000E+00     0.0000000000E+00     0.0000000000E+00     0.0000000000E+00
   -0.2023788181E+04     0.0000000000E+00     0.0000000000E+00     0.0000000000E+00     0.0000000000E+00
   -0.2023295279E+04     0.0000000000E+00     0.0000000000E+00     0.0000000000E+00     0.0000000000E+00
   -0.2022535658E+04     0.0000000000E+00     0.0000000000E+00     0.0000000000E+00     0.0000000000E+00
   -0.2021529051E+04     0.0000000000E+00     0.0000000000E+00     0.0000000000E+00     0.0000000000E+00
   -0.2020301540E+04     0.0000000000E+00     0.0000000000E+00     0.0000000000E+00     0.0000000000E+00
   -0.2018884922E+04     0.0000000000E+00     0.0000000000E+00     0.0000000000E+00     0.0000000000E+00
   -0.2017315885E+04     0.0000000000E+00     0.0000000000E+00     0.0000000000E+00     0.0000000000E+00
   -0.2015635069E+04     0.0000000000E+00     0.0000000000E+00     0.0000000000E+00     0.0000000000E+00
   -0.2013886005E+04     0.0000000000E+00     0.0000000000E+00     0.0000000000E+00     0.0000000000E+00
   -0.2012113995E+04     0.0000000000E+00     0.0000000000E+00     0.0000000000E+00     0.0000000000E+00
   -0.2010364931E+04     0.0000000000E+00     0.0000000000E+00     0.0000000000E+00     0.0000000000E+00
   -0.2008684115E+04     0.0000000000E+00     0.0000000000E+00     0.0000000000E+00     0.0000000000E+00
   -0.2007115078E+04     0.0000000000E+00     0.0000000000E+00     0.0000000000E+00     0.0000000000E+00
   -0.2005698460E+04     0.0000000000E+00     0.0000000000E+00     0.0000000000E+00     0.0000000000E+00
   -0.2004470949E+04     0.0000000000E+00     0.0000000000E+00     0.0000000000E+00     0.0000000000E+00
   -0.2003464342E+04     0.0000000000E+00     0.0000000000E+00     0.0000000000E+00     0.0000000000E+00
   -0.2002704721E+04     0.0000000000E+00     0.0000000000E+00     0.0000000000E+00     0.0000000000E+00
   -0.2002211819E+04     0.0000000000E+00     0.0000000000E+00     0.0000000000E+00     0.0000000000E+00
   -0.2002000000E+04     0.0000000000E+00     0.0000000000E+00     0.0000000000E+00     0.0000000000E+00
   -0.2001788181E+04     0.0000000000E+00     0.0000000000E+00     0.0000000000E+00     0.0000000000E+00
   -0.2001295279E+04     0.0000000000E+00     0.0000000000E+00     0.0000000000E+00     0.0000000000E+00
   -0.2000535658E+04     0.0000000000E+00     0.0000000000E+00     0.0000000000E+00     0.0000000000E+00
   -0.1999529051E+04     0.0000000000E+00     0.0000000000E+00     0.0000000000E+00     0.0000000000E+00
   -0.1998301540E+04     0.0000000000E+00     0.0000000000E+00     0.0000000000E+00     0.0000000000E+00
   -0.1996884922E+04     0.0000000000E+00     0.0000000000E+00     0.0000000000E+00     0.0000000000E+00
   -0.1995315885E+04     0.0000000000E+00     0.0000000000E+00     0.0000000000E+00     0.0000000000E+00
   -0.1993635069E+04     0.0000000000E+00     0.0000000000E+00     0.0000000000E+00     0.0000000000E+00
   -0.1991886005E+04     0.0000000000E+00     0.0000000000E+00     0.0000000000E+00     0.0000000000E+00
   -0.1990113995E+04     0.0000000000E+00     0.0000000000E+00     0.0000000000E+00     0.0000000000E+00
   -0.1988364931E+04     0.0000000000E+00     0.0000000000E+00     0.0000000000E+00     0.0000000000E+00
   -0.1986684115E+04     0.0000000000E+00     0.0000000000E+00     0.0000000000E+00     0.0000000000E+00
   -0.1985115078E+04     0.0000000000E+00     0.0000000000E+00     0.0000000000E+00     0.0000000000E+00
   -0.1983698460E+04     0.0000000000E+00     0.0000000000E+00     0.0000000000E+00     0.0000000000E+00
   -0.1982470949E+04     0.0000000000E+00     0.0000000000E+00     0.0000000000E+00     0.0000000000E+00
   -0.1981464342E+04     0.0000000000E+00     0.0000000000E+00     0.0000000000E+00     0.0000000000E+00
   -0.1980704721E+04     0.0000000000E+00     0.0000000000E+00     0.0000000000E+00     0.0000000000E+00
   -0.1980211819E+04     0.0000000000E+00     0.0000000000E+00     0.0000000000E+00     0.0000000000E+00
   -0.1980000000E+04     0.0000000000E+00     0.0000000000E+00     0.0000000000E+00     0.0000000000E+00
   -0.1979788181E+04     0.0000000000E+00     0.0000000000E+00     0.0000000000E+00     0.0000000000E+00
   -0.1979295279E+04     0.0000000000E+00     0.0000000000E+00     0.0000000000E+00     0.0000000000E+00
   -0.1978535658E+04     0.0000000000E+00     0.0000000000E+00     0.0000000000E+00     0.0000000000E+00
   -0.1977529051E+04     0.0000000000E+00     0.0000000000E+00     0.0000000000E+00     0.0000000000E+00
   -0.1976301540E+04     0.0000000000E+00     0.0000000000E+00     0.0000000000E+00     0.0000000000E+00
   -0.1974884922E+04     0.0000000000E+00     0.0000000000E+00     0.0000000000E+00     0.0000000000E+00
   -0.1973315885E+04     0.0000000000E+00     0.0000000000E+00     0.0000000000E+00     0.0000000000E+00
   -0.1971635069E+04     0.0000000000E+00     0.0000000000E+00     0.0000000000E+00     0.0000000000E+00
   -0.1969886005E+04     0.0000000000E+00     0.0000000000E+00     0.0000000000E+00     0.0000000000E+00
   -0.1968113995E+04     0.0000000000E+00     0.0000000000E+00     0.0000000000E+00     0.0000000000E+00
   -0.1966364931E+04     0.0000000000E+00     0.0000000000E+00     0.0000000000E+00     0.0000000000E+00
   -0.1964684115E+04     0.0000000000E+00     0.0000000000E+00     0.0000000000E+00     0.0000000000E+00
   -0.1963115078E+04     0.0000000000E+00     0.0000000000E+00     0.0000000000E+00     0.0000000000E+00
   -0.1961698460E+04     0.0000000000E+00     0.0000000000E+00     0.0000000000E+00     0.0000000000E+00
   -0.1960470949E+04     0.0000000000E+00     0.0000000000E+00     0.0000000000E+00     0.0000000000E+00
   -0.1959464342E+04     0.0000000000E+00     0.0000000000E+00     0.0000000000E+00     0.0000000000E+00
   -0.1958704721E+04     0.0000000000E+00     0.0000000000E+00     0.0000000000E+00     0.0000000000E+00
   -0.1958211819E+04     0.0000000000E+00     0.0000000000E+00     0.0000000000E+00     0.0000000000E+00
   -0.1958000000E+04     0.0000000000E+00     0.0000000000E+00     0.0000000000E+00     0.0000000000E+00
   -0.1957788181E+04     0.0000000000E+00     0.0000000000E+00     0.0000000000E+00     0.0000000000E+00
   -0.1957295279E+04     0.0000000000E+00     0.0000000000E+00     0.0000000000E+00     0.0000000000E+00
   -0.1956535658E+04     0.0000000000E+00     0.0000000000E+00     0.0000000000E+00     0.0000000000E+00
   -0.1955529051E+04     0.0000000000E+00     0.0000000000E+00     0.0000000000E+00     0.0000000000E+00
   -0.1954301540E+04     0.0000000000E+00     0.0000000000E+00     0.0000000000E+00     0.0000000000E+00
   -0.1952884922E+04     0.0000000000E+00     0.0000000000E+00     0.0000000000E+00     0.0000000000E+00
   -0.1951315885E+04     0.0000000000E+00     0.0000000000E+00     0.0000000000E+00     0.0000000000E+00
   -0.1949635069E+04     0.0000000000E+00     0.0000000000E+00     0.0000000000E+00     0.0000000000E+00
   -0.1947886005E+04     0.0000000000E+00     0.0000000000E+00     0.0000000000E+00     0.0000000000E+00
   -0.1946113995E+04     0.0000000000E+00     0.0000000000E+00     0.0000000000E+00     0.0000000000E+00
   -0.1944364931E+04     0.0000000000E+00     0.0000000000E+00     0.0000000000E+00     0.0000000000E+00
   -0.1942684115E+04     0.0000000000E+00     0.0000000000E+00     0.0000000000E+00     0.0000000000E+00
   -0.1941115078E+04     0.0000000000E+00     0.0000000000E+00     0.0000000000E+00     0.0000000000E+00
   -0.1939698460E+04     0.0000000000E+00     0.0000000000E+00     0.0000000000E+00     0.0000000000E+00
   -0.1938470949E+04     0.0000000000E+00     0.0000000000E+00     0.0000000000E+00     0.0000000000E+00
   -0.1937464342E+04     0.0000000000E+00     0.0000000000E+00     0.0000000000E+00     0.0000000000E+00
   -0.1936704721E+04     0.0000000000E+00     0.0000000000E+00     0.0000000000E+00     0.0000000000E+00
   -0.1936211819E+04     0.0000000000E+00     0.0000000000E+00     0.0000000000E+00     0.0000000000E+00
   -0.1936000000E+04     0.0000000000E+00     0.0000000000E+00     0.0000000000E+00     0.0000000000E+00
   -0.1935788181E+04     0.0000000000E+00     0.0000000000E+00     0.0000000000E+00     0.0000000000E+00
   -0.1935295279E+04     0.0000000000E+00     0.0000000000E+00     0.0000000000E+00     0.0000000000E+00
   -0.1934535658E+04     0.0000000000E+00     0.0000000000E+00     0.0000000000E+00     0.0000000000E+00
   -0.1933529051E+04     0.0000000000E+00     0.0000000000E+00     0.0000000000E+00     0.0000000000E+00
   -0.1932301540E+04     0.0000000000E+00     0.0000000000E+00     0.0000000000E+00     0.0000000000E+00
   -0.1930884922E+04     0.0000000000E+00     0.0000000000E+00     0.0000000000E+00     0.0000000000E+00
   -0.1929315885E+04     0.0000000000E+00     0.0000000000E+00     0.0000000000E+00     0.0000000000E+00
   -0.1927635069E+04     0.0000000000E+00     0.0000000000E+00     0.0000000000E+00     0.0000000000E+00
   -0.1925886005E+04     0.0000000000E+00     0.0000000000E+00     0.0000000000E+00     0.0000000000E+00
   -0.1924113995E+04     0.0000000000E+00     0.0000000000E+00     0.0000000000E+00     0.0000000000E+00
   -0.1922364931E+04     0.0000000000E+00     0.0000000000E+00     0.0000000000E+00     0.0000000000E+00
   -0.1920684115E+04     0.0000000000E+00     0.0000000000E+00     0.0000000000E+00     0.0000000000E+00
   -0.1919115078E+04     0.0000000000E+00     0.0000000000E+00     0.0000000000E+00     0.0000000000E+00
   -0.1917698460E+04     0.0000000000E+00     0.0000000000E+00     0.0000000000E+00     0.0000000000E+00
   -0.1916470949E+04     0.0000000000E+00     0.0000000000E+00     0.0000000000E+00     0.0000000000E+00
   -0.1915464342E+04     0.0000000000E+00     0.0000000000E+00     0.0000000000E+00     0.0000000000E+00
   -0.1914704721E+04     0.0000000000E+00     0.0000000000E+00     0.0000000000E+00     0.0000000000E+00
   -0.1914211819E+04     0.0000000000E+00     0.0000000000E+00     0.0000000000E+00     0.0000000000E+00
   -0.1914000000E+04     0.0000000000E+00     0.0000000000E+00     0.0000000000E+00     0.0000000000E+00
   -0.1913788181E+04     0.0000000000E+00     0.0000000000E+00     0.0000000000E+00     0.0000000000E+00
   -0.1913295279E+04     0.0000000000E+00     0.0000000000E+00     0.0000000000E+00     0.0000000000E+00
   -0.1912535658E+04     0.0000000000E+00     0.0000000000E+00     0.0000000000E+00     0.0000000000E+00
   -0.1911529051E+04     0.0000000000E+00     0.0000000000E+00     0.0000000000E+00     0.0000000000E+00
   -0.1910301540E+04     0.0000000000E+00     0.0000000000E+00     0.0000000000E+00     0.0000000000E+00
   -0.1908884922E+04     0.0000000000E+00     0.0000000000E+00     0.0000000000E+00     0.0000000000E+00
   -0.1907315885E+04     0.0000000000E+00     0.0000000000E+00     0.0000000000E+00     0.0000000000E+00
   -0.1905635069E+04     0.0000000000E+00     0.0000000000E+00     0.0000000000E+00     0.0000000000E+00
   -0.1903886005E+04     0.0000000000E+00     0.0000000000E+00     0.0000000000E+00     0.0000000000E+00
   -0.1902113995E+04     0.0000000000E+00     0.0000000000E+00     0.0000000000E+00     0.0000000000E+00
   -0.1900364931E+04     0.0000000000E+00     0.0000000000E+00     0.0000000000E+00     0.0000000000E+00
   -0.1898684115E+04     0.0000000000E+00     0.0000000000E+00     0.0000000000E+00     0.0000000000E+00
   -0.1897115078E+04     0.0000000000E+00     0.0000000000E+00     0.0000000000E+00     0.0000000000E+00
   -0.1895698460E+04     0.0000000000E+00     0.0000000000E+00     0.0000000000E+00     0.0000000000E+00
   -0.1894470949E+04     0.0000000000E+00     0.0000000000E+00     0.0000000000E+00     0.0000000000E+00
   -0.1893464342E+04     0.0000000000E+00     0.0000000000E+00     0.0000000000E+00     0.0000000000E+00
   -0.1892704721E+04     0.0000000000E+00     0.0000000000E+00     0.0000000000E+00     0.0000000000E+00
   -0.1892211819E+04     0.0000000000E+00     0.0000000000E+00     0.0000000000E+00     0.0000000000E+00
   -0.1892000000E+04     0.0000000000E+00     0.0000000000E+00     0.0000000000E+00     0.0000000000E+00
   -0.1891788181E+04     0.0000000000E+00     0.0000000000E+00     0.0000000000E+00     0.0000000000E+00
   -0.1891295279E+04     0.0000000000E+00     0.0000000000E+00     0.0000000000E+00     0.0000000000E+00
   -0.1890535658E+04     0.0000000000E+00     0.0000000000E+00     0.0000000000E+00     0.0000000000E+00
   -0.1889529051E+04     0.0000000000E+00     0.0000000000E+00     0.0000000000E+00     0.0000000000E+00
   -0.1888301540E+04     0.0000000000E+00     0.0000000000E+00     0.0000000000E+00     0.0000000000E+00
   -0.1886884922E+04     0.0000000000E+00     0.0000000000E+00     0.0000000000E+00     0.0000000000E+00
   -0.1885315885E+04     0.0000000000E+00     0.0000000000E+00     0.0000000000E+00     0.0000000000E+00
   -0.1883635069E+04     0.0000000000E+00     0.0000000000E+00     0.0000000000E+00     0.0000000000E+00
   -0.1881886005E+04     0.0000000000E+00     0.0000000000E+00     0.0000000000E+00     0.0000000000E+00
   -0.1880113995E+04     0.0000000000E+00     0.0000000000E+00     0.0000000000E+00     0.0000000000E+00
   -0.1878364931E+04     0.0000000000E+00     0.0000000000E+00     0.0000000000E+00     0.0000000000E+00
   -0.1876684115E+04     0.0000000000E+00     0.0000000000E+00     0.0000000000E+00     0.0000000000E+00
   -0.1875115078E+04     0.0000000000E+00     0.0000000000E+00     0.0000000000E+00     0.0000000000E+00
   -0.1873698460E+04     0.0000000000E+00     0.0000000000E+00     0.0000000000E+00     0.0000000000E+00
   -0.1872470949E+04     0.0000000000E+00     0.0000000000E+00     0.0000000000E+00     0.0000000000E+00
   -0.1871464342E+04     0.0000000000E+00     0.0000000000E+00     0.0000000000E+00     0.0000000000E+00
   -0.1870704721E+04     0.0000000000E+00     0.0000000000E+00     0.0000000000E+00     0.0000000000E+00
   -0.1870211819E+04     0.0000000000E+00     0.0000000000E+00     0.0000000000E+00     0.0000000000E+00
   -0.1870000000E+04     0.0000000000E+00     0.0000000000E+00     0.0000000000E+00     0.0000000000E+00
   -0.1869788181E+04     0.0000000000E+00     0.0000000000E+00     0.0000000000E+00     0.0000000000E+00
   -0.1869295279E+04     0.0000000000E+00     0.0000000000E+00     0.0000000000E+00     0.0000000000E+00
   -0.1868535658E+04     0.0000000000E+00     0.0000000000E+00     0.0000000000E+00     0.0000000000E+00
   -0.1867529051E+04     0.0000000000E+00     0.0000000000E+00     0.0000000000E+00     0.0000000000E+00
   -0.1866301540E+04     0.0000000000E+00     0.0000000000E+00     0.0000000000E+00     0.0000000000E+00
   -0.1864884922E+04     0.0000000000E+00     0.0000000000E+00     0.0000000000E+00     0.0000000000E+00
   -0.1863315885E+04     0.0000000000E+00     0.0000000000E+00     0.0000000000E+00     0.0000000000E+00
   -0.1861635069E+04     0.0000000000E+00     0.0000000000E+00     0.0000000000E+00     0.0000000000E+00
   -0.1859886005E+04     0.0000000000E+00     0.0000000000E+00     0.0000000000E+00     0.0000000000E+00
   -0.1858113995E+04     0.0000000000E+00     0.0000000000E+00     0.0000000000E+00     0.0000000000E+00
   -0.1856364931E+04     0.0000000000E+00     0.0000000000E+00     0.0000000000E+00     0.0000000000E+00
   -0.1854684115E+04     0.0000000000E+00     0.0000000000E+00     0.0000000000E+00     0.0000000000E+00
   -0.1853115078E+04     0.0000000000E+00     0.0000000000E+00     0.0000000000E+00     0.0000000000E+00
   -0.1851698460E+04     0.0000000000E+00     0.0000000000E+00     0.0000000000E+00     0.0000000000E+00
   -0.1850470949E+04     0.0000000000E+00     0.0000000000E+00     0.0000000000E+00     0.0000000000E+00
   -0.1849464342E+04     0.0000000000E+00     0.0000000000E+00     0.0000000000E+00     0.0000000000E+00
   -0.1848704721E+04     0.0000000000E+00     0.0000000000E+00     0.0000000000E+00     0.0000000000E+00
   -0.1848211819E+04     0.0000000000E+00     0.0000000000E+00     0.0000000000E+00     0.0000000000E+00
   -0.1848000000E+04     0.0000000000E+00     0.0000000000E+00     0.0000000000E+00     0.0000000000E+00
   -0.1847788181E+04     0.0000000000E+00     0.0000000000E+00     0.0000000000E+00     0.0000000000E+00
   -0.1847295279E+04     0.0000000000E+00     0.0000000000E+00     0.0000000000E+00     0.0000000000E+00
   -0.1846535658E+04     0.0000000000E+00     0.0000000000E+00     0.0000000000E+00     0.0000000000E+00
   -0.1845529051E+04     0.0000000000E+00     0.0000000000E+00     0.0000000000E+00     0.0000000000E+00
   -0.1844301540E+04     0.0000000000E+00     0.0000000000E+00     0.0000000000E+00     0.0000000000E+00
   -0.1842884922E+04     0.0000000000E+00     0.0000000000E+00     0.0000000000E+00     0.0000000000E+00
   -0.1841315885E+04     0.0000000000E+00     0.0000000000E+00     0.0000000000E+00     0.0000000000E+00
   -0.1839635069E+04     0.0000000000E+00     0.0000000000E+00     0.0000000000E+00     0.0000000000E+00
   -0.1837886005E+04     0.0000000000E+00     0.0000000000E+00     0.0000000000E+00     0.0000000000E+00
   -0.1836113995E+04     0.0000000000E+00     0.0000000000E+00     0.0000000000E+00     0.0000000000E+00
   -0.1834364931E+04     0.0000000000E+00     0.0000000000E+00     0.0000000000E+00     0.0000000000E+00
   -0.1832684115E+04     0.0000000000E+00     0.0000000000E+00     0.0000000000E+00     0.0000000000E+00
   -0.1831115078E+04     0.0000000000E+00     0.0000000000E+00     0.0000000000E+00     0.0000000000E+00
   -0.1829698460E+04     0.0000000000E+00     0.0000000000E+00     0.0000000000E+00     0.0000000000E+00
   -0.1828470949E+04     0.0000000000E+00     0.0000000000E+00     0.0000000000E+00     0.0000000000E+00
   -0.1827464342E+04     0.0000000000E+00     0.0000000000E+00     0.0000000000E+00     0.0000000000E+00
   -0.1826704721E+04     0.0000000000E+00     0.0000000000E+00     0.0000000000E+00     0.0000000000E+00
   -0.1826211819E+04     0.0000000000E+00     0.0000000000E+00     0.0000000000E+00     0.0000000000E+00
   -0.1826000000E+04     0.0000000000E+00     0.0000000000E+00     0.0000000000E+00     0.0000000000E+00
   -0.1825788181E+04     0.0000000000E+00     0.0000000000E+00     0.0000000000E+00     0.0000000000E+00
   -0.1825295279E+04     0.0000000000E+00     0.0000000000E+00     0.0000000000E+00     0.0000000000E+00
   -0.1824535658E+04     0.0000000000E+00     0.0000000000E+00     0.0000000000E+00     0.0000000000E+00
   -0.1823529051E+04     0.0000000000E+00     0.0000000000E+00     0.0000000000E+00     0.0000000000E+00
   -0.1822301540E+04     0.0000000000E+00     0.0000000000E+00     0.0000000000E+00     0.0000000000E+00
   -0.1820884922E+04     0.0000000000E+00     0.0000000000E+00     0.0000000000E+00     0.0000000000E+00
   -0.1819315885E+04     0.0000000000E+00     0.0000000000E+00     0.0000000000E+00     0.0000000000E+00
   -0.1817635069E+04     0.0000000000E+00     0.0000000000E+00     0.0000000000E+00     0.0000000000E+00
   -0.1815886005E+04     0.0000000000E+00     0.0000000000E+00     0.0000000000E+00     0.0000000000E+00
   -0.1814113995E+04     0.0000000000E+00     0.0000000000E+00     0.0000000000E+00     0.0000000000E+00
   -0.1812364931E+04     0.0000000000E+00     0.0000000000E+00     0.0000000000E+00     0.0000000000E+00
   -0.1810684115E+04     0.0000000000E+00     0.0000000000E+00     0.0000000000E+00     0.0000000000E+00
   -0.1809115078E+04     0.0000000000E+00     0.0000000000E+00     0.0000000000E+00     0.0000000000E+00
   -0.1807698460E+04     0.0000000000E+00     0.0000000000E+00     0.0000000000E+00     0.0000000000E+00
   -0.1806470949E+04     0.0000000000E+00     0.0000000000E+00     0.0000000000E+00     0.0000000000E+00
   -0.1805464342E+04     0.0000000000E+00     0.0000000000E+00     0.0000000000E+00     0.0000000000E+00
   -0.1804704721E+04     0.0000000000E+00     0.0000000000E+00     0.0000000000E+00     0.0000000000E+00
   -0.1804211819E+04     0.0000000000E+00     0.0000000000E+00     0.0000000000E+00     0.0000000000E+00
   -0.1804000000E+04     0.0000000000E+00     0.0000000000E+00     0.0000000000E+00     0.0000000000E+00
   -0.1803788181E+04     0.0000000000E+00     0.0000000000E+00     0.0000000000E+00     0.0000000000E+00
   -0.1803295279E+04     0.0000000000E+00     0.0000000000E+00     0.0000000000E+00     0.0000000000E+00
   -0.1802535658E+04     0.0000000000E+00     0.0000000000E+00     0.0000000000E+00     0.0000000000E+00
   -0.1801529051E+04     0.0000000000E+00     0.0000000000E+00     0.0000000000E+00     0.0000000000E+00
   -0.1800301540E+04     0.0000000000E+00     0.0000000000E+00     0.0000000000E+00     0.0000000000E+00
   -0.1798884922E+04     0.0000000000E+00     0.0000000000E+00     0.0000000000E+00     0.0000000000E+00
   -0.1797315885E+04     0.0000000000E+00     0.0000000000E+00     0.0000000000E+00     0.0000000000E+00
   -0.1795635069E+04     0.0000000000E+00     0.0000000000E+00     0.0000000000E+00     0.0000000000E+00
   -0.1793886005E+04     0.0000000000E+00     0.0000000000E+00     0.0000000000E+00     0.0000000000E+00
   -0.1792113995E+04     0.0000000000E+00     0.0000000000E+00     0.0000000000E+00     0.0000000000E+00
   -0.1790364931E+04     0.0000000000E+00     0.0000000000E+00     0.0000000000E+00     0.0000000000E+00
   -0.1788684115E+04     0.0000000000E+00     0.0000000000E+00     0.0000000000E+00     0.0000000000E+00
   -0.1787115078E+04     0.0000000000E+00     0.0000000000E+00     0.0000000000E+00     0.0000000000E+00
   -0.1785698460E+04     0.0000000000E+00     0.0000000000E+00     0.0000000000E+00     0.0000000000E+00
   -0.1784470949E+04     0.0000000000E+00     0.0000000000E+00     0.0000000000E+00     0.0000000000E+00
   -0.1783464342E+04     0.0000000000E+00     0.0000000000E+00     0.0000000000E+00     0.0000000000E+00
   -0.1782704721E+04     0.0000000000E+00     0.0000000000E+00     0.0000000000E+00     0.0000000000E+00
   -0.1782211819E+04     0.0000000000E+00     0.0000000000E+00     0.0000000000E+00     0.0000000000E+00
   -0.1782000000E+04     0.0000000000E+00     0.0000000000E+00     0.0000000000E+00     0.0000000000E+00
   -0.1781788181E+04     0.0000000000E+00     0.0000000000E+00     0.0000000000E+00     0.0000000000E+00
   -0.1781295279E+04     0.0000000000E+00     0.0000000000E+00     0.0000000000E+00     0.0000000000E+00
   -0.1780535658E+04     0.0000000000E+00     0.0000000000E+00     0.0000000000E+00     0.0000000000E+00
   -0.1779529051E+04     0.0000000000E+00     0.0000000000E+00     0.0000000000E+00     0.0000000000E+00
   -0.1778301540E+04     0.0000000000E+00     0.0000000000E+00     0.0000000000E+00     0.0000000000E+00
   -0.1776884922E+04     0.0000000000E+00     0.0000000000E+00     0.0000000000E+00     0.0000000000E+00
   -0.1775315885E+04     0.0000000000E+00     0.0000000000E+00     0.0000000000E+00     0.0000000000E+00
   -0.1773635069E+04     0.0000000000E+00     0.0000000000E+00     0.0000000000E+00     0.0000000000E+00
   -0.1771886005E+04     0.0000000000E+00     0.0000000000E+00     0.0000000000E+00     0.0000000000E+00
   -0.1770113995E+04     0.0000000000E+00     0.0000000000E+00     0.0000000000E+00     0.0000000000E+00
   -0.1768364931E+04     0.0000000000E+00     0.0000000000E+00     0.0000000000E+00     0.0000000000E+00
   -0.1766684115E+04     0.0000000000E+00     0.0000000000E+00     0.0000000000E+00     0.0000000000E+00
   -0.1765115078E+04     0.0000000000E+00     0.0000000000E+00     0.0000000000E+00     0.0000000000E+00
   -0.1763698460E+04     0.0000000000E+00     0.0000000000E+00     0.0000000000E+00     0.0000000000E+00
   -0.1762470949E+04     0.0000000000E+00     0.0000000000E+00     0.0000000000E+00     0.0000000000E+00
   -0.1761464342E+04     0.0000000000E+00     0.0000000000E+00     0.0000000000E+00     0.0000000000E+00
   -0.1760704721E+04     0.0000000000E+00     0.0000000000E+00     0.0000000000E+00     0.0000000000E+00
   -0.1760211819E+04     0.0000000000E+00     0.0000000000E+00     0.0000000000E+00     0.0000000000E+00
   -0.1760000000E+04     0.0000000000E+00     0.0000000000E+00     0.0000000000E+00     0.0000000000E+00
   -0.1759788181E+04     0.0000000000E+00     0.0000000000E+00     0.0000000000E+00     0.0000000000E+00
   -0.1759295279E+04     0.0000000000E+00     0.0000000000E+00     0.0000000000E+00     0.0000000000E+00
   -0.1758535658E+04     0.0000000000E+00     0.0000000000E+00     0.0000000000E+00     0.0000000000E+00
   -0.1757529051E+04     0.0000000000E+00     0.0000000000E+00     0.0000000000E+00     0.0000000000E+00
   -0.1756301540E+04     0.0000000000E+00     0.0000000000E+00     0.0000000000E+00     0.0000000000E+00
   -0.1754884922E+04     0.0000000000E+00     0.0000000000E+00     0.0000000000E+00     0.0000000000E+00
   -0.1753315885E+04     0.0000000000E+00     0.0000000000E+00     0.0000000000E+00     0.0000000000E+00
   -0.1751635069E+04     0.0000000000E+00     0.0000000000E+00     0.0000000000E+00     0.0000000000E+00
   -0.1749886005E+04     0.0000000000E+00     0.0000000000E+00     0.0000000000E+00     0.0000000000E+00
   -0.1748113995E+04     0.0000000000E+00     0.0000000000E+00     0.0000000000E+00     0.0000000000E+00
   -0.1746364931E+04     0.0000000000E+00     0.0000000000E+00     0.0000000000E+00     0.0000000000E+00
   -0.1744684115E+04     0.0000000000E+00     0.0000000000E+00     0.0000000000E+00     0.0000000000E+00
   -0.1743115078E+04     0.0000000000E+00     0.0000000000E+00     0.0000000000E+00     0.0000000000E+00
   -0.1741698460E+04     0.0000000000E+00     0.0000000000E+00     0.0000000000E+00     0.0000000000E+00
   -0.1740470949E+04     0.0000000000E+00     0.0000000000E+00     0.0000000000E+00     0.0000000000E+00
   -0.1739464342E+04     0.0000000000E+00     0.0000000000E+00     0.0000000000E+00     0.0000000000E+00
   -0.1738704721E+04     0.0000000000E+00     0.0000000000E+00     0.0000000000E+00     0.0000000000E+00
   -0.1738211819E+04     0.0000000000E+00     0.0000000000E+00     0.0000000000E+00     0.0000000000E+00
   -0.1738000000E+04     0.0000000000E+00     0.0000000000E+00     0.0000000000E+00     0.0000000000E+00
   -0.1737788181E+04     0.0000000000E+00     0.0000000000E+00     0.0000000000E+00     0.0000000000E+00
   -0.1737295279E+04     0.0000000000E+00     0.0000000000E+00     0.0000000000E+00     0.0000000000E+00
   -0.1736535658E+04     0.0000000000E+00     0.0000000000E+00     0.0000000000E+00     0.0000000000E+00
   -0.1735529051E+04     0.0000000000E+00     0.0000000000E+00     0.0000000000E+00     0.0000000000E+00
   -0.1734301540E+04     0.0000000000E+00     0.0000000000E+00     0.0000000000E+00     0.0000000000E+00
   -0.1732884922E+04     0.0000000000E+00     0.0000000000E+00     0.0000000000E+00     0.0000000000E+00
   -0.1731315885E+04     0.0000000000E+00     0.0000000000E+00     0.0000000000E+00     0.0000000000E+00
   -0.1729635069E+04     0.0000000000E+00     0.0000000000E+00     0.0000000000E+00     0.0000000000E+00
   -0.1727886005E+04     0.0000000000E+00     0.0000000000E+00     0.0000000000E+00     0.0000000000E+00
   -0.1726113995E+04     0.0000000000E+00     0.0000000000E+00     0.0000000000E+00     0.0000000000E+00
   -0.1724364931E+04     0.0000000000E+00     0.0000000000E+00     0.0000000000E+00     0.0000000000E+00
   -0.1722684115E+04     0.0000000000E+00     0.0000000000E+00     0.0000000000E+00     0.0000000000E+00
   -0.1721115078E+04     0.0000000000E+00     0.0000000000E+00     0.0000000000E+00     0.0000000000E+00
   -0.1719698460E+04     0.0000000000E+00     0.0000000000E+00     0.0000000000E+00     0.0000000000E+00
   -0.1718470949E+04     0.0000000000E+00     0.0000000000E+00     0.0000000000E+00     0.0000000000E+00
   -0.1717464342E+04     0.0000000000E+00     0.0000000000E+00     0.0000000000E+00     0.0000000000E+00
   -0.1716704721E+04     0.0000000000E+00     0.0000000000E+00     0.0000000000E+00     0.0000000000E+00
   -0.1716211819E+04     0.0000000000E+00     0.0000000000E+00     0.0000000000E+00     0.0000000000E+00
   -0.1716000000E+04     0.0000000000E+00     0.0000000000E+00     0.0000000000E+00     0.0000000000E+00
   -0.1715788181E+04     0.0000000000E+00     0.0000000000E+00     0.0000000000E+00     0.0000000000E+00
   -0.1715295279E+04     0.0000000000E+00     0.0000000000E+00     0.0000000000E+00     0.0000000000E+00
   -0.1714535658E+04     0.0000000000E+00     0.0000000000E+00     0.0000000000E+00     0.0000000000E+00
   -0.1713529051E+04     0.0000000000E+00     0.0000000000E+00     0.0000000000E+00     0.0000000000E+00
   -0.1712301540E+04     0.0000000000E+00     0.0000000000E+00     0.0000000000E+00     0.0000000000E+00
   -0.1710884922E+04     0.0000000000E+00     0.0000000000E+00     0.0000000000E+00     0.0000000000E+00
   -0.1709315885E+04     0.0000000000E+00     0.0000000000E+00     0.0000000000E+00     0.0000000000E+00
   -0.1707635069E+04     0.0000000000E+00     0.0000000000E+00     0.0000000000E+00     0.0000000000E+00
   -0.1705886005E+04     0.0000000000E+00     0.0000000000E+00     0.0000000000E+00     0.0000000000E+00
   -0.1704113995E+04     0.0000000000E+00     0.0000000000E+00     0.0000000000E+00     0.0000000000E+00
   -0.1702364931E+04     0.0000000000E+00     0.0000000000E+00     0.0000000000E+00     0.0000000000E+00
   -0.1700684115E+04     0.0000000000E+00     0.0000000000E+00     0.0000000000E+00     0.0000000000E+00
   -0.1699115078E+04     0.0000000000E+00     0.0000000000E+00     0.0000000000E+00     0.0000000000E+00
   -0.1697698460E+04     0.0000000000E+00     0.0000000000E+00     0.0000000000E+00     0.0000000000E+00
   -0.1696470949E+04     0.0000000000E+00     0.0000000000E+00     0.0000000000E+00     0.0000000000E+00
   -0.1695464342E+04     0.0000000000E+00     0.0000000000E+00     0.0000000000E+00     0.0000000000E+00
   -0.1694704721E+04     0.0000000000E+00     0.0000000000E+00     0.0000000000E+00     0.0000000000E+00
   -0.1694211819E+04     0.0000000000E+00     0.0000000000E+00     0.0000000000E+00     0.0000000000E+00
   -0.1694000000E+04     0.0000000000E+00     0.0000000000E+00     0.0000000000E+00     0.0000000000E+00
   -0.1693788181E+04     0.0000000000E+00     0.0000000000E+00     0.0000000000E+00     0.0000000000E+00
   -0.1693295279E+04     0.0000000000E+00     0.0000000000E+00     0.0000000000E+00     0.0000000000E+00
   -0.1692535658E+04     0.0000000000E+00     0.0000000000E+00     0.0000000000E+00     0.0000000000E+00
   -0.1691529051E+04     0.0000000000E+00     0.0000000000E+00     0.0000000000E+00     0.0000000000E+00
   -0.1690301540E+04     0.0000000000E+00     0.0000000000E+00     0.0000000000E+00     0.0000000000E+00
   -0.1688884922E+04     0.0000000000E+00     0.0000000000E+00     0.0000000000E+00     0.0000000000E+00
   -0.1687315885E+04     0.0000000000E+00     0.0000000000E+00     0.0000000000E+00     0.0000000000E+00
   -0.1685635069E+04     0.0000000000E+00     0.0000000000E+00     0.0000000000E+00     0.0000000000E+00
   -0.1683886005E+04     0.0000000000E+00     0.0000000000E+00     0.0000000000E+00     0.0000000000E+00
   -0.1682113995E+04     0.0000000000E+00     0.0000000000E+00     0.0000000000E+00     0.0000000000E+00
   -0.1680364931E+04     0.0000000000E+00     0.0000000000E+00     0.0000000000E+00     0.0000000000E+00
   -0.1678684115E+04     0.0000000000E+00     0.0000000000E+00     0.0000000000E+00     0.0000000000E+00
   -0.1677115078E+04     0.0000000000E+00     0.0000000000E+00     0.0000000000E+00     0.0000000000E+00
   -0.1675698460E+04     0.0000000000E+00     0.0000000000E+00     0.0000000000E+00     0.0000000000E+00
   -0.1674470949E+04     0.0000000000E+00     0.0000000000E+00     0.0000000000E+00     0.0000000000E+00
   -0.1673464342E+04     0.0000000000E+00     0.0000000000E+00     0.0000000000E+00     0.0000000000E+00
   -0.1672704721E+04     0.0000000000E+00     0.0000000000E+00     0.0000000000E+00     0.0000000000E+00
   -0.1672211819E+04     0.0000000000E+00     0.0000000000E+00     0.0000000000E+00     0.0000000000E+00
   -0.1672000000E+04     0.0000000000E+00     0.0000000000E+00     0.0000000000E+00     0.0000000000E+00
   -0.1671788181E+04     0.0000000000E+00     0.0000000000E+00     0.0000000000E+00     0.0000000000E+00
   -0.1671295279E+04     0.0000000000E+00     0.0000000000E+00     0.0000000000E+00     0.0000000000E+00
   -0.1670535658E+04     0.0000000000E+00     0.0000000000E+00     0.0000000000E+00     0.0000000000E+00
   -0.1669529051E+04     0.0000000000E+00     0.0000000000E+00     0.0000000000E+00     0.0000000000E+00
   -0.1668301540E+04     0.0000000000E+00     0.0000000000E+00     0.0000000000E+00     0.0000000000E+00
   -0.1666884922E+04     0.0000000000E+00     0.0000000000E+00     0.0000000000E+00     0.0000000000E+00
   -0.1665315885E+04     0.0000000000E+00     0.0000000000E+00     0.0000000000E+00     0.0000000000E+00
   -0.1663635069E+04     0.0000000000E+00     0.0000000000E+00     0.0000000000E+00     0.0000000000E+00
   -0.1661886005E+04     0.0000000000E+00     0.0000000000E+00     0.0000000000E+00     0.0000000000E+00
   -0.1660113995E+04     0.0000000000E+00     0.0000000000E+00     0.0000000000E+00     0.0000000000E+00
   -0.1658364931E+04     0.0000000000E+00     0.0000000000E+00     0.0000000000E+00     0.0000000000E+00
   -0.1656684115E+04     0.0000000000E+00     0.0000000000E+00     0.0000000000E+00     0.0000000000E+00
   -0.1655115078E+04     0.0000000000E+00     0.0000000000E+00     0.0000000000E+00     0.0000000000E+00
   -0.1653698460E+04     0.0000000000E+00     0.0000000000E+00     0.0000000000E+00     0.0000000000E+00
   -0.1652470949E+04     0.0000000000E+00     0.0000000000E+00     0.0000000000E+00     0.0000000000E+00
   -0.1651464342E+04     0.0000000000E+00     0.0000000000E+00     0.0000000000E+00     0.0000000000E+00
   -0.1650704721E+04     0.0000000000E+00     0.0000000000E+00     0.0000000000E+00     0.0000000000E+00
   -0.1650211819E+04     0.0000000000E+00     0.0000000000E+00     0.0000000000E+00     0.0000000000E+00
   -0.1650000000E+04     0.0000000000E+00     0.0000000000E+00     0.0000000000E+00     0.0000000000E+00
   -0.1649788181E+04     0.0000000000E+00     0.0000000000E+00     0.0000000000E+00     0.0000000000E+00
   -0.1649295279E+04     0.0000000000E+00     0.0000000000E+00     0.0000000000E+00     0.0000000000E+00
   -0.1648535658E+04     0.0000000000E+00     0.0000000000E+00     0.0000000000E+00     0.0000000000E+00
   -0.1647529051E+04     0.0000000000E+00     0.0000000000E+00     0.0000000000E+00     0.0000000000E+00
   -0.1646301540E+04     0.0000000000E+00     0.0000000000E+00     0.0000000000E+00     0.0000000000E+00
   -0.1644884922E+04     0.0000000000E+00     0.0000000000E+00     0.0000000000E+00     0.0000000000E+00
   -0.1643315885E+04     0.0000000000E+00     0.0000000000E+00     0.0000000000E+00     0.0000000000E+00
   -0.1641635069E+04     0.0000000000E+00     0.0000000000E+00     0.0000000000E+00     0.0000000000E+00
   -0.1639886005E+04     0.0000000000E+00     0.0000000000E+00     0.0000000000E+00     0.0000000000E+00
   -0.1638113995E+04     0.0000000000E+00     0.0000000000E+00     0.0000000000E+00     0.0000000000E+00
   -0.1636364931E+04     0.0000000000E+00     0.0000000000E+00     0.0000000000E+00     0.0000000000E+00
   -0.1634684115E+04     0.0000000000E+00     0.0000000000E+00     0.0000000000E+00     0.0000000000E+00
   -0.1633115078E+04     0.0000000000E+00     0.0000000000E+00     0.0000000000E+00     0.0000000000E+00
   -0.1631698460E+04     0.0000000000E+00     0.0000000000E+00     0.0000000000E+00     0.0000000000E+00
   -0.1630470949E+04     0.0000000000E+00     0.0000000000E+00     0.0000000000E+00     0.0000000000E+00
   -0.1629464342E+04     0.0000000000E+00     0.0000000000E+00     0.0000000000E+00     0.0000000000E+00
   -0.1628704721E+04     0.0000000000E+00     0.0000000000E+00     0.0000000000E+00     0.0000000000E+00
   -0.1628211819E+04     0.0000000000E+00     0.0000000000E+00     0.0000000000E+00     0.0000000000E+00
   -0.1628000000E+04     0.0000000000E+00     0.0000000000E+00     0.0000000000E+00     0.0000000000E+00
   -0.1627788181E+04     0.0000000000E+00     0.0000000000E+00     0.0000000000E+00     0.0000000000E+00
   -0.1627295279E+04     0.0000000000E+00     0.0000000000E+00     0.0000000000E+00     0.0000000000E+00
   -0.1626535658E+04     0.0000000000E+00     0.0000000000E+00     0.0000000000E+00     0.0000000000E+00
   -0.1625529051E+04     0.0000000000E+00     0.0000000000E+00     0.0000000000E+00     0.0000000000E+00
   -0.1624301540E+04     0.0000000000E+00     0.0000000000E+00     0.0000000000E+00     0.0000000000E+00
   -0.1622884922E+04     0.0000000000E+00     0.0000000000E+00     0.0000000000E+00     0.0000000000E+00
   -0.1621315885E+04     0.0000000000E+00     0.0000000000E+00     0.0000000000E+00     0.0000000000E+00
   -0.1619635069E+04     0.0000000000E+00     0.0000000000E+00     0.0000000000E+00     0.0000000000E+00
   -0.1617886005E+04     0.0000000000E+00     0.0000000000E+00     0.0000000000E+00     0.0000000000E+00
   -0.1616113995E+04     0.0000000000E+00     0.0000000000E+00     0.0000000000E+00     0.0000000000E+00
   -0.1614364931E+04     0.0000000000E+00     0.0000000000E+00     0.0000000000E+00     0.0000000000E+00
   -0.1612684115E+04     0.0000000000E+00     0.0000000000E+00     0.0000000000E+00     0.0000000000E+00
   -0.1611115078E+04     0.0000000000E+00     0.0000000000E+00     0.0000000000E+00     0.0000000000E+00
   -0.1609698460E+04     0.0000000000E+00     0.0000000000E+00     0.0000000000E+00     0.0000000000E+00
   -0.1608470949E+04     0.0000000000E+00     0.0000000000E+00     0.0000000000E+00     0.0000000000E+00
   -0.1607464342E+04     0.0000000000E+00     0.0000000000E+00     0.0000000000E+00     0.0000000000E+00
   -0.1606704721E+04     0.0000000000E+00     0.0000000000E+00     0.0000000000E+00     0.0000000000E+00
   -0.1606211819E+04     0.0000000000E+00     0.0000000000E+00     0.0000000000E+00     0.0000000000E+00
   -0.1606000000E+04     0.0000000000E+00     0.0000000000E+00     0.0000000000E+00     0.0000000000E+00
   -0.1605788181E+04     0.0000000000E+00     0.0000000000E+00     0.0000000000E+00     0.0000000000E+00
   -0.1605295279E+04     0.0000000000E+00     0.0000000000E+00     0.0000000000E+00     0.0000000000E+00
   -0.1604535658E+04     0.0000000000E+00     0.0000000000E+00     0.0000000000E+00     0.0000000000E+00
   -0.1603529051E+04     0.0000000000E+00     0.0000000000E+00     0.0000000000E+00     0.0000000000E+00
   -0.1602301540E+04     0.0000000000E+00     0.0000000000E+00     0.0000000000E+00     0.0000000000E+00
   -0.1600884922E+04     0.0000000000E+00     0.0000000000E+00     0.0000000000E+00     0.0000000000E+00
   -0.1599315885E+04     0.0000000000E+00     0.0000000000E+00     0.0000000000E+00     0.0000000000E+00
   -0.1597635069E+04     0.0000000000E+00     0.0000000000E+00     0.0000000000E+00     0.0000000000E+00
   -0.1595886005E+04     0.0000000000E+00     0.0000000000E+00     0.0000000000E+00     0.0000000000E+00
   -0.1594113995E+04     0.0000000000E+00     0.0000000000E+00     0.0000000000E+00     0.0000000000E+00
   -0.1592364931E+04     0.0000000000E+00     0.0000000000E+00     0.0000000000E+00     0.0000000000E+00
   -0.1590684115E+04     0.0000000000E+00     0.0000000000E+00     0.0000000000E+00     0.0000000000E+00
   -0.1589115078E+04     0.0000000000E+00     0.0000000000E+00     0.0000000000E+00     0.0000000000E+00
   -0.1587698460E+04     0.0000000000E+00     0.0000000000E+00     0.0000000000E+00     0.0000000000E+00
   -0.1586470949E+04     0.0000000000E+00     0.0000000000E+00     0.0000000000E+00     0.0000000000E+00
   -0.1585464342E+04     0.0000000000E+00     0.0000000000E+00     0.0000000000E+00     0.0000000000E+00
   -0.1584704721E+04     0.0000000000E+00     0.0000000000E+00     0.0000000000E+00     0.0000000000E+00
   -0.1584211819E+04     0.0000000000E+00     0.0000000000E+00     0.0000000000E+00     0.0000000000E+00
   -0.1584000000E+04     0.0000000000E+00     0.0000000000E+00     0.0000000000E+00     0.0000000000E+00
   -0.1583788181E+04     0.0000000000E+00     0.0000000000E+00     0.0000000000E+00     0.0000000000E+00
   -0.1583295279E+04     0.0000000000E+00     0.0000000000E+00     0.0000000000E+00     0.0000000000E+00
   -0.1582535658E+04     0.0000000000E+00     0.0000000000E+00     0.0000000000E+00     0.0000000000E+00
   -0.1581529051E+04     0.0000000000E+00     0.0000000000E+00     0.0000000000E+00     0.0000000000E+00
   -0.1580301540E+04     0.0000000000E+00     0.0000000000E+00     0.0000000000E+00     0.0000000000E+00
   -0.1578884922E+04     0.0000000000E+00     0.0000000000E+00     0.0000000000E+00     0.0000000000E+00
   -0.1577315885E+04     0.0000000000E+00     0.0000000000E+00     0.0000000000E+00     0.0000000000E+00
   -0.1575635069E+04     0.0000000000E+00     0.0000000000E+00     0.0000000000E+00     0.0000000000E+00
   -0.1573886005E+04     0.0000000000E+00     0.0000000000E+00     0.0000000000E+00     0.0000000000E+00
   -0.1572113995E+04     0.0000000000E+00     0.0000000000E+00     0.0000000000E+00     0.0000000000E+00
   -0.1570364931E+04     0.0000000000E+00     0.0000000000E+00     0.0000000000E+00     0.0000000000E+00
   -0.1568684115E+04     0.0000000000E+00     0.0000000000E+00     0.0000000000E+00     0.0000000000E+00
   -0.1567115078E+04     0.0000000000E+00     0.0000000000E+00     0.0000000000E+00     0.0000000000E+00
   -0.1565698460E+04     0.0000000000E+00     0.0000000000E+00     0.0000000000E+00     0.0000000000E+00
   -0.1564470949E+04     0.0000000000E+00     0.0000000000E+00     0.0000000000E+00     0.0000000000E+00
   -0.1563464342E+04     0.0000000000E+00     0.0000000000E+00     0.0000000000E+00     0.0000000000E+00
   -0.1562704721E+04     0.0000000000E+00     0.0000000000E+00     0.0000000000E+00     0.0000000000E+00
   -0.1562211819E+04     0.0000000000E+00     0.0000000000E+00     0.0000000000E+00     0.0000000000E+00
   -0.1562000000E+04     0.0000000000E+00     0.0000000000E+00     0.0000000000E+00     0.0000000000E+00
   -0.1561788181E+04     0.0000000000E+00     0.0000000000E+00     0.0000000000E+00     0.0000000000E+00
   -0.1561295279E+04     0.0000000000E+00     0.0000000000E+00     0.0000000000E+00     0.0000000000E+00
   -0.1560535658E+04     0.0000000000E+00     0.0000000000E+00     0.0000000000E+00     0.0000000000E+00
   -0.1559529051E+04     0.0000000000E+00     0.0000000000E+00     0.0000000000E+00     0.0000000000E+00
   -0.1558301540E+04     0.0000000000E+00     0.0000000000E+00     0.0000000000E+00     0.0000000000E+00
   -0.1556884922E+04     0.0000000000E+00     0.0000000000E+00     0.0000000000E+00     0.0000000000E+00
   -0.1555315885E+04     0.0000000000E+00     0.0000000000E+00     0.0000000000E+00     0.0000000000E+00
   -0.1553635069E+04     0.0000000000E+00     0.0000000000E+00     0.0000000000E+00     0.0000000000E+00
   -0.1551886005E+04     0.0000000000E+00     0.0000000000E+00     0.0000000000E+00     0.0000000000E+00
   -0.1550113995E+04     0.0000000000E+00     0.0000000000E+00     0.0000000000E+00     0.0000000000E+00
   -0.1548364931E+04     0.0000000000E+00     0.0000000000E+00     0.0000000000E+00     0.0000000000E+00
   -0.1546684115E+04     0.0000000000E+00     0.0000000000E+00     0.0000000000E+00     0.0000000000E+00
   -0.1545115078E+04     0.0000000000E+00     0.0000000000E+00     0.0000000000E+00     0.0000000000E+00
   -0.1543698460E+04     0.0000000000E+00     0.0000000000E+00     0.0000000000E+00     0.0000000000E+00
   -0.1542470949E+04     0.0000000000E+00     0.0000000000E+00     0.0000000000E+00     0.0000000000E+00
   -0.1541464342E+04     0.0000000000E+00     0.0000000000E+00     0.0000000000E+00     0.0000000000E+00
   -0.1540704721E+04     0.0000000000E+00     0.0000000000E+00     0.0000000000E+00     0.0000000000E+00
   -0.1540211819E+04     0.0000000000E+00     0.0000000000E+00     0.0000000000E+00     0.0000000000E+00
   -0.1540000000E+04     0.0000000000E+00     0.0000000000E+00     0.0000000000E+00     0.0000000000E+00
   -0.1539788181E+04     0.0000000000E+00     0.0000000000E+00     0.0000000000E+00     0.0000000000E+00
   -0.1539295279E+04     0.0000000000E+00     0.0000000000E+00     0.0000000000E+00     0.0000000000E+00
   -0.1538535658E+04     0.0000000000E+00     0.0000000000E+00     0.0000000000E+00     0.0000000000E+00
   -0.1537529051E+04     0.0000000000E+00     0.0000000000E+00     0.0000000000E+00     0.0000000000E+00
   -0.1536301540E+04     0.0000000000E+00     0.0000000000E+00     0.0000000000E+00     0.0000000000E+00
   -0.1534884922E+04     0.0000000000E+00     0.0000000000E+00     0.0000000000E+00     0.0000000000E+00
   -0.1533315885E+04     0.0000000000E+00     0.0000000000E+00     0.0000000000E+00     0.0000000000E+00
   -0.1531635069E+04     0.0000000000E+00     0.0000000000E+00     0.0000000000E+00     0.0000000000E+00
   -0.1529886005E+04     0.0000000000E+00     0.0000000000E+00     0.0000000000E+00     0.0000000000E+00
   -0.1528113995E+04     0.0000000000E+00     0.0000000000E+00     0.0000000000E+00     0.0000000000E+00
   -0.1526364931E+04     0.0000000000E+00     0.0000000000E+00     0.0000000000E+00     0.0000000000E+00
   -0.1524684115E+04     0.0000000000E+00     0.0000000000E+00     0.0000000000E+00     0.0000000000E+00
   -0.1523115078E+04     0.0000000000E+00     0.0000000000E+00     0.0000000000E+00     0.0000000000E+00
   -0.1521698460E+04     0.0000000000E+00     0.0000000000E+00     0.0000000000E+00     0.0000000000E+00
   -0.1520470949E+04     0.0000000000E+00     0.0000000000E+00     0.0000000000E+00     0.0000000000E+00
   -0.1519464342E+04     0.0000000000E+00     0.0000000000E+00     0.0000000000E+00     0.0000000000E+00
   -0.1518704721E+04     0.0000000000E+00     0.0000000000E+00     0.0000000000E+00     0.0000000000E+00
   -0.1518211819E+04     0.0000000000E+00     0.0000000000E+00     0.0000000000E+00     0.0000000000E+00
   -0.1518000000E+04     0.0000000000E+00     0.0000000000E+00     0.0000000000E+00     0.0000000000E+00
   -0.1517788181E+04     0.0000000000E+00     0.0000000000E+00     0.0000000000E+00     0.0000000000E+00
   -0.1517295279E+04     0.0000000000E+00     0.0000000000E+00     0.0000000000E+00     0.0000000000E+00
   -0.1516535658E+04     0.0000000000E+00     0.0000000000E+00     0.0000000000E+00     0.0000000000E+00
   -0.1515529051E+04     0.0000000000E+00     0.0000000000E+00     0.0000000000E+00     0.0000000000E+00
   -0.1514301540E+04     0.0000000000E+00     0.0000000000E+00     0.0000000000E+00     0.0000000000E+00
   -0.1512884922E+04     0.0000000000E+00     0.0000000000E+00     0.0000000000E+00     0.0000000000E+00
   -0.1511315885E+04     0.0000000000E+00     0.0000000000E+00     0.0000000000E+00     0.0000000000E+00
   -0.1509635069E+04     0.0000000000E+00     0.0000000000E+00     0.0000000000E+00     0.0000000000E+00
   -0.1507886005E+04     0.0000000000E+00     0.0000000000E+00     0.0000000000E+00     0.0000000000E+00
   -0.1506113995E+04     0.0000000000E+00     0.0000000000E+00     0.0000000000E+00     0.0000000000E+00
   -0.1504364931E+04     0.0000000000E+00     0.0000000000E+00     0.0000000000E+00     0.0000000000E+00
   -0.1502684115E+04     0.0000000000E+00     0.0000000000E+00     0.0000000000E+00     0.0000000000E+00
   -0.1501115078E+04     0.0000000000E+00     0.0000000000E+00     0.0000000000E+00     0.0000000000E+00
   -0.1499698460E+04     0.0000000000E+00     0.0000000000E+00     0.0000000000E+00     0.0000000000E+00
   -0.1498470949E+04     0.0000000000E+00     0.0000000000E+00     0.0000000000E+00     0.0000000000E+00
   -0.1497464342E+04     0.0000000000E+00     0.0000000000E+00     0.0000000000E+00     0.0000000000E+00
   -0.1496704721E+04     0.0000000000E+00     0.0000000000E+00     0.0000000000E+00     0.0000000000E+00
   -0.1496211819E+04     0.0000000000E+00     0.0000000000E+00     0.0000000000E+00     0.0000000000E+00
   -0.1496000000E+04     0.0000000000E+00     0.0000000000E+00     0.0000000000E+00     0.0000000000E+00
   -0.1495788181E+04     0.0000000000E+00     0.0000000000E+00     0.0000000000E+00     0.0000000000E+00
   -0.1495295279E+04     0.0000000000E+00     0.0000000000E+00     0.0000000000E+00     0.0000000000E+00
   -0.1494535658E+04     0.0000000000E+00     0.0000000000E+00     0.0000000000E+00     0.0000000000E+00
   -0.1493529051E+04     0.0000000000E+00     0.0000000000E+00     0.0000000000E+00     0.0000000000E+00
   -0.1492301540E+04     0.0000000000E+00     0.0000000000E+00     0.0000000000E+00     0.0000000000E+00
   -0.1490884922E+04     0.0000000000E+00     0.0000000000E+00     0.0000000000E+00     0.0000000000E+00
   -0.1489315885E+04     0.0000000000E+00     0.0000000000E+00     0.0000000000E+00     0.0000000000E+00
   -0.1487635069E+04     0.0000000000E+00     0.0000000000E+00     0.0000000000E+00     0.0000000000E+00
   -0.1485886005E+04     0.0000000000E+00     0.0000000000E+00     0.0000000000E+00     0.0000000000E+00
   -0.1484113995E+04     0.0000000000E+00     0.0000000000E+00     0.0000000000E+00     0.0000000000E+00
   -0.1482364931E+04     0.0000000000E+00     0.0000000000E+00     0.0000000000E+00     0.0000000000E+00
   -0.1480684115E+04     0.0000000000E+00     0.0000000000E+00     0.0000000000E+00     0.0000000000E+00
   -0.1479115078E+04     0.0000000000E+00     0.0000000000E+00     0.0000000000E+00     0.0000000000E+00
   -0.1477698460E+04     0.0000000000E+00     0.0000000000E+00     0.0000000000E+00     0.0000000000E+00
   -0.1476470949E+04     0.0000000000E+00     0.0000000000E+00     0.0000000000E+00     0.0000000000E+00
   -0.1475464342E+04     0.0000000000E+00     0.0000000000E+00     0.0000000000E+00     0.0000000000E+00
   -0.1474704721E+04     0.0000000000E+00     0.0000000000E+00     0.0000000000E+00     0.0000000000E+00
   -0.1474211819E+04     0.0000000000E+00     0.0000000000E+00     0.0000000000E+00     0.0000000000E+00
   -0.1474000000E+04     0.0000000000E+00     0.0000000000E+00     0.0000000000E+00     0.0000000000E+00
   -0.1473788181E+04     0.0000000000E+00     0.0000000000E+00     0.0000000000E+00     0.0000000000E+00
   -0.1473295279E+04     0.0000000000E+00     0.0000000000E+00     0.0000000000E+00     0.0000000000E+00
   -0.1472535658E+04     0.0000000000E+00     0.0000000000E+00     0.0000000000E+00     0.0000000000E+00
   -0.1471529051E+04     0.0000000000E+00     0.0000000000E+00     0.0000000000E+00     0.0000000000E+00
   -0.1470301540E+04     0.0000000000E+00     0.0000000000E+00     0.0000000000E+00     0.0000000000E+00
   -0.1468884922E+04     0.0000000000E+00     0.0000000000E+00     0.0000000000E+00     0.0000000000E+00
   -0.1467315885E+04     0.0000000000E+00     0.0000000000E+00     0.0000000000E+00     0.0000000000E+00
   -0.1465635069E+04     0.0000000000E+00     0.0000000000E+00     0.0000000000E+00     0.0000000000E+00
   -0.1463886005E+04     0.0000000000E+00     0.0000000000E+00     0.0000000000E+00     0.0000000000E+00
   -0.1462113995E+04     0.0000000000E+00     0.0000000000E+00     0.0000000000E+00     0.0000000000E+00
   -0.1460364931E+04     0.0000000000E+00     0.0000000000E+00     0.0000000000E+00     0.0000000000E+00
   -0.1458684115E+04     0.0000000000E+00     0.0000000000E+00     0.0000000000E+00     0.0000000000E+00
   -0.1457115078E+04     0.0000000000E+00     0.0000000000E+00     0.0000000000E+00     0.0000000000E+00
   -0.1455698460E+04     0.0000000000E+00     0.0000000000E+00     0.0000000000E+00     0.0000000000E+00
   -0.1454470949E+04     0.0000000000E+00     0.0000000000E+00     0.0000000000E+00     0.0000000000E+00
   -0.1453464342E+04     0.0000000000E+00     0.0000000000E+00     0.0000000000E+00     0.0000000000E+00
   -0.1452704721E+04     0.0000000000E+00     0.0000000000E+00     0.0000000000E+00     0.0000000000E+00
   -0.1452211819E+04     0.0000000000E+00     0.0000000000E+00     0.0000000000E+00     0.0000000000E+00
   -0.1452000000E+04     0.0000000000E+00     0.0000000000E+00     0.0000000000E+00     0.0000000000E+00
   -0.1451788181E+04     0.0000000000E+00     0.0000000000E+00     0.0000000000E+00     0.0000000000E+00
   -0.1451295279E+04     0.0000000000E+00     0.0000000000E+00     0.0000000000E+00     0.0000000000E+00
   -0.1450535658E+04     0.0000000000E+00     0.0000000000E+00     0.0000000000E+00     0.0000000000E+00
   -0.1449529051E+04     0.0000000000E+00     0.0000000000E+00     0.0000000000E+00     0.0000000000E+00
   -0.1448301540E+04     0.0000000000E+00     0.0000000000E+00     0.0000000000E+00     0.0000000000E+00
   -0.1446884922E+04     0.0000000000E+00     0.0000000000E+00     0.0000000000E+00     0.0000000000E+00
   -0.1445315885E+04     0.0000000000E+00     0.0000000000E+00     0.0000000000E+00     0.0000000000E+00
   -0.1443635069E+04     0.0000000000E+00     0.0000000000E+00     0.0000000000E+00     0.0000000000E+00
   -0.1441886005E+04     0.0000000000E+00     0.0000000000E+00     0.0000000000E+00     0.0000000000E+00
   -0.1440113995E+04     0.0000000000E+00     0.0000000000E+00     0.0000000000E+00     0.0000000000E+00
   -0.1438364931E+04     0.0000000000E+00     0.0000000000E+00     0.0000000000E+00     0.0000000000E+00
   -0.1436684115E+04     0.0000000000E+00     0.0000000000E+00     0.0000000000E+00     0.0000000000E+00
   -0.1435115078E+04     0.0000000000E+00     0.0000000000E+00     0.0000000000E+00     0.0000000000E+00
   -0.1433698460E+04     0.0000000000E+00     0.0000000000E+00     0.0000000000E+00     0.0000000000E+00
   -0.1432470949E+04     0.0000000000E+00     0.0000000000E+00     0.0000000000E+00     0.0000000000E+00
   -0.1431464342E+04     0.0000000000E+00     0.0000000000E+00     0.0000000000E+00     0.0000000000E+00
   -0.1430704721E+04     0.0000000000E+00     0.0000000000E+00     0.0000000000E+00     0.0000000000E+00
   -0.1430211819E+04     0.0000000000E+00     0.0000000000E+00     0.0000000000E+00     0.0000000000E+00
   -0.1430000000E+04     0.0000000000E+00     0.0000000000E+00     0.0000000000E+00     0.0000000000E+00
   -0.1429788181E+04     0.0000000000E+00     0.0000000000E+00     0.0000000000E+00     0.0000000000E+00
   -0.1429295279E+04     0.0000000000E+00     0.0000000000E+00     0.0000000000E+00     0.0000000000E+00
   -0.1428535658E+04     0.0000000000E+00     0.0000000000E+00     0.0000000000E+00     0.0000000000E+00
   -0.1427529051E+04     0.0000000000E+00     0.0000000000E+00     0.0000000000E+00     0.0000000000E+00
   -0.1426301540E+04     0.0000000000E+00     0.0000000000E+00     0.0000000000E+00     0.0000000000E+00
   -0.1424884922E+04     0.0000000000E+00     0.0000000000E+00     0.0000000000E+00     0.0000000000E+00
   -0.1423315885E+04     0.0000000000E+00     0.0000000000E+00     0.0000000000E+00     0.0000000000E+00
   -0.1421635069E+04     0.0000000000E+00     0.0000000000E+00     0.0000000000E+00     0.0000000000E+00
   -0.1419886005E+04     0.0000000000E+00     0.0000000000E+00     0.0000000000E+00     0.0000000000E+00
   -0.1418113995E+04     0.0000000000E+00     0.0000000000E+00     0.0000000000E+00     0.0000000000E+00
   -0.1416364931E+04     0.0000000000E+00     0.0000000000E+00     0.0000000000E+00     0.0000000000E+00
   -0.1414684115E+04     0.0000000000E+00     0.0000000000E+00     0.0000000000E+00     0.0000000000E+00
   -0.1413115078E+04     0.0000000000E+00     0.0000000000E+00     0.0000000000E+00     0.0000000000E+00
   -0.1411698460E+04     0.0000000000E+00     0.0000000000E+00     0.0000000000E+00     0.0000000000E+00
   -0.1410470949E+04     0.0000000000E+00     0.0000000000E+00     0.0000000000E+00     0.0000000000E+00
   -0.1409464342E+04     0.0000000000E+00     0.0000000000E+00     0.0000000000E+00     0.0000000000E+00
   -0.1408704721E+04     0.0000000000E+00     0.0000000000E+00     0.0000000000E+00     0.0000000000E+00
   -0.1408211819E+04     0.0000000000E+00     0.0000000000E+00     0.0000000000E+00     0.0000000000E+00
   -0.1408000000E+04     0.0000000000E+00     0.0000000000E+00     0.0000000000E+00     0.0000000000E+00
   -0.1407788181E+04     0.0000000000E+00     0.0000000000E+00     0.0000000000E+00     0.0000000000E+00
   -0.1407295279E+04     0.0000000000E+00     0.0000000000E+00     0.0000000000E+00     0.0000000000E+00
   -0.1406535658E+04     0.0000000000E+00     0.0000000000E+00     0.0000000000E+00     0.0000000000E+00
   -0.1405529051E+04     0.0000000000E+00     0.0000000000E+00     0.0000000000E+00     0.0000000000E+00
   -0.1404301540E+04     0.0000000000E+00     0.0000000000E+00     0.0000000000E+00     0.0000000000E+00
   -0.1402884922E+04     0.0000000000E+00     0.0000000000E+00     0.0000000000E+00     0.0000000000E+00
   -0.1401315885E+04     0.0000000000E+00     0.0000000000E+00     0.0000000000E+00     0.0000000000E+00
   -0.1399635069E+04     0.0000000000E+00     0.0000000000E+00     0.0000000000E+00     0.0000000000E+00
   -0.1397886005E+04     0.0000000000E+00     0.0000000000E+00     0.0000000000E+00     0.0000000000E+00
   -0.1396113995E+04     0.0000000000E+00     0.0000000000E+00     0.0000000000E+00     0.0000000000E+00
   -0.1394364931E+04     0.0000000000E+00     0.0000000000E+00     0.0000000000E+00     0.0000000000E+00
   -0.1392684115E+04     0.0000000000E+00     0.0000000000E+00     0.0000000000E+00     0.0000000000E+00
   -0.1391115078E+04     0.0000000000E+00     0.0000000000E+00     0.0000000000E+00     0.0000000000E+00
   -0.1389698460E+04     0.0000000000E+00     0.0000000000E+00     0.0000000000E+00     0.0000000000E+00
   -0.1388470949E+04     0.0000000000E+00     0.0000000000E+00     0.0000000000E+00     0.0000000000E+00
   -0.1387464342E+04     0.0000000000E+00     0.0000000000E+00     0.0000000000E+00     0.0000000000E+00
   -0.1386704721E+04     0.0000000000E+00     0.0000000000E+00     0.0000000000E+00     0.0000000000E+00
   -0.1386211819E+04     0.0000000000E+00     0.0000000000E+00     0.0000000000E+00     0.0000000000E+00
   -0.1386000000E+04     0.0000000000E+00     0.0000000000E+00     0.0000000000E+00     0.0000000000E+00
   -0.1385788181E+04     0.0000000000E+00     0.0000000000E+00     0.0000000000E+00     0.0000000000E+00
   -0.1385295279E+04     0.0000000000E+00     0.0000000000E+00     0.0000000000E+00     0.0000000000E+00
   -0.1384535658E+04     0.0000000000E+00     0.0000000000E+00     0.0000000000E+00     0.0000000000E+00
   -0.1383529051E+04     0.0000000000E+00     0.0000000000E+00     0.0000000000E+00     0.0000000000E+00
   -0.1382301540E+04     0.0000000000E+00     0.0000000000E+00     0.0000000000E+00     0.0000000000E+00
   -0.1380884922E+04     0.0000000000E+00     0.0000000000E+00     0.0000000000E+00     0.0000000000E+00
   -0.1379315885E+04     0.0000000000E+00     0.0000000000E+00     0.0000000000E+00     0.0000000000E+00
   -0.1377635069E+04     0.0000000000E+00     0.0000000000E+00     0.0000000000E+00     0.0000000000E+00
   -0.1375886005E+04     0.0000000000E+00     0.0000000000E+00     0.0000000000E+00     0.0000000000E+00
   -0.1374113995E+04     0.0000000000E+00     0.0000000000E+00     0.0000000000E+00     0.0000000000E+00
   -0.1372364931E+04     0.0000000000E+00     0.0000000000E+00     0.0000000000E+00     0.0000000000E+00
   -0.1370684115E+04     0.0000000000E+00     0.0000000000E+00     0.0000000000E+00     0.0000000000E+00
   -0.1369115078E+04     0.0000000000E+00     0.0000000000E+00     0.0000000000E+00     0.0000000000E+00
   -0.1367698460E+04     0.0000000000E+00     0.0000000000E+00     0.0000000000E+00     0.0000000000E+00
   -0.1366470949E+04     0.0000000000E+00     0.0000000000E+00     0.0000000000E+00     0.0000000000E+00
   -0.1365464342E+04     0.0000000000E+00     0.0000000000E+00     0.0000000000E+00     0.0000000000E+00
   -0.1364704721E+04     0.0000000000E+00     0.0000000000E+00     0.0000000000E+00     0.0000000000E+00
   -0.1364211819E+04     0.0000000000E+00     0.0000000000E+00     0.0000000000E+00     0.0000000000E+00
   -0.1364000000E+04     0.0000000000E+00     0.0000000000E+00     0.0000000000E+00     0.0000000000E+00
   -0.1363788181E+04     0.0000000000E+00     0.0000000000E+00     0.0000000000E+00     0.0000000000E+00
   -0.1363295279E+04     0.0000000000E+00     0.0000000000E+00     0.0000000000E+00     0.0000000000E+00
   -0.1362535658E+04     0.0000000000E+00     0.0000000000E+00     0.0000000000E+00     0.0000000000E+00
   -0.1361529051E+04     0.0000000000E+00     0.0000000000E+00     0.0000000000E+00     0.0000000000E+00
   -0.1360301540E+04     0.0000000000E+00     0.0000000000E+00     0.0000000000E+00     0.0000000000E+00
   -0.1358884922E+04     0.0000000000E+00     0.0000000000E+00     0.0000000000E+00     0.0000000000E+00
   -0.1357315885E+04     0.0000000000E+00     0.0000000000E+00     0.0000000000E+00     0.0000000000E+00
   -0.1355635069E+04     0.0000000000E+00     0.0000000000E+00     0.0000000000E+00     0.0000000000E+00
   -0.1353886005E+04     0.0000000000E+00     0.0000000000E+00     0.0000000000E+00     0.0000000000E+00
   -0.1352113995E+04     0.0000000000E+00     0.0000000000E+00     0.0000000000E+00     0.0000000000E+00
   -0.1350364931E+04     0.0000000000E+00     0.0000000000E+00     0.0000000000E+00     0.0000000000E+00
   -0.1348684115E+04     0.0000000000E+00     0.0000000000E+00     0.0000000000E+00     0.0000000000E+00
   -0.1347115078E+04     0.0000000000E+00     0.0000000000E+00     0.0000000000E+00     0.0000000000E+00
   -0.1345698460E+04     0.0000000000E+00     0.0000000000E+00     0.0000000000E+00     0.0000000000E+00
   -0.1344470949E+04     0.0000000000E+00     0.0000000000E+00     0.0000000000E+00     0.0000000000E+00
   -0.1343464342E+04     0.0000000000E+00     0.0000000000E+00     0.0000000000E+00     0.0000000000E+00
   -0.1342704721E+04     0.0000000000E+00     0.0000000000E+00     0.0000000000E+00     0.0000000000E+00
   -0.1342211819E+04     0.0000000000E+00     0.0000000000E+00     0.0000000000E+00     0.0000000000E+00
   -0.1342000000E+04     0.0000000000E+00     0.0000000000E+00     0.0000000000E+00     0.0000000000E+00
   -0.1341788181E+04     0.0000000000E+00     0.0000000000E+00     0.0000000000E+00     0.0000000000E+00
   -0.1341295279E+04     0.0000000000E+00     0.0000000000E+00     0.0000000000E+00     0.0000000000E+00
   -0.1340535658E+04     0.0000000000E+00     0.0000000000E+00     0.0000000000E+00     0.0000000000E+00
   -0.1339529051E+04     0.0000000000E+00     0.0000000000E+00     0.0000000000E+00     0.0000000000E+00
   -0.1338301540E+04     0.0000000000E+00     0.0000000000E+00     0.0000000000E+00     0.0000000000E+00
   -0.1336884922E+04     0.0000000000E+00     0.0000000000E+00     0.0000000000E+00     0.0000000000E+00
   -0.1335315885E+04     0.0000000000E+00     0.0000000000E+00     0.0000000000E+00     0.0000000000E+00
   -0.1333635069E+04     0.0000000000E+00     0.0000000000E+00     0.0000000000E+00     0.0000000000E+00
   -0.1331886005E+04     0.0000000000E+00     0.0000000000E+00     0.0000000000E+00     0.0000000000E+00
   -0.1330113995E+04     0.0000000000E+00     0.0000000000E+00     0.0000000000E+00     0.0000000000E+00
   -0.1328364931E+04     0.0000000000E+00     0.0000000000E+00     0.0000000000E+00     0.0000000000E+00
   -0.1326684115E+04     0.0000000000E+00     0.0000000000E+00     0.0000000000E+00     0.0000000000E+00
   -0.1325115078E+04     0.0000000000E+00     0.0000000000E+00     0.0000000000E+00     0.0000000000E+00
   -0.1323698460E+04     0.0000000000E+00     0.0000000000E+00     0.0000000000E+00     0.0000000000E+00
   -0.1322470949E+04     0.0000000000E+00     0.0000000000E+00     0.0000000000E+00     0.0000000000E+00
   -0.1321464342E+04     0.0000000000E+00     0.0000000000E+00     0.0000000000E+00     0.0000000000E+00
   -0.1320704721E+04     0.0000000000E+00     0.0000000000E+00     0.0000000000E+00     0.0000000000E+00
   -0.1320211819E+04     0.0000000000E+00     0.0000000000E+00     0.0000000000E+00     0.0000000000E+00
   -0.1320000000E+04     0.0000000000E+00     0.0000000000E+00     0.0000000000E+00     0.0000000000E+00
   -0.1319788181E+04     0.0000000000E+00     0.0000000000E+00     0.0000000000E+00     0.0000000000E+00
   -0.1319295279E+04     0.0000000000E+00     0.0000000000E+00     0.0000000000E+00     0.0000000000E+00
   -0.1318535658E+04     0.0000000000E+00     0.0000000000E+00     0.0000000000E+00     0.0000000000E+00
   -0.1317529051E+04     0.0000000000E+00     0.0000000000E+00     0.0000000000E+00     0.0000000000E+00
   -0.1316301540E+04     0.0000000000E+00     0.0000000000E+00     0.0000000000E+00     0.0000000000E+00
   -0.1314884922E+04     0.0000000000E+00     0.0000000000E+00     0.0000000000E+00     0.0000000000E+00
   -0.1313315885E+04     0.0000000000E+00     0.0000000000E+00     0.0000000000E+00     0.0000000000E+00
   -0.1311635069E+04     0.0000000000E+00     0.0000000000E+00     0.0000000000E+00     0.0000000000E+00
   -0.1309886005E+04     0.0000000000E+00     0.0000000000E+00     0.0000000000E+00     0.0000000000E+00
   -0.1308113995E+04     0.0000000000E+00     0.0000000000E+00     0.0000000000E+00     0.0000000000E+00
   -0.1306364931E+04     0.0000000000E+00     0.0000000000E+00     0.0000000000E+00     0.0000000000E+00
   -0.1304684115E+04     0.0000000000E+00     0.0000000000E+00     0.0000000000E+00     0.0000000000E+00
   -0.1303115078E+04     0.0000000000E+00     0.0000000000E+00     0.0000000000E+00     0.0000000000E+00
   -0.1301698460E+04     0.0000000000E+00     0.0000000000E+00     0.0000000000E+00     0.0000000000E+00
   -0.1300470949E+04     0.0000000000E+00     0.0000000000E+00     0.0000000000E+00     0.0000000000E+00
   -0.1299464342E+04     0.0000000000E+00     0.0000000000E+00     0.0000000000E+00     0.0000000000E+00
   -0.1298704721E+04     0.0000000000E+00     0.0000000000E+00     0.0000000000E+00     0.0000000000E+00
   -0.1298211819E+04     0.0000000000E+00     0.0000000000E+00     0.0000000000E+00     0.0000000000E+00
   -0.1298000000E+04     0.0000000000E+00     0.0000000000E+00     0.0000000000E+00     0.0000000000E+00
   -0.1297788181E+04     0.0000000000E+00     0.0000000000E+00     0.0000000000E+00     0.0000000000E+00
   -0.1297295279E+04     0.0000000000E+00     0.0000000000E+00     0.0000000000E+00     0.0000000000E+00
   -0.1296535658E+04     0.0000000000E+00     0.0000000000E+00     0.0000000000E+00     0.0000000000E+00
   -0.1295529051E+04     0.0000000000E+00     0.0000000000E+00     0.0000000000E+00     0.0000000000E+00
   -0.1294301540E+04     0.0000000000E+00     0.0000000000E+00     0.0000000000E+00     0.0000000000E+00
   -0.1292884922E+04     0.0000000000E+00     0.0000000000E+00     0.0000000000E+00     0.0000000000E+00
   -0.1291315885E+04     0.0000000000E+00     0.0000000000E+00     0.0000000000E+00     0.0000000000E+00
   -0.1289635069E+04     0.0000000000E+00     0.0000000000E+00     0.0000000000E+00     0.0000000000E+00
   -0.1287886005E+04     0.0000000000E+00     0.0000000000E+00     0.0000000000E+00     0.0000000000E+00
   -0.1286113995E+04     0.0000000000E+00     0.0000000000E+00     0.0000000000E+00     0.0000000000E+00
   -0.1284364931E+04     0.0000000000E+00     0.0000000000E+00     0.0000000000E+00     0.0000000000E+00
   -0.1282684115E+04     0.0000000000E+00     0.0000000000E+00     0.0000000000E+00     0.0000000000E+00
   -0.1281115078E+04     0.0000000000E+00     0.0000000000E+00     0.0000000000E+00     0.0000000000E+00
   -0.1279698460E+04     0.0000000000E+00     0.0000000000E+00     0.0000000000E+00     0.0000000000E+00
   -0.1278470949E+04     0.0000000000E+00     0.0000000000E+00     0.0000000000E+00     0.0000000000E+00
   -0.1277464342E+04     0.0000000000E+00     0.0000000000E+00     0.0000000000E+00     0.0000000000E+00
   -0.1276704721E+04     0.0000000000E+00     0.0000000000E+00     0.0000000000E+00     0.0000000000E+00
   -0.1276211819E+04     0.0000000000E+00     0.0000000000E+00     0.0000000000E+00     0.0000000000E+00
   -0.1276000000E+04     0.0000000000E+00     0.0000000000E+00     0.0000000000E+00     0.0000000000E+00
   -0.1275788181E+04     0.0000000000E+00     0.0000000000E+00     0.0000000000E+00     0.0000000000E+00
   -0.1275295279E+04     0.0000000000E+00     0.0000000000E+00     0.0000000000E+00     0.0000000000E+00
   -0.1274535658E+04     0.0000000000E+00     0.0000000000E+00     0.0000000000E+00     0.0000000000E+00
   -0.1273529051E+04     0.0000000000E+00     0.0000000000E+00     0.0000000000E+00     0.0000000000E+00
   -0.1272301540E+04     0.0000000000E+00     0.0000000000E+00     0.0000000000E+00     0.0000000000E+00
   -0.1270884922E+04     0.0000000000E+00     0.0000000000E+00     0.0000000000E+00     0.0000000000E+00
   -0.1269315885E+04     0.0000000000E+00     0.0000000000E+00     0.0000000000E+00     0.0000000000E+00
   -0.1267635069E+04     0.0000000000E+00     0.0000000000E+00     0.0000000000E+00     0.0000000000E+00
   -0.1265886005E+04     0.0000000000E+00     0.0000000000E+00     0.0000000000E+00     0.0000000000E+00
   -0.1264113995E+04     0.0000000000E+00     0.0000000000E+00     0.0000000000E+00     0.0000000000E+00
   -0.1262364931E+04     0.0000000000E+00     0.0000000000E+00     0.0000000000E+00     0.0000000000E+00
   -0.1260684115E+04     0.0000000000E+00     0.0000000000E+00     0.0000000000E+00     0.0000000000E+00
   -0.1259115078E+04     0.0000000000E+00     0.0000000000E+00     0.0000000000E+00     0.0000000000E+00
   -0.1257698460E+04     0.0000000000E+00     0.0000000000E+00     0.0000000000E+00     0.0000000000E+00
   -0.1256470949E+04     0.0000000000E+00     0.0000000000E+00     0.0000000000E+00     0.0000000000E+00
   -0.1255464342E+04     0.0000000000E+00     0.0000000000E+00     0.0000000000E+00     0.0000000000E+00
   -0.1254704721E+04     0.0000000000E+00     0.0000000000E+00     0.0000000000E+00     0.0000000000E+00
   -0.1254211819E+04     0.0000000000E+00     0.0000000000E+00     0.0000000000E+00     0.0000000000E+00
   -0.1254000000E+04     0.0000000000E+00     0.0000000000E+00     0.0000000000E+00     0.0000000000E+00
   -0.1253788181E+04     0.0000000000E+00     0.0000000000E+00     0.0000000000E+00     0.0000000000E+00
   -0.1253295279E+04     0.0000000000E+00     0.0000000000E+00     0.0000000000E+00     0.0000000000E+00
   -0.1252535658E+04     0.0000000000E+00     0.0000000000E+00     0.0000000000E+00     0.0000000000E+00
   -0.1251529051E+04     0.0000000000E+00     0.0000000000E+00     0.0000000000E+00     0.0000000000E+00
   -0.1250301540E+04     0.0000000000E+00     0.0000000000E+00     0.0000000000E+00     0.0000000000E+00
   -0.1248884922E+04     0.0000000000E+00     0.0000000000E+00     0.0000000000E+00     0.0000000000E+00
   -0.1247315885E+04     0.0000000000E+00     0.0000000000E+00     0.0000000000E+00     0.0000000000E+00
   -0.1245635069E+04     0.0000000000E+00     0.0000000000E+00     0.0000000000E+00     0.0000000000E+00
   -0.1243886005E+04     0.0000000000E+00     0.0000000000E+00     0.0000000000E+00     0.0000000000E+00
   -0.1242113995E+04     0.0000000000E+00     0.0000000000E+00     0.0000000000E+00     0.0000000000E+00
   -0.1240364931E+04     0.0000000000E+00     0.0000000000E+00     0.0000000000E+00     0.0000000000E+00
   -0.1238684115E+04     0.0000000000E+00     0.0000000000E+00     0.0000000000E+00     0.0000000000E+00
   -0.1237115078E+04     0.0000000000E+00     0.0000000000E+00     0.0000000000E+00     0.0000000000E+00
   -0.1235698460E+04     0.0000000000E+00     0.0000000000E+00     0.0000000000E+00     0.0000000000E+00
   -0.1234470949E+04     0.0000000000E+00     0.0000000000E+00     0.0000000000E+00     0.0000000000E+00
   -0.1233464342E+04     0.0000000000E+00     0.0000000000E+00     0.0000000000E+00     0.0000000000E+00
   -0.1232704721E+04     0.0000000000E+00     0.0000000000E+00     0.0000000000E+00     0.0000000000E+00
   -0.1232211819E+04     0.0000000000E+00     0.0000000000E+00     0.0000000000E+00     0.0000000000E+00
   -0.1232000000E+04     0.0000000000E+00     0.0000000000E+00     0.0000000000E+00     0.0000000000E+00
   -0.1231788181E+04     0.0000000000E+00     0.0000000000E+00     0.0000000000E+00     0.0000000000E+00
   -0.1231295279E+04     0.0000000000E+00     0.0000000000E+00     0.0000000000E+00     0.0000000000E+00
   -0.1230535658E+04     0.0000000000E+00     0.0000000000E+00     0.0000000000E+00     0.0000000000E+00
   -0.1229529051E+04     0.0000000000E+00     0.0000000000E+00     0.0000000000E+00     0.0000000000E+00
   -0.1228301540E+04     0.0000000000E+00     0.0000000000E+00     0.0000000000E+00     0.0000000000E+00
   -0.1226884922E+04     0.0000000000E+00     0.0000000000E+00     0.0000000000E+00     0.0000000000E+00
   -0.1225315885E+04     0.0000000000E+00     0.0000000000E+00     0.0000000000E+00     0.0000000000E+00
   -0.1223635069E+04     0.0000000000E+00     0.0000000000E+00     0.0000000000E+00     0.0000000000E+00
   -0.1221886005E+04     0.0000000000E+00     0.0000000000E+00     0.0000000000E+00     0.0000000000E+00
   -0.1220113995E+04     0.0000000000E+00     0.0000000000E+00     0.0000000000E+00     0.0000000000E+00
   -0.1218364931E+04     0.0000000000E+00     0.0000000000E+00     0.0000000000E+00     0.0000000000E+00
   -0.1216684115E+04     0.0000000000E+00     0.0000000000E+00     0.0000000000E+00     0.0000000000E+00
   -0.1215115078E+04     0.0000000000E+00     0.0000000000E+00     0.0000000000E+00     0.0000000000E+00
   -0.1213698460E+04     0.0000000000E+00     0.0000000000E+00     0.0000000000E+00     0.0000000000E+00
   -0.1212470949E+04     0.0000000000E+00     0.0000000000E+00     0.0000000000E+00     0.0000000000E+00
   -0.1211464342E+04     0.0000000000E+00     0.0000000000E+00     0.0000000000E+00     0.0000000000E+00
   -0.1210704721E+04     0.0000000000E+00     0.0000000000E+00     0.0000000000E+00     0.0000000000E+00
   -0.1210211819E+04     0.0000000000E+00     0.0000000000E+00     0.0000000000E+00     0.0000000000E+00
   -0.1210000000E+04     0.0000000000E+00     0.0000000000E+00     0.0000000000E+00     0.0000000000E+00
   -0.1209788181E+04     0.0000000000E+00     0.0000000000E+00     0.0000000000E+00     0.0000000000E+00
   -0.1209295279E+04     0.0000000000E+00     0.0000000000E+00     0.0000000000E+00     0.0000000000E+00
   -0.1208535658E+04     0.0000000000E+00     0.0000000000E+00     0.0000000000E+00     0.0000000000E+00
   -0.1207529051E+04     0.0000000000E+00     0.0000000000E+00     0.0000000000E+00     0.0000000000E+00
   -0.1206301540E+04     0.0000000000E+00     0.0000000000E+00     0.0000000000E+00     0.0000000000E+00
   -0.1204884922E+04     0.0000000000E+00     0.0000000000E+00     0.0000000000E+00     0.0000000000E+00
   -0.1203315885E+04     0.0000000000E+00     0.0000000000E+00     0.0000000000E+00     0.0000000000E+00
   -0.1201635069E+04     0.0000000000E+00     0.0000000000E+00     0.0000000000E+00     0.0000000000E+00
   -0.1199886005E+04     0.0000000000E+00     0.0000000000E+00     0.0000000000E+00     0.0000000000E+00
   -0.1198113995E+04     0.0000000000E+00     0.0000000000E+00     0.0000000000E+00     0.0000000000E+00
   -0.1196364931E+04     0.0000000000E+00     0.0000000000E+00     0.0000000000E+00     0.0000000000E+00
   -0.1194684115E+04     0.0000000000E+00     0.0000000000E+00     0.0000000000E+00     0.0000000000E+00
   -0.1193115078E+04     0.0000000000E+00     0.0000000000E+00     0.0000000000E+00     0.0000000000E+00
   -0.1191698460E+04     0.0000000000E+00     0.0000000000E+00     0.0000000000E+00     0.0000000000E+00
   -0.1190470949E+04     0.0000000000E+00     0.0000000000E+00     0.0000000000E+00     0.0000000000E+00
   -0.1189464342E+04     0.0000000000E+00     0.0000000000E+00     0.0000000000E+00     0.0000000000E+00
   -0.1188704721E+04     0.0000000000E+00     0.0000000000E+00     0.0000000000E+00     0.0000000000E+00
   -0.1188211819E+04     0.0000000000E+00     0.0000000000E+00     0.0000000000E+00     0.0000000000E+00
   -0.1188000000E+04     0.0000000000E+00     0.0000000000E+00     0.0000000000E+00     0.0000000000E+00
   -0.1187788181E+04     0.0000000000E+00     0.0000000000E+00     0.0000000000E+00     0.0000000000E+00
   -0.1187295279E+04     0.0000000000E+00     0.0000000000E+00     0.0000000000E+00     0.0000000000E+00
   -0.1186535658E+04     0.0000000000E+00     0.0000000000E+00     0.0000000000E+00     0.0000000000E+00
   -0.1185529051E+04     0.0000000000E+00     0.0000000000E+00     0.0000000000E+00     0.0000000000E+00
   -0.1184301540E+04     0.0000000000E+00     0.0000000000E+00     0.0000000000E+00     0.0000000000E+00
   -0.1182884922E+04     0.0000000000E+00     0.0000000000E+00     0.0000000000E+00     0.0000000000E+00
   -0.1181315885E+04     0.0000000000E+00     0.0000000000E+00     0.0000000000E+00     0.0000000000E+00
   -0.1179635069E+04     0.0000000000E+00     0.0000000000E+00     0.0000000000E+00     0.0000000000E+00
   -0.1177886005E+04     0.0000000000E+00     0.0000000000E+00     0.0000000000E+00     0.0000000000E+00
   -0.1176113995E+04     0.0000000000E+00     0.0000000000E+00     0.0000000000E+00     0.0000000000E+00
   -0.1174364931E+04     0.0000000000E+00     0.0000000000E+00     0.0000000000E+00     0.0000000000E+00
   -0.1172684115E+04     0.0000000000E+00     0.0000000000E+00     0.0000000000E+00     0.0000000000E+00
   -0.1171115078E+04     0.0000000000E+00     0.0000000000E+00     0.0000000000E+00     0.0000000000E+00
   -0.1169698460E+04     0.0000000000E+00     0.0000000000E+00     0.0000000000E+00     0.0000000000E+00
   -0.1168470949E+04     0.0000000000E+00     0.0000000000E+00     0.0000000000E+00     0.0000000000E+00
   -0.1167464342E+04     0.0000000000E+00     0.0000000000E+00     0.0000000000E+00     0.0000000000E+00
   -0.1166704721E+04     0.0000000000E+00     0.0000000000E+00     0.0000000000E+00     0.0000000000E+00
   -0.1166211819E+04     0.0000000000E+00     0.0000000000E+00     0.0000000000E+00     0.0000000000E+00
   -0.1166000000E+04     0.0000000000E+00     0.0000000000E+00     0.0000000000E+00     0.0000000000E+00
   -0.1165788181E+04     0.0000000000E+00     0.0000000000E+00     0.0000000000E+00     0.0000000000E+00
   -0.1165295279E+04     0.0000000000E+00     0.0000000000E+00     0.0000000000E+00     0.0000000000E+00
   -0.1164535658E+04     0.0000000000E+00     0.0000000000E+00     0.0000000000E+00     0.0000000000E+00
   -0.1163529051E+04     0.0000000000E+00     0.0000000000E+00     0.0000000000E+00     0.0000000000E+00
   -0.1162301540E+04     0.0000000000E+00     0.0000000000E+00     0.0000000000E+00     0.0000000000E+00
   -0.1160884922E+04     0.0000000000E+00     0.0000000000E+00     0.0000000000E+00     0.0000000000E+00
   -0.1159315885E+04     0.0000000000E+00     0.0000000000E+00     0.0000000000E+00     0.0000000000E+00
   -0.1157635069E+04     0.0000000000E+00     0.0000000000E+00     0.0000000000E+00     0.0000000000E+00
   -0.1155886005E+04     0.0000000000E+00     0.0000000000E+00     0.0000000000E+00     0.0000000000E+00
   -0.1154113995E+04     0.0000000000E+00     0.0000000000E+00     0.0000000000E+00     0.0000000000E+00
   -0.1152364931E+04     0.0000000000E+00     0.0000000000E+00     0.0000000000E+00     0.0000000000E+00
   -0.1150684115E+04     0.0000000000E+00     0.0000000000E+00     0.0000000000E+00     0.0000000000E+00
   -0.1149115078E+04     0.0000000000E+00     0.0000000000E+00     0.0000000000E+00     0.0000000000E+00
   -0.1147698460E+04     0.0000000000E+00     0.0000000000E+00     0.0000000000E+00     0.0000000000E+00
   -0.1146470949E+04     0.0000000000E+00     0.0000000000E+00     0.0000000000E+00     0.0000000000E+00
   -0.1145464342E+04     0.0000000000E+00     0.0000000000E+00     0.0000000000E+00     0.0000000000E+00
   -0.1144704721E+04     0.0000000000E+00     0.0000000000E+00     0.0000000000E+00     0.0000000000E+00
   -0.1144211819E+04     0.0000000000E+00     0.0000000000E+00     0.0000000000E+00     0.0000000000E+00
   -0.1144000000E+04     0.0000000000E+00     0.0000000000E+00     0.0000000000E+00     0.0000000000E+00
   -0.1143788181E+04     0.0000000000E+00     0.0000000000E+00     0.0000000000E+00     0.0000000000E+00
   -0.1143295279E+04     0.0000000000E+00     0.0000000000E+00     0.0000000000E+00     0.0000000000E+00
   -0.1142535658E+04     0.0000000000E+00     0.0000000000E+00     0.0000000000E+00     0.0000000000E+00
   -0.1141529051E+04     0.0000000000E+00     0.0000000000E+00     0.0000000000E+00     0.0000000000E+00
   -0.1140301540E+04     0.0000000000E+00     0.0000000000E+00     0.0000000000E+00     0.0000000000E+00
   -0.1138884922E+04     0.0000000000E+00     0.0000000000E+00     0.0000000000E+00     0.0000000000E+00
   -0.1137315885E+04     0.0000000000E+00     0.0000000000E+00     0.0000000000E+00     0.0000000000E+00
   -0.1135635069E+04     0.0000000000E+00     0.0000000000E+00     0.0000000000E+00     0.0000000000E+00
   -0.1133886005E+04     0.0000000000E+00     0.0000000000E+00     0.0000000000E+00     0.0000000000E+00
   -0.1132113995E+04     0.0000000000E+00     0.0000000000E+00     0.0000000000E+00     0.0000000000E+00
   -0.1130364931E+04     0.0000000000E+00     0.0000000000E+00     0.0000000000E+00     0.0000000000E+00
   -0.1128684115E+04     0.0000000000E+00     0.0000000000E+00     0.0000000000E+00     0.0000000000E+00
   -0.1127115078E+04     0.0000000000E+00     0.0000000000E+00     0.0000000000E+00     0.0000000000E+00
   -0.1125698460E+04     0.0000000000E+00     0.0000000000E+00     0.0000000000E+00     0.0000000000E+00
   -0.1124470949E+04     0.0000000000E+00     0.0000000000E+00     0.0000000000E+00     0.0000000000E+00
   -0.1123464342E+04     0.0000000000E+00     0.0000000000E+00     0.0000000000E+00     0.0000000000E+00
   -0.1122704721E+04     0.0000000000E+00     0.0000000000E+00     0.0000000000E+00     0.0000000000E+00
   -0.1122211819E+04     0.0000000000E+00     0.0000000000E+00     0.0000000000E+00     0.0000000000E+00
   -0.1122000000E+04     0.0000000000E+00     0.0000000000E+00     0.0000000000E+00     0.0000000000E+00
   -0.1121788181E+04     0.0000000000E+00     0.0000000000E+00     0.0000000000E+00     0.0000000000E+00
   -0.1121295279E+04     0.0000000000E+00     0.0000000000E+00     0.0000000000E+00     0.0000000000E+00
   -0.1120535658E+04     0.0000000000E+00     0.0000000000E+00     0.0000000000E+00     0.0000000000E+00
   -0.1119529051E+04     0.0000000000E+00     0.0000000000E+00     0.0000000000E+00     0.0000000000E+00
   -0.1118301540E+04     0.0000000000E+00     0.0000000000E+00     0.0000000000E+00     0.0000000000E+00
   -0.1116884922E+04     0.0000000000E+00     0.0000000000E+00     0.0000000000E+00     0.0000000000E+00
   -0.1115315885E+04     0.0000000000E+00     0.0000000000E+00     0.0000000000E+00     0.0000000000E+00
   -0.1113635069E+04     0.0000000000E+00     0.0000000000E+00     0.0000000000E+00     0.0000000000E+00
   -0.1111886005E+04     0.0000000000E+00     0.0000000000E+00     0.0000000000E+00     0.0000000000E+00
   -0.1110113995E+04     0.0000000000E+00     0.0000000000E+00     0.0000000000E+00     0.0000000000E+00
   -0.1108364931E+04     0.0000000000E+00     0.0000000000E+00     0.0000000000E+00     0.0000000000E+00
   -0.1106684115E+04     0.0000000000E+00     0.0000000000E+00     0.0000000000E+00     0.0000000000E+00
   -0.1105115078E+04     0.0000000000E+00     0.0000000000E+00     0.0000000000E+00     0.0000000000E+00
   -0.1103698460E+04     0.0000000000E+00     0.0000000000E+00     0.0000000000E+00     0.0000000000E+00
   -0.1102470949E+04     0.0000000000E+00     0.0000000000E+00     0.0000000000E+00     0.0000000000E+00
   -0.1101464342E+04     0.0000000000E+00     0.0000000000E+00     0.0000000000E+00     0.0000000000E+00
   -0.1100704721E+04     0.0000000000E+00     0.0000000000E+00     0.0000000000E+00     0.0000000000E+00
   -0.1100211819E+04     0.0000000000E+00     0.0000000000E+00     0.0000000000E+00     0.0000000000E+00
   -0.1100000000E+04     0.0000000000E+00     0.0000000000E+00     0.0000000000E+00     0.0000000000E+00
   -0.1099788181E+04     0.0000000000E+00     0.0000000000E+00     0.0000000000E+00     0.0000000000E+00
   -0.1099295279E+04     0.0000000000E+00     0.0000000000E+00     0.0000000000E+00     0.0000000000E+00
   -0.1098535658E+04     0.0000000000E+00     0.0000000000E+00     0.0000000000E+00     0.0000000000E+00
   -0.1097529051E+04     0.0000000000E+00     0.0000000000E+00     0.0000000000E+00     0.0000000000E+00
   -0.1096301540E+04     0.0000000000E+00     0.0000000000E+00     0.0000000000E+00     0.0000000000E+00
   -0.1094884922E+04     0.0000000000E+00     0.0000000000E+00     0.0000000000E+00     0.0000000000E+00
   -0.1093315885E+04     0.0000000000E+00     0.0000000000E+00     0.0000000000E+00     0.0000000000E+00
   -0.1091635069E+04     0.0000000000E+00     0.0000000000E+00     0.0000000000E+00     0.0000000000E+00
   -0.1089886005E+04     0.0000000000E+00     0.0000000000E+00     0.0000000000E+00     0.0000000000E+00
   -0.1088113995E+04     0.0000000000E+00     0.0000000000E+00     0.0000000000E+00     0.0000000000E+00
   -0.1086364931E+04     0.0000000000E+00     0.0000000000E+00     0.0000000000E+00     0.0000000000E+00
   -0.1084684115E+04     0.0000000000E+00     0.0000000000E+00     0.0000000000E+00     0.0000000000E+00
   -0.1083115078E+04     0.0000000000E+00     0.0000000000E+00     0.0000000000E+00     0.0000000000E+00
   -0.1081698460E+04     0.0000000000E+00     0.0000000000E+00     0.0000000000E+00     0.0000000000E+00
   -0.1080470949E+04     0.0000000000E+00     0.0000000000E+00     0.0000000000E+00     0.0000000000E+00
   -0.1079464342E+04     0.0000000000E+00     0.0000000000E+00     0.0000000000E+00     0.0000000000E+00
   -0.1078704721E+04     0.0000000000E+00     0.0000000000E+00     0.0000000000E+00     0.0000000000E+00
   -0.1078211819E+04     0.0000000000E+00     0.0000000000E+00     0.0000000000E+00     0.0000000000E+00
   -0.1078000000E+04     0.0000000000E+00     0.0000000000E+00     0.0000000000E+00     0.0000000000E+00
   -0.1077788181E+04     0.0000000000E+00     0.0000000000E+00     0.0000000000E+00     0.0000000000E+00
   -0.1077295279E+04     0.0000000000E+00     0.0000000000E+00     0.0000000000E+00     0.0000000000E+00
   -0.1076535658E+04     0.0000000000E+00     0.0000000000E+00     0.0000000000E+00     0.0000000000E+00
   -0.1075529051E+04     0.0000000000E+00     0.0000000000E+00     0.0000000000E+00     0.0000000000E+00
   -0.1074301540E+04     0.0000000000E+00     0.0000000000E+00     0.0000000000E+00     0.0000000000E+00
   -0.1072884922E+04     0.0000000000E+00     0.0000000000E+00     0.0000000000E+00     0.0000000000E+00
   -0.1071315885E+04     0.0000000000E+00     0.0000000000E+00     0.0000000000E+00     0.0000000000E+00
   -0.1069635069E+04     0.0000000000E+00     0.0000000000E+00     0.0000000000E+00     0.0000000000E+00
   -0.1067886005E+04     0.0000000000E+00     0.0000000000E+00     0.0000000000E+00     0.0000000000E+00
   -0.1066113995E+04     0.0000000000E+00     0.0000000000E+00     0.0000000000E+00     0.0000000000E+00
   -0.1064364931E+04     0.0000000000E+00     0.0000000000E+00     0.0000000000E+00     0.0000000000E+00
   -0.1062684115E+04     0.0000000000E+00     0.0000000000E+00     0.0000000000E+00     0.0000000000E+00
   -0.1061115078E+04     0.0000000000E+00     0.0000000000E+00     0.0000000000E+00     0.0000000000E+00
   -0.1059698460E+04     0.0000000000E+00     0.0000000000E+00     0.0000000000E+00     0.0000000000E+00
   -0.1058470949E+04     0.0000000000E+00     0.0000000000E+00     0.0000000000E+00     0.0000000000E+00
   -0.1057464342E+04     0.0000000000E+00     0.0000000000E+00     0.0000000000E+00     0.0000000000E+00
   -0.1056704721E+04     0.0000000000E+00     0.0000000000E+00     0.0000000000E+00     0.0000000000E+00
   -0.1056211819E+04     0.0000000000E+00     0.0000000000E+00     0.0000000000E+00     0.0000000000E+00
   -0.1056000000E+04     0.0000000000E+00     0.0000000000E+00     0.0000000000E+00     0.0000000000E+00
   -0.1055788181E+04     0.0000000000E+00     0.0000000000E+00     0.0000000000E+00     0.0000000000E+00
   -0.1055295279E+04     0.0000000000E+00     0.0000000000E+00     0.0000000000E+00     0.0000000000E+00
   -0.1054535658E+04     0.0000000000E+00     0.0000000000E+00     0.0000000000E+00     0.0000000000E+00
   -0.1053529051E+04     0.0000000000E+00     0.0000000000E+00     0.0000000000E+00     0.0000000000E+00
   -0.1052301540E+04     0.0000000000E+00     0.0000000000E+00     0.0000000000E+00     0.0000000000E+00
   -0.1050884922E+04     0.0000000000E+00     0.0000000000E+00     0.0000000000E+00     0.0000000000E+00
   -0.1049315885E+04     0.0000000000E+00     0.0000000000E+00     0.0000000000E+00     0.0000000000E+00
   -0.1047635069E+04     0.0000000000E+00     0.0000000000E+00     0.0000000000E+00     0.0000000000E+00
   -0.1045886005E+04     0.0000000000E+00     0.0000000000E+00     0.0000000000E+00     0.0000000000E+00
   -0.1044113995E+04     0.0000000000E+00     0.0000000000E+00     0.0000000000E+00     0.0000000000E+00
   -0.1042364931E+04     0.0000000000E+00     0.0000000000E+00     0.0000000000E+00     0.0000000000E+00
   -0.1040684115E+04     0.0000000000E+00     0.0000000000E+00     0.0000000000E+00     0.0000000000E+00
   -0.1039115078E+04     0.0000000000E+00     0.0000000000E+00     0.0000000000E+00     0.0000000000E+00
   -0.1037698460E+04     0.0000000000E+00     0.0000000000E+00     0.0000000000E+00     0.0000000000E+00
   -0.1036470949E+04     0.0000000000E+00     0.0000000000E+00     0.0000000000E+00     0.0000000000E+00
   -0.1035464342E+04     0.0000000000E+00     0.0000000000E+00     0.0000000000E+00     0.0000000000E+00
   -0.1034704721E+04     0.0000000000E+00     0.0000000000E+00     0.0000000000E+00     0.0000000000E+00
   -0.1034211819E+04     0.0000000000E+00     0.0000000000E+00     0.0000000000E+00     0.0000000000E+00
   -0.1034000000E+04     0.0000000000E+00     0.0000000000E+00     0.0000000000E+00     0.0000000000E+00
   -0.1033788181E+04     0.0000000000E+00     0.0000000000E+00     0.0000000000E+00     0.0000000000E+00
   -0.1033295279E+04     0.0000000000E+00     0.0000000000E+00     0.0000000000E+00     0.0000000000E+00
   -0.1032535658E+04     0.0000000000E+00     0.0000000000E+00     0.0000000000E+00     0.0000000000E+00
   -0.1031529051E+04     0.0000000000E+00     0.0000000000E+00     0.0000000000E+00     0.0000000000E+00
   -0.1030301540E+04     0.0000000000E+00     0.0000000000E+00     0.0000000000E+00     0.0000000000E+00
   -0.1028884922E+04     0.0000000000E+00     0.0000000000E+00     0.0000000000E+00     0.0000000000E+00
   -0.1027315885E+04     0.0000000000E+00     0.0000000000E+00     0.0000000000E+00     0.0000000000E+00
   -0.1025635069E+04     0.0000000000E+00     0.0000000000E+00     0.0000000000E+00     0.0000000000E+00
   -0.1023886005E+04     0.0000000000E+00     0.0000000000E+00     0.0000000000E+00     0.0000000000E+00
   -0.1022113995E+04     0.0000000000E+00     0.0000000000E+00     0.0000000000E+00     0.0000000000E+00
   -0.1020364931E+04     0.0000000000E+00     0.0000000000E+00     0.0000000000E+00     0.0000000000E+00
   -0.1018684115E+04     0.0000000000E+00     0.0000000000E+00     0.0000000000E+00     0.0000000000E+00
   -0.1017115078E+04     0.0000000000E+00     0.0000000000E+00     0.0000000000E+00     0.0000000000E+00
   -0.1015698460E+04     0.0000000000E+00     0.0000000000E+00     0.0000000000E+00     0.0000000000E+00
   -0.1014470949E+04     0.0000000000E+00     0.0000000000E+00     0.0000000000E+00     0.0000000000E+00
   -0.1013464342E+04     0.0000000000E+00     0.0000000000E+00     0.0000000000E+00     0.0000000000E+00
   -0.1012704721E+04     0.0000000000E+00     0.0000000000E+00     0.0000000000E+00     0.0000000000E+00
   -0.1012211819E+04     0.0000000000E+00     0.0000000000E+00     0.0000000000E+00     0.0000000000E+00
   -0.1012000000E+04     0.0000000000E+00     0.0000000000E+00     0.0000000000E+00     0.0000000000E+00
   -0.1011788181E+04     0.0000000000E+00     0.0000000000E+00     0.0000000000E+00     0.0000000000E+00
   -0.1011295279E+04     0.0000000000E+00     0.0000000000E+00     0.0000000000E+00     0.0000000000E+00
   -0.1010535658E+04     0.0000000000E+00     0.0000000000E+00     0.0000000000E+00     0.0000000000E+00
   -0.1009529051E+04     0.0000000000E+00     0.0000000000E+00     0.0000000000E+00     0.0000000000E+00
   -0.1008301540E+04     0.0000000000E+00     0.0000000000E+00     0.0000000000E+00     0.0000000000E+00
   -0.1006884922E+04     0.0000000000E+00     0.0000000000E+00     0.0000000000E+00     0.0000000000E+00
   -0.1005315885E+04     0.0000000000E+00     0.0000000000E+00     0.0000000000E+00     0.0000000000E+00
   -0.1003635069E+04     0.0000000000E+00     0.0000000000E+00     0.0000000000E+00     0.0000000000E+00
   -0.1001886005E+04     0.0000000000E+00     0.0000000000E+00     0.0000000000E+00     0.0000000000E+00
   -0.1000113995E+04     0.0000000000E+00     0.0000000000E+00     0.0000000000E+00     0.0000000000E+00
   -0.9983649312E+03     0.0000000000E+00     0.0000000000E+00     0.0000000000E+00     0.0000000000E+00
   -0.9966841150E+03     0.0000000000E+00     0.0000000000E+00     0.0000000000E+00     0.0000000000E+00
   -0.9951150785E+03     0.0000000000E+00     0.0000000000E+00     0.0000000000E+00     0.0000000000E+00
   -0.9936984596E+03     0.0000000000E+00     0.0000000000E+00     0.0000000000E+00     0.0000000000E+00
   -0.9924709491E+03     0.0000000000E+00     0.0000000000E+00     0.0000000000E+00     0.0000000000E+00
   -0.9914643422E+03     0.0000000000E+00     0.0000000000E+00     0.0000000000E+00     0.0000000000E+00
   -0.9907047205E+03     0.0000000000E+00     0.0000000000E+00     0.0000000000E+00     0.0000000000E+00
   -0.9902118192E+03     0.0000000000E+00     0.0000000000E+00     0.0000000000E+00     0.0000000000E+00
   -0.9900000000E+03     0.0000000000E+00     0.0000000000E+00     0.0000000000E+00     0.0000000000E+00
   -0.9897881808E+03     0.0000000000E+00     0.0000000000E+00     0.0000000000E+00     0.0000000000E+00
   -0.9892952795E+03     0.0000000000E+00     0.0000000000E+00     0.0000000000E+00     0.0000000000E+00
   -0.9885356578E+03     0.0000000000E+00     0.0000000000E+00     0.0000000000E+00     0.0000000000E+00
   -0.9875290509E+03     0.0000000000E+00     0.0000000000E+00     0.0000000000E+00     0.0000000000E+00
   -0.9863015404E+03     0.0000000000E+00     0.0000000000E+00     0.0000000000E+00     0.0000000000E+00
   -0.9848849215E+03     0.0000000000E+00     0.0000000000E+00     0.0000000000E+00     0.0000000000E+00
   -0.9833158850E+03     0.0000000000E+00     0.0000000000E+00     0.0000000000E+00     0.0000000000E+00
   -0.9816350688E+03     0.0000000000E+00     0.0000000000E+00     0.0000000000E+00     0.0000000000E+00
   -0.9798860053E+03     0.0000000000E+00     0.0000000000E+00     0.0000000000E+00     0.0000000000E+00
   -0.9781139947E+03     0.0000000000E+00     0.0000000000E+00     0.0000000000E+00     0.0000000000E+00
   -0.9763649312E+03     0.0000000000E+00     0.0000000000E+00     0.0000000000E+00     0.0000000000E+00
   -0.9746841150E+03     0.0000000000E+00     0.0000000000E+00     0.0000000000E+00     0.0000000000E+00
   -0.9731150785E+03     0.0000000000E+00     0.0000000000E+00     0.0000000000E+00     0.0000000000E+00
   -0.9716984596E+03     0.0000000000E+00     0.0000000000E+00     0.0000000000E+00     0.0000000000E+00
   -0.9704709491E+03     0.0000000000E+00     0.0000000000E+00     0.0000000000E+00     0.0000000000E+00
   -0.9694643422E+03     0.0000000000E+00     0.0000000000E+00     0.0000000000E+00     0.0000000000E+00
   -0.9687047205E+03     0.0000000000E+00     0.0000000000E+00     0.0000000000E+00     0.0000000000E+00
   -0.9682118192E+03     0.0000000000E+00     0.0000000000E+00     0.0000000000E+00     0.0000000000E+00
   -0.9680000000E+03     0.0000000000E+00     0.0000000000E+00     0.0000000000E+00     0.0000000000E+00
   -0.9677881808E+03     0.0000000000E+00     0.0000000000E+00     0.0000000000E+00     0.0000000000E+00
   -0.9672952795E+03     0.0000000000E+00     0.0000000000E+00     0.0000000000E+00     0.0000000000E+00
   -0.9665356578E+03     0.0000000000E+00     0.0000000000E+00     0.0000000000E+00     0.0000000000E+00
   -0.9655290509E+03     0.0000000000E+00     0.0000000000E+00     0.0000000000E+00     0.0000000000E+00
   -0.9643015404E+03     0.0000000000E+00     0.0000000000E+00     0.0000000000E+00     0.0000000000E+00
   -0.9628849215E+03     0.0000000000E+00     0.0000000000E+00     0.0000000000E+00     0.0000000000E+00
   -0.9613158850E+03     0.0000000000E+00     0.0000000000E+00     0.0000000000E+00     0.0000000000E+00
   -0.9596350688E+03     0.0000000000E+00     0.0000000000E+00     0.0000000000E+00     0.0000000000E+00
   -0.9578860053E+03     0.0000000000E+00     0.0000000000E+00     0.0000000000E+00     0.0000000000E+00
   -0.9561139947E+03     0.0000000000E+00     0.0000000000E+00     0.0000000000E+00     0.0000000000E+00
   -0.9543649312E+03     0.0000000000E+00     0.0000000000E+00     0.0000000000E+00     0.0000000000E+00
   -0.9526841150E+03     0.0000000000E+00     0.0000000000E+00     0.0000000000E+00     0.0000000000E+00
   -0.9511150785E+03     0.0000000000E+00     0.0000000000E+00     0.0000000000E+00     0.0000000000E+00
   -0.9496984596E+03     0.0000000000E+00     0.0000000000E+00     0.0000000000E+00     0.0000000000E+00
   -0.9484709491E+03     0.0000000000E+00     0.0000000000E+00     0.0000000000E+00     0.0000000000E+00
   -0.9474643422E+03     0.0000000000E+00     0.0000000000E+00     0.0000000000E+00     0.0000000000E+00
   -0.9467047205E+03     0.0000000000E+00     0.0000000000E+00     0.0000000000E+00     0.0000000000E+00
   -0.9462118192E+03     0.0000000000E+00     0.0000000000E+00     0.0000000000E+00     0.0000000000E+00
   -0.9460000000E+03     0.0000000000E+00     0.0000000000E+00     0.0000000000E+00     0.0000000000E+00
   -0.9457881808E+03     0.0000000000E+00     0.0000000000E+00     0.0000000000E+00     0.0000000000E+00
   -0.9452952795E+03     0.0000000000E+00     0.0000000000E+00     0.0000000000E+00     0.0000000000E+00
   -0.9445356578E+03     0.0000000000E+00     0.0000000000E+00     0.0000000000E+00     0.0000000000E+00
   -0.9435290509E+03     0.0000000000E+00     0.0000000000E+00     0.0000000000E+00     0.0000000000E+00
   -0.9423015404E+03     0.0000000000E+00     0.0000000000E+00     0.0000000000E+00     0.0000000000E+00
   -0.9408849215E+03     0.0000000000E+00     0.0000000000E+00     0.0000000000E+00     0.0000000000E+00
   -0.9393158850E+03     0.0000000000E+00     0.0000000000E+00     0.0000000000E+00     0.0000000000E+00
   -0.9376350688E+03     0.0000000000E+00     0.0000000000E+00     0.0000000000E+00     0.0000000000E+00
   -0.9358860053E+03     0.0000000000E+00     0.0000000000E+00     0.0000000000E+00     0.0000000000E+00
   -0.9341139947E+03     0.0000000000E+00     0.0000000000E+00     0.0000000000E+00     0.0000000000E+00
   -0.9323649312E+03     0.0000000000E+00     0.0000000000E+00     0.0000000000E+00     0.0000000000E+00
   -0.9306841150E+03     0.0000000000E+00     0.0000000000E+00     0.0000000000E+00     0.0000000000E+00
   -0.9291150785E+03     0.0000000000E+00     0.0000000000E+00     0.0000000000E+00     0.0000000000E+00
   -0.9276984596E+03     0.0000000000E+00     0.0000000000E+00     0.0000000000E+00     0.0000000000E+00
   -0.9264709491E+03     0.0000000000E+00     0.0000000000E+00     0.0000000000E+00     0.0000000000E+00
   -0.9254643422E+03     0.0000000000E+00     0.0000000000E+00     0.0000000000E+00     0.0000000000E+00
   -0.9247047205E+03     0.0000000000E+00     0.0000000000E+00     0.0000000000E+00     0.0000000000E+00
   -0.9242118192E+03     0.0000000000E+00     0.0000000000E+00     0.0000000000E+00     0.0000000000E+00
   -0.9240000000E+03     0.0000000000E+00     0.0000000000E+00     0.0000000000E+00     0.0000000000E+00
   -0.9237881808E+03     0.0000000000E+00     0.0000000000E+00     0.0000000000E+00     0.0000000000E+00
   -0.9232952795E+03     0.0000000000E+00     0.0000000000E+00     0.0000000000E+00     0.0000000000E+00
   -0.9225356578E+03     0.0000000000E+00     0.0000000000E+00     0.0000000000E+00     0.0000000000E+00
   -0.9215290509E+03     0.0000000000E+00     0.0000000000E+00     0.0000000000E+00     0.0000000000E+00
   -0.9203015404E+03     0.0000000000E+00     0.0000000000E+00     0.0000000000E+00     0.0000000000E+00
   -0.9188849215E+03     0.0000000000E+00     0.0000000000E+00     0.0000000000E+00     0.0000000000E+00
   -0.9173158850E+03     0.0000000000E+00     0.0000000000E+00     0.0000000000E+00     0.0000000000E+00
   -0.9156350688E+03     0.0000000000E+00     0.0000000000E+00     0.0000000000E+00     0.0000000000E+00
   -0.9138860053E+03     0.0000000000E+00     0.0000000000E+00     0.0000000000E+00     0.0000000000E+00
   -0.9121139947E+03     0.0000000000E+00     0.0000000000E+00     0.0000000000E+00     0.0000000000E+00
   -0.9103649312E+03     0.0000000000E+00     0.0000000000E+00     0.0000000000E+00     0.0000000000E+00
   -0.9086841150E+03     0.0000000000E+00     0.0000000000E+00     0.0000000000E+00     0.0000000000E+00
   -0.9071150785E+03     0.0000000000E+00     0.0000000000E+00     0.0000000000E+00     0.0000000000E+00
   -0.9056984596E+03     0.0000000000E+00     0.0000000000E+00     0.0000000000E+00     0.0000000000E+00
   -0.9044709491E+03     0.0000000000E+00     0.0000000000E+00     0.0000000000E+00     0.0000000000E+00
   -0.9034643422E+03     0.0000000000E+00     0.0000000000E+00     0.0000000000E+00     0.0000000000E+00
   -0.9027047205E+03     0.0000000000E+00     0.0000000000E+00     0.0000000000E+00     0.0000000000E+00
   -0.9022118192E+03     0.0000000000E+00     0.0000000000E+00     0.0000000000E+00     0.0000000000E+00
   -0.9020000000E+03     0.0000000000E+00     0.0000000000E+00     0.0000000000E+00     0.0000000000E+00
   -0.9017881808E+03     0.0000000000E+00     0.0000000000E+00     0.0000000000E+00     0.0000000000E+00
   -0.9012952795E+03     0.0000000000E+00     0.0000000000E+00     0.0000000000E+00     0.0000000000E+00
   -0.9005356578E+03     0.0000000000E+00     0.0000000000E+00     0.0000000000E+00     0.0000000000E+00
   -0.8995290509E+03     0.0000000000E+00     0.0000000000E+00     0.0000000000E+00     0.0000000000E+00
   -0.8983015404E+03     0.0000000000E+00     0.0000000000E+00     0.0000000000E+00     0.0000000000E+00
   -0.8968849215E+03     0.0000000000E+00     0.0000000000E+00     0.0000000000E+00     0.0000000000E+00
   -0.8953158850E+03     0.0000000000E+00     0.0000000000E+00     0.0000000000E+00     0.0000000000E+00
   -0.8936350688E+03     0.0000000000E+00     0.0000000000E+00     0.0000000000E+00     0.0000000000E+00
   -0.8918860053E+03     0.0000000000E+00     0.0000000000E+00     0.0000000000E+00     0.0000000000E+00
   -0.8901139947E+03     0.0000000000E+00     0.0000000000E+00     0.0000000000E+00     0.0000000000E+00
   -0.8883649312E+03     0.0000000000E+00     0.0000000000E+00     0.0000000000E+00     0.0000000000E+00
   -0.8866841150E+03     0.0000000000E+00     0.0000000000E+00     0.0000000000E+00     0.0000000000E+00
   -0.8851150785E+03     0.0000000000E+00     0.0000000000E+00     0.0000000000E+00     0.0000000000E+00
   -0.8836984596E+03     0.0000000000E+00     0.0000000000E+00     0.0000000000E+00     0.0000000000E+00
   -0.8824709491E+03     0.0000000000E+00     0.0000000000E+00     0.0000000000E+00     0.0000000000E+00
   -0.8814643422E+03     0.0000000000E+00     0.0000000000E+00     0.0000000000E+00     0.0000000000E+00
   -0.8807047205E+03     0.0000000000E+00     0.0000000000E+00     0.0000000000E+00     0.0000000000E+00
   -0.8802118192E+03     0.0000000000E+00     0.0000000000E+00     0.0000000000E+00     0.0000000000E+00
   -0.8800000000E+03     0.0000000000E+00     0.0000000000E+00     0.0000000000E+00     0.0000000000E+00
   -0.8797881808E+03     0.0000000000E+00     0.0000000000E+00     0.0000000000E+00     0.0000000000E+00
   -0.8792952795E+03     0.0000000000E+00     0.0000000000E+00     0.0000000000E+00     0.0000000000E+00
   -0.8785356578E+03     0.0000000000E+00     0.0000000000E+00     0.0000000000E+00     0.0000000000E+00
   -0.8775290509E+03     0.0000000000E+00     0.0000000000E+00     0.0000000000E+00     0.0000000000E+00
   -0.8763015404E+03     0.0000000000E+00     0.0000000000E+00     0.0000000000E+00     0.0000000000E+00
   -0.8748849215E+03     0.0000000000E+00     0.0000000000E+00     0.0000000000E+00     0.0000000000E+00
   -0.8733158850E+03     0.0000000000E+00     0.0000000000E+00     0.0000000000E+00     0.0000000000E+00
   -0.8716350688E+03     0.0000000000E+00     0.0000000000E+00     0.0000000000E+00     0.0000000000E+00
   -0.8698860053E+03     0.0000000000E+00     0.0000000000E+00     0.0000000000E+00     0.0000000000E+00
   -0.8681139947E+03     0.0000000000E+00     0.0000000000E+00     0.0000000000E+00     0.0000000000E+00
   -0.8663649312E+03     0.0000000000E+00     0.0000000000E+00     0.0000000000E+00     0.0000000000E+00
   -0.8646841150E+03     0.0000000000E+00     0.0000000000E+00     0.0000000000E+00     0.0000000000E+00
   -0.8631150785E+03     0.0000000000E+00     0.0000000000E+00     0.0000000000E+00     0.0000000000E+00
   -0.8616984596E+03     0.0000000000E+00     0.0000000000E+00     0.0000000000E+00     0.0000000000E+00
   -0.8604709491E+03     0.0000000000E+00     0.0000000000E+00     0.0000000000E+00     0.0000000000E+00
   -0.8594643422E+03     0.0000000000E+00     0.0000000000E+00     0.0000000000E+00     0.0000000000E+00
   -0.8587047205E+03     0.0000000000E+00     0.0000000000E+00     0.0000000000E+00     0.0000000000E+00
   -0.8582118192E+03     0.0000000000E+00     0.0000000000E+00     0.0000000000E+00     0.0000000000E+00
   -0.8580000000E+03     0.0000000000E+00     0.0000000000E+00     0.0000000000E+00     0.0000000000E+00
   -0.8577881808E+03     0.0000000000E+00     0.0000000000E+00     0.0000000000E+00     0.0000000000E+00
   -0.8572952795E+03     0.0000000000E+00     0.0000000000E+00     0.0000000000E+00     0.0000000000E+00
   -0.8565356578E+03     0.0000000000E+00     0.0000000000E+00     0.0000000000E+00     0.0000000000E+00
   -0.8555290509E+03     0.0000000000E+00     0.0000000000E+00     0.0000000000E+00     0.0000000000E+00
   -0.8543015404E+03     0.0000000000E+00     0.0000000000E+00     0.0000000000E+00     0.0000000000E+00
   -0.8528849215E+03     0.0000000000E+00     0.0000000000E+00     0.0000000000E+00     0.0000000000E+00
   -0.8513158850E+03     0.0000000000E+00     0.0000000000E+00     0.0000000000E+00     0.0000000000E+00
   -0.8496350688E+03     0.0000000000E+00     0.0000000000E+00     0.0000000000E+00     0.0000000000E+00
   -0.8478860053E+03     0.0000000000E+00     0.0000000000E+00     0.0000000000E+00     0.0000000000E+00
   -0.8461139947E+03     0.0000000000E+00     0.0000000000E+00     0.0000000000E+00     0.0000000000E+00
   -0.8443649312E+03     0.0000000000E+00     0.0000000000E+00     0.0000000000E+00     0.0000000000E+00
   -0.8426841150E+03     0.0000000000E+00     0.0000000000E+00     0.0000000000E+00     0.0000000000E+00
   -0.8411150785E+03     0.0000000000E+00     0.0000000000E+00     0.0000000000E+00     0.0000000000E+00
   -0.8396984596E+03     0.0000000000E+00     0.0000000000E+00     0.0000000000E+00     0.0000000000E+00
   -0.8384709491E+03     0.0000000000E+00     0.0000000000E+00     0.0000000000E+00     0.0000000000E+00
   -0.8374643422E+03     0.0000000000E+00     0.0000000000E+00     0.0000000000E+00     0.0000000000E+00
   -0.8367047205E+03     0.0000000000E+00     0.0000000000E+00     0.0000000000E+00     0.0000000000E+00
   -0.8362118192E+03     0.0000000000E+00     0.0000000000E+00     0.0000000000E+00     0.0000000000E+00
   -0.8360000000E+03     0.0000000000E+00     0.0000000000E+00     0.0000000000E+00     0.0000000000E+00
   -0.8357881808E+03     0.0000000000E+00     0.0000000000E+00     0.0000000000E+00     0.0000000000E+00
   -0.8352952795E+03     0.0000000000E+00     0.0000000000E+00     0.0000000000E+00     0.0000000000E+00
   -0.8345356578E+03     0.0000000000E+00     0.0000000000E+00     0.0000000000E+00     0.0000000000E+00
   -0.8335290509E+03     0.0000000000E+00     0.0000000000E+00     0.0000000000E+00     0.0000000000E+00
   -0.8323015404E+03     0.0000000000E+00     0.0000000000E+00     0.0000000000E+00     0.0000000000E+00
   -0.8308849215E+03     0.0000000000E+00     0.0000000000E+00     0.0000000000E+00     0.0000000000E+00
   -0.8293158850E+03     0.0000000000E+00     0.0000000000E+00     0.0000000000E+00     0.0000000000E+00
   -0.8276350688E+03     0.0000000000E+00     0.0000000000E+00     0.0000000000E+00     0.0000000000E+00
   -0.8258860053E+03     0.0000000000E+00     0.0000000000E+00     0.0000000000E+00     0.0000000000E+00
   -0.8241139947E+03     0.0000000000E+00     0.0000000000E+00     0.0000000000E+00     0.0000000000E+00
   -0.8223649312E+03     0.0000000000E+00     0.0000000000E+00     0.0000000000E+00     0.0000000000E+00
   -0.8206841150E+03     0.0000000000E+00     0.0000000000E+00     0.0000000000E+00     0.0000000000E+00
   -0.8191150785E+03     0.0000000000E+00     0.0000000000E+00     0.0000000000E+00     0.0000000000E+00
   -0.8176984596E+03     0.0000000000E+00     0.0000000000E+00     0.0000000000E+00     0.0000000000E+00
   -0.8164709491E+03     0.0000000000E+00     0.0000000000E+00     0.0000000000E+00     0.0000000000E+00
   -0.8154643422E+03     0.0000000000E+00     0.0000000000E+00     0.0000000000E+00     0.0000000000E+00
   -0.8147047205E+03     0.0000000000E+00     0.0000000000E+00     0.0000000000E+00     0.0000000000E+00
   -0.8142118192E+03     0.0000000000E+00     0.0000000000E+00     0.0000000000E+00     0.0000000000E+00
   -0.8140000000E+03     0.0000000000E+00     0.0000000000E+00     0.0000000000E+00     0.0000000000E+00
   -0.8137881808E+03     0.0000000000E+00     0.0000000000E+00     0.0000000000E+00     0.0000000000E+00
   -0.8132952795E+03     0.0000000000E+00     0.0000000000E+00     0.0000000000E+00     0.0000000000E+00
   -0.8125356578E+03     0.0000000000E+00     0.0000000000E+00     0.0000000000E+00     0.0000000000E+00
   -0.8115290509E+03     0.0000000000E+00     0.0000000000E+00     0.0000000000E+00     0.0000000000E+00
   -0.8103015404E+03     0.0000000000E+00     0.0000000000E+00     0.0000000000E+00     0.0000000000E+00
   -0.8088849215E+03     0.0000000000E+00     0.0000000000E+00     0.0000000000E+00     0.0000000000E+00
   -0.8073158850E+03     0.0000000000E+00     0.0000000000E+00     0.0000000000E+00     0.0000000000E+00
   -0.8056350688E+03     0.0000000000E+00     0.0000000000E+00     0.0000000000E+00     0.0000000000E+00
   -0.8038860053E+03     0.0000000000E+00     0.0000000000E+00     0.0000000000E+00     0.0000000000E+00
   -0.8021139947E+03     0.0000000000E+00     0.0000000000E+00     0.0000000000E+00     0.0000000000E+00
   -0.8003649312E+03     0.0000000000E+00     0.0000000000E+00     0.0000000000E+00     0.0000000000E+00
   -0.7986841150E+03     0.0000000000E+00     0.0000000000E+00     0.0000000000E+00     0.0000000000E+00
   -0.7971150785E+03     0.0000000000E+00     0.0000000000E+00     0.0000000000E+00     0.0000000000E+00
   -0.7956984596E+03     0.0000000000E+00     0.0000000000E+00     0.0000000000E+00     0.0000000000E+00
   -0.7944709491E+03     0.0000000000E+00     0.0000000000E+00     0.0000000000E+00     0.0000000000E+00
   -0.7934643422E+03     0.0000000000E+00     0.0000000000E+00     0.0000000000E+00     0.0000000000E+00
   -0.7927047205E+03     0.0000000000E+00     0.0000000000E+00     0.0000000000E+00     0.0000000000E+00
   -0.7922118192E+03     0.0000000000E+00     0.0000000000E+00     0.0000000000E+00     0.0000000000E+00
   -0.7920000000E+03     0.0000000000E+00     0.0000000000E+00     0.0000000000E+00     0.0000000000E+00
   -0.7917881808E+03     0.0000000000E+00     0.0000000000E+00     0.0000000000E+00     0.0000000000E+00
   -0.7912952795E+03     0.0000000000E+00     0.0000000000E+00     0.0000000000E+00     0.0000000000E+00
   -0.7905356578E+03     0.0000000000E+00     0.0000000000E+00     0.0000000000E+00     0.0000000000E+00
   -0.7895290509E+03     0.0000000000E+00     0.0000000000E+00     0.0000000000E+00     0.0000000000E+00
   -0.7883015404E+03     0.0000000000E+00     0.0000000000E+00     0.0000000000E+00     0.0000000000E+00
   -0.7868849215E+03     0.0000000000E+00     0.0000000000E+00     0.0000000000E+00     0.0000000000E+00
   -0.7853158850E+03     0.0000000000E+00     0.0000000000E+00     0.0000000000E+00     0.0000000000E+00
   -0.7836350688E+03     0.0000000000E+00     0.0000000000E+00     0.0000000000E+00     0.0000000000E+00
   -0.7818860053E+03     0.0000000000E+00     0.0000000000E+00     0.0000000000E+00     0.0000000000E+00
   -0.7801139947E+03     0.0000000000E+00     0.0000000000E+00     0.0000000000E+00     0.0000000000E+00
   -0.7783649312E+03     0.0000000000E+00     0.0000000000E+00     0.0000000000E+00     0.0000000000E+00
   -0.7766841150E+03     0.0000000000E+00     0.0000000000E+00     0.0000000000E+00     0.0000000000E+00
   -0.7751150785E+03     0.0000000000E+00     0.0000000000E+00     0.0000000000E+00     0.0000000000E+00
   -0.7736984596E+03     0.0000000000E+00     0.0000000000E+00     0.0000000000E+00     0.0000000000E+00
   -0.7724709491E+03     0.0000000000E+00     0.0000000000E+00     0.0000000000E+00     0.0000000000E+00
   -0.7714643422E+03     0.0000000000E+00     0.0000000000E+00     0.0000000000E+00     0.0000000000E+00
   -0.7707047205E+03     0.0000000000E+00     0.0000000000E+00     0.0000000000E+00     0.0000000000E+00
   -0.7702118192E+03     0.0000000000E+00     0.0000000000E+00     0.0000000000E+00     0.0000000000E+00
   -0.7700000000E+03     0.0000000000E+00     0.0000000000E+00     0.0000000000E+00     0.0000000000E+00
   -0.7697881808E+03     0.0000000000E+00     0.0000000000E+00     0.0000000000E+00     0.0000000000E+00
   -0.7692952795E+03     0.0000000000E+00     0.0000000000E+00     0.0000000000E+00     0.0000000000E+00
   -0.7685356578E+03     0.0000000000E+00     0.0000000000E+00     0.0000000000E+00     0.0000000000E+00
   -0.7675290509E+03     0.0000000000E+00     0.0000000000E+00     0.0000000000E+00     0.0000000000E+00
   -0.7663015404E+03     0.0000000000E+00     0.0000000000E+00     0.0000000000E+00     0.0000000000E+00
   -0.7648849215E+03     0.0000000000E+00     0.0000000000E+00     0.0000000000E+00     0.0000000000E+00
   -0.7633158850E+03     0.0000000000E+00     0.0000000000E+00     0.0000000000E+00     0.0000000000E+00
   -0.7616350688E+03     0.0000000000E+00     0.0000000000E+00     0.0000000000E+00     0.0000000000E+00
   -0.7598860053E+03     0.0000000000E+00     0.0000000000E+00     0.0000000000E+00     0.0000000000E+00
   -0.7581139947E+03     0.0000000000E+00     0.0000000000E+00     0.0000000000E+00     0.0000000000E+00
   -0.7563649312E+03     0.0000000000E+00     0.0000000000E+00     0.0000000000E+00     0.0000000000E+00
   -0.7546841150E+03     0.0000000000E+00     0.0000000000E+00     0.0000000000E+00     0.0000000000E+00
   -0.7531150785E+03     0.0000000000E+00     0.0000000000E+00     0.0000000000E+00     0.0000000000E+00
   -0.7516984596E+03     0.0000000000E+00     0.0000000000E+00     0.0000000000E+00     0.0000000000E+00
   -0.7504709491E+03     0.0000000000E+00     0.0000000000E+00     0.0000000000E+00     0.0000000000E+00
   -0.7494643422E+03     0.0000000000E+00     0.0000000000E+00     0.0000000000E+00     0.0000000000E+00
   -0.7487047205E+03     0.0000000000E+00     0.0000000000E+00     0.0000000000E+00     0.0000000000E+00
   -0.7482118192E+03     0.0000000000E+00     0.0000000000E+00     0.0000000000E+00     0.0000000000E+00
   -0.7480000000E+03     0.0000000000E+00     0.0000000000E+00     0.0000000000E+00     0.0000000000E+00
   -0.7477881808E+03     0.0000000000E+00     0.0000000000E+00     0.0000000000E+00     0.0000000000E+00
   -0.7472952795E+03     0.0000000000E+00     0.0000000000E+00     0.0000000000E+00     0.0000000000E+00
   -0.7465356578E+03     0.0000000000E+00     0.0000000000E+00     0.0000000000E+00     0.0000000000E+00
   -0.7455290509E+03     0.0000000000E+00     0.0000000000E+00     0.0000000000E+00     0.0000000000E+00
   -0.7443015404E+03     0.0000000000E+00     0.0000000000E+00     0.0000000000E+00     0.0000000000E+00
   -0.7428849215E+03     0.0000000000E+00     0.0000000000E+00     0.0000000000E+00     0.0000000000E+00
   -0.7413158850E+03     0.0000000000E+00     0.0000000000E+00     0.0000000000E+00     0.0000000000E+00
   -0.7396350688E+03     0.0000000000E+00     0.0000000000E+00     0.0000000000E+00     0.0000000000E+00
   -0.7378860053E+03     0.0000000000E+00     0.0000000000E+00     0.0000000000E+00     0.0000000000E+00
   -0.7361139947E+03     0.0000000000E+00     0.0000000000E+00     0.0000000000E+00     0.0000000000E+00
   -0.7343649312E+03     0.0000000000E+00     0.0000000000E+00     0.0000000000E+00     0.0000000000E+00
   -0.7326841150E+03     0.0000000000E+00     0.0000000000E+00     0.0000000000E+00     0.0000000000E+00
   -0.7311150785E+03     0.0000000000E+00     0.0000000000E+00     0.0000000000E+00     0.0000000000E+00
   -0.7296984596E+03     0.0000000000E+00     0.0000000000E+00     0.0000000000E+00     0.0000000000E+00
   -0.7284709491E+03     0.0000000000E+00     0.0000000000E+00     0.0000000000E+00     0.0000000000E+00
   -0.7274643422E+03     0.0000000000E+00     0.0000000000E+00     0.0000000000E+00     0.0000000000E+00
   -0.7267047205E+03     0.0000000000E+00     0.0000000000E+00     0.0000000000E+00     0.0000000000E+00
   -0.7262118192E+03     0.0000000000E+00     0.0000000000E+00     0.0000000000E+00     0.0000000000E+00
   -0.7260000000E+03     0.0000000000E+00     0.0000000000E+00     0.0000000000E+00     0.0000000000E+00
   -0.7257881808E+03     0.0000000000E+00     0.0000000000E+00     0.0000000000E+00     0.0000000000E+00
   -0.7252952795E+03     0.0000000000E+00     0.0000000000E+00     0.0000000000E+00     0.0000000000E+00
   -0.7245356578E+03     0.0000000000E+00     0.0000000000E+00     0.0000000000E+00     0.0000000000E+00
   -0.7235290509E+03     0.0000000000E+00     0.0000000000E+00     0.0000000000E+00     0.0000000000E+00
   -0.7223015404E+03     0.0000000000E+00     0.0000000000E+00     0.0000000000E+00     0.0000000000E+00
   -0.7208849215E+03     0.0000000000E+00     0.0000000000E+00     0.0000000000E+00     0.0000000000E+00
   -0.7193158850E+03     0.0000000000E+00     0.0000000000E+00     0.0000000000E+00     0.0000000000E+00
   -0.7176350688E+03     0.0000000000E+00     0.0000000000E+00     0.0000000000E+00     0.0000000000E+00
   -0.7158860053E+03     0.0000000000E+00     0.0000000000E+00     0.0000000000E+00     0.0000000000E+00
   -0.7141139947E+03     0.0000000000E+00     0.0000000000E+00     0.0000000000E+00     0.0000000000E+00
   -0.7123649312E+03     0.0000000000E+00     0.0000000000E+00     0.0000000000E+00     0.0000000000E+00
   -0.7106841150E+03     0.0000000000E+00     0.0000000000E+00     0.0000000000E+00     0.0000000000E+00
   -0.7091150785E+03     0.0000000000E+00     0.0000000000E+00     0.0000000000E+00     0.0000000000E+00
   -0.7076984596E+03     8.9432248706-308     7.4526873922-308     6.3880177647-308     5.5895155441-308
   -0.7064709491E+03     3.0520747346-307     2.5433956121-307     2.1800533818-307     1.9075467091-307
   -0.7054643422E+03     8.3513941477-307     6.9594951231-307     5.9652815341-307     5.2196213423-307
   -0.7047047205E+03     1.7850833765-306     1.4875694804-306     1.2750595547-306     1.1156771103-306
   -0.7042118192E+03     2.9222865958-306     2.4352388298-306     2.0873475684-306     1.8264291223-306
   -0.7040000000E+03     3.6117255027-306     3.0097712523-306     2.5798039305-306     2.2573284392-306
   -0.7037881808E+03     4.4638199162-306     3.7198499301-306     3.1884427973-306     2.7898874476-306
   -0.7032952795E+03     7.3075360392-306     6.0896133660-306     5.2196685994-306     4.5672100245-306
   -0.7025356578E+03     1.5619620959-305     1.3016350799-305     1.1156872114-305     9.7622630996-306
   -0.7015290509E+03     4.2739979330-305     3.5616649442-305     3.0528556664-305     2.6712487081-305
   -0.7003015404E+03     1.4585970157-304     1.2154975131-304     1.0418550112-304     9.1162313481-305
   -0.6988849215E+03     6.0140232251-304     5.0116860209-304     4.2957308751-304     3.7587645157-304
   -0.6973158850E+03     2.8879454632-303     2.4066212193-303     2.0628181880-303     1.8049659145-303
   -0.6956350688E+03     1.5508086423-302     1.2923405353-302     1.1077204588-302     9.6925540145-303
   -0.6938860053E+03     8.9159334834-302     7.4299445695-302     6.3685239167-302     5.5724584271-302
   -0.6921139947E+03     5.2449488067-301     4.3707906722-301     3.7463920048-301     3.2780930042-301
   -0.6903649312E+03     3.0154342327-300     2.5128618606-300     2.1538815948-300     1.8846463954-300
   -0.6886841150E+03     1.6192693138-299     1.3493910948-299     1.1566209384-299     1.0120433211-299
   -0.6871150785E+03     7.7757622367-299     6.4798018639-299     5.5541158833-299     4.8598513979-299
   -0.6856984596E+03     3.2060681724-298     2.6717234770-298     2.2900486946-298     2.0037926078-298
   -0.6844709491E+03     1.0941421923-297     9.1178516028-298     7.8153013738-298     6.8383887021-298
   -0.6834643422E+03     2.9939020163-297     2.4949183469-297     2.1385014402-297     1.8711887602-297
   -0.6827047205E+03     6.3993683279-297     5.3328069399-297     4.5709773771-297     3.9996052049-297
   -0.6822118192E+03     1.0476142757-296     8.7301189643-297     7.4829591123-297     6.5475892233-297
   -0.6820000000E+03     1.2947721151-296     1.0789767626-296     9.2483722510-297     8.0923257196-297
   -0.6817881808E+03     1.6002405360-296     1.3335337800-296     1.1430289543-296     1.0001503350-296
   -0.6812952795E+03     2.6196879820-296     2.1830733184-296     1.8712057015-296     1.6373049888-296
   -0.6805356578E+03     5.5994979829-296     4.6662483191-296     3.9996414163-296     3.4996862393-296
   -0.6795290509E+03     1.5321910094-295     1.2768258412-295     1.0944221496-295     9.5761938089-296
   -0.6783015404E+03     5.2289431789-295     4.3574526491-295     3.7349594135-295     3.2680894868-295
   -0.6768849215E+03     2.1559749117-294     1.7966457597-294     1.5399820798-294     1.3474843198-294
   -0.6753158850E+03     1.0353032790-293     8.6275273248-294     7.3950234213-294     6.4706454936-294
   -0.6736350688E+03     5.5595138237-293     4.6329281864-293     3.9710813027-293     3.4746961398-293
   -0.6718860053E+03     3.1962844480-292     2.6635703733-292     2.2830603200-292     1.9976777800-292
   -0.6701139947E+03     1.8802684354-291     1.5668903629-291     1.3430488825-291     1.1751677721-291
   -0.6683649312E+03     1.0810068918-290     9.0083907646-291     7.7214777982-291     6.7562930735-291
   -0.6666841150E+03     5.8049393644-290     4.8374494703-290     4.1463852603-290     3.6280871028-290
   -0.6651150785E+03     2.7875429931-289     2.3229524942-289     1.9911021379-289     1.7422143707-289
   -0.6636984596E+03     1.1493474977-288     9.5778958141-289     8.2096249835-289     7.1834218606-289
   -0.6624709491E+03     3.9224044008-288     3.2686703340-288     2.8017174291-288     2.4515027505-288
   -0.6614643422E+03     1.0732877798-287     8.9440648320-288     7.6663412845-288     6.7080486240-288
   -0.6607047205E+03     2.2941177726-287     1.9117648105-287     1.6386555518-287     1.4338236079-287
   -0.6602118192E+03     3.7556058748-287     3.1296715624-287     2.6825756249-287     2.3472536718-287
   -0.6600000000E+03     4.6416451884-287     3.8680376570-287     3.3154608488-287     2.9010282427-287
   -0.6597881808E+03     5.7367228545-287     4.7806023788-287     4.0976591818-287     3.5854517841-287
   -0.6592952795E+03     9.3913530997-287     7.8261275831-287     6.7081093569-287     5.8695956873-287
   -0.6585356578E+03     2.0073712251-286     1.6728093542-286     1.4338365893-286     1.2546070157-286
   -0.6575290509E+03     5.4927712324-286     4.5773093604-286     3.9234080232-286     3.4329820203-286
   -0.6563015404E+03     1.8745305574-285     1.5621087978-285     1.3389503981-285     1.1715815984-285
   -0.6548849215E+03     7.7289821568-285     6.4408184640-285     5.5207015405-285     4.8306138480-285
   -0.6533158850E+03     3.7114720245-284     3.0928933537-284     2.6510514460-284     2.3196700153-284
   -0.6516350688E+03     1.9930372525-283     1.6608643771-283     1.4235980375-283     1.2456482828-283
   -0.6498860053E+03     1.1458401178-282     9.5486676479-283     8.1845722697-283     7.1615007359-283
   -0.6481139947E+03     6.7405984684-282     5.6171653903-282     4.8147131917-282     4.2128740427-282
   -0.6463649312E+03     3.8753154930-281     3.2294295775-281     2.7680824950-281     2.4220721831-281
   -0.6446841150E+03     2.0810201698-280     1.7341834749-280     1.4864429785-280     1.3006376062-280
   -0.6431150785E+03     9.9930986850-280     8.3275822375-280     7.1379276321-280     6.2456866781-280
   -0.6416984596E+03     4.1203106092-279     3.4335921743-279     2.9430790065-279     2.5751941307-279
   -0.6404709491E+03     1.4061477924-278     1.1717898270-278     1.0043912803-278     8.7884237026-279
   -0.6394643422E+03     3.8476431495-278     3.2063692913-278     2.7483165354-278     2.4047769685-278
   -0.6387047205E+03     8.2242122735-278     6.8535102279-278     5.8744373382-278     5.1401326709-278
   -0.6382118192E+03     1.3463519746-277     1.1219599788-277     9.6167998183-278     8.4146998410-278
   -0.6380000000E+03     1.6639893463-277     1.3866577886-277     1.1885638188-277     1.0399933414-277
   -0.6377881808E+03     2.0565651456-277     1.7138042880-277     1.4689751040-277     1.2853532160-277
   -0.6372952795E+03     3.3667182370-277     2.8055985308-277     2.4047987407-277     2.1041988981-277
   -0.6365356578E+03     7.1962508917-277     5.9968757431-277     5.1401792084-277     4.4976568073-277
   -0.6355290509E+03     1.9691106152-276     1.6409255127-276     1.4065075823-276     1.2306941345-276
   -0.6343015404E+03     6.7200286756-276     5.6000238963-276     4.8000204825-276     4.2000179222-276
   -0.6328849215E+03     2.7707727421-275     2.3089772851-275     1.9791233872-275     1.7317329638-275
   -0.6313158850E+03     1.3305303739-274     1.1087753115-274     9.5037883847-275     8.3158148366-275
   -0.6296350688E+03     7.1448648493-274     5.9540540411-274     5.1034748923-274     4.4655405308-274
   -0.6278860053E+03     4.1077369577-273     3.4231141315-273     2.9340978270-273     2.5673355986-273
   -0.6261139947E+03     2.4164458040-272     2.0137048367-272     1.7260327171-272     1.5102786275-272
   -0.6243649312E+03     1.3892668294-271     1.1577223578-271     9.9233344955-272     8.6829176835-272
   -0.6226841150E+03     7.4602759399-271     6.2168966166-271     5.3287685285-271     4.6626724625-271
   -0.6211150785E+03     3.5824387849-270     2.9853656540-270     2.5588848463-270     2.2390242405-270
   -0.6196984596E+03     1.4770954433-269     1.2309128694-269     1.0550681738-269     9.2318465205-270
   -0.6184709491E+03     5.0409172846-269     4.2007644038-269     3.6006552033-269     3.1505733029-269
   -0.6174643422E+03     1.3793465354-268     1.1494554462-268     9.8524752529-269     8.6209158463-269
   -0.6167047205E+03     2.9483084229-268     2.4569236857-268     2.1059345878-268     1.8426927643-268
   -0.6162118192E+03     4.8265544890-268     4.0221287409-268     3.4475389207-268     3.0165965556-268
   -0.6160000000E+03     5.9652567834-268     4.9710473195-268     4.2608977024-268     3.7282854896-268
   -0.6157881808E+03     7.3726068093-268     6.1438390078-268     5.2661477209-268     4.6078792558-268
   -0.6152952795E+03     1.2069391457-267     1.0057826214-267     8.6209938979-268     7.5433696606-268
   -0.6145356578E+03     2.5797932266-267     2.1498276888-267     1.8427094475-267     1.6123707666-267
   -0.6135290509E+03     7.0590899399-267     5.8825749499-267     5.0422070999-267     4.4119312124-267
   -0.6123015404E+03     2.4090717125-266     2.0075597605-266     1.7207655090-266     1.5056698203-266
   -0.6108849215E+03     9.9329787970-266     8.2774823308-266     7.0949848550-266     6.2081117481-266
   -0.6093158850E+03     4.7698354294-265     3.9748628578-265     3.4070253067-265     2.9811471434-265
   -0.6076350688E+03     2.5613717782-264     2.1344764818-264     1.8295512701-264     1.6008573614-264
   -0.6058860053E+03     1.4725878988-263     1.2271565824-263     1.0518484992-263     9.2036743677-264
   -0.6041139947E+03     8.6627476047-263     7.2189563372-263     6.1876768605-263     5.4142172529-263
   -0.6023649312E+03     4.9804005033-262     4.1503337528-262     3.5574289309-262     3.1127503146-262
   -0.6006841150E+03     2.6744439053-261     2.2287032544-261     1.9103170752-261     1.6715274408-261
   -0.5991150785E+03     1.2842730820-260     1.0702275684-260     9.1733791574-261     8.0267067627-261
   -0.5976984596E+03     5.2952584296-260     4.4127153580-260     3.7823274497-260     3.3095365185-260
   -0.5964709491E+03     1.8071249130-259     1.5059374275-259     1.2908035093-259     1.1294530706-259
   -0.5954643422E+03     4.9448371140-259     4.1206975950-259     3.5320265100-259     3.0905231963-259
   -0.5947047205E+03     1.0569428739-258     8.8078572829-259     7.5495919567-259     6.6058929621-259
   -0.5942118192E+03     1.7302777190-258     1.4418980992-258     1.2359126564-258     1.0814235744-258
   -0.5940000000E+03     2.1384925673-258     1.7820771394-258     1.5274946909-258     1.3365578546-258
   -0.5937881808E+03     2.6430152860-258     2.2025127383-258     1.8878680614-258     1.6518845538-258
   -0.5932952795E+03     4.3267716479-258     3.6056430399-258     3.0905511771-258     2.7042322799-258
   -0.5925356578E+03     9.2483338783-258     7.7069448986-258     6.6059527702-258     5.7802086739-258
   -0.5915290509E+03     2.5306222207-257     2.1088518506-257     1.8075873005-257     1.5816388880-257
   -0.5903015404E+03     8.6363121295-257     7.1969267746-257     6.1687943782-257     5.3976950810-257
   -0.5888849215E+03     3.5608863290-256     2.9674052741-256     2.5434902350-256     2.2255539556-256
   -0.5873158850E+03     1.7099444305-255     1.4249536921-255     1.2213888789-255     1.0687152690-255
   -0.5856350688E+03     9.1822945914-255     7.6519121595-255     6.5587818510-255     5.7389341196-255
   -0.5838860053E+03     5.2790992756-254     4.3992493963-254     3.7707851968-254     3.2994370472-254
   -0.5821139947E+03     3.1055195171-253     2.5879329309-253     2.2182282265-253     1.9409496982-253
   -0.5803649312E+03     1.7854301743-252     1.4878584786-252     1.2753072674-252     1.1158938589-252
   -0.5786841150E+03     9.5876483123-252     7.9897069269-252     6.8483202231-252     5.9922801952-252
   -0.5771150785E+03     4.6040070697-251     3.8366725581-251     3.2885764784-251     2.8775044186-251
   -0.5756984596E+03     1.8983039968-250     1.5819199973-250     1.3559314263-250     1.1864399980-250
   -0.5744709491E+03     6.4783853151-250     5.3986544292-250     4.6274180822-250     4.0489908219-250
   -0.5734643422E+03     1.7726810092-249     1.4772341743-249     1.2662007209-249     1.1079256308-249
   -0.5727047205E+03     3.7890480864-249     3.1575400720-249     2.7064629189-249     2.3681550540-249
   -0.5722118192E+03     6.2028948223-249     5.1690790186-249     4.4306391588-249     3.8768092640-249
   -0.5720000000E+03     7.6663094759-249     6.3885912299-249     5.4759353399-249     4.7914434224-249
   -0.5717881808E+03     9.4749794514-249     7.8958162095-249     6.7678424653-249     5.9218621571-249
   -0.5712952795E+03     1.5511099263-248     1.2925916052-248     1.1079356616-248     9.6944370393-249
   -0.5705356578E+03     3.3154470926-248     2.7628725771-248     2.3681764947-248     2.0721544328-248
   -0.5695290509E+03     9.0720601079-248     7.5600500899-248     6.4800429342-248     5.6700375674-248
   -0.5683015404E+03     3.0960426296-247     2.5800355247-247     2.2114590212-247     1.9350266435-247
   -0.5668849215E+03     1.2765467144-246     1.0637889287-246     9.1181908174-247     7.9784169652-247
   -0.5653158850E+03     6.1300017550-246     5.1083347958-246     4.3785726821-246     3.8312510969-246
   -0.5636350688E+03     3.2917725838-245     2.7431438198-245     2.3512661313-245     2.0573578649-245
   -0.5618860053E+03     1.8925110809-244     1.5770925674-244     1.3517936292-244     1.1828194256-244
   -0.5601139947E+03     1.1133016811-243     9.2775140089-244     7.9521548648-244     6.9581355067-244
   -0.5583649312E+03     6.4006115678-243     5.3338429731-243     4.5718654056-243     4.0003822299-243
   -0.5566841150E+03     3.4370883599-242     2.8642402999-242     2.4550631142-242     2.1481802249-242
   -0.5551150785E+03     1.6504964088-241     1.3754136740-241     1.1789260063-241     1.0315602555-241
   -0.5536984596E+03     6.8052543839-241     5.6710453199-241     4.8608959885-241     4.2532839900-241
   -0.5524709491E+03     2.3224446738-240     1.9353705615-240     1.6588890527-240     1.4515279211-240
   -0.5514643422E+03     6.3549069220-240     5.2957557684-240     4.5392192300-240     3.9718168263-240
   -0.5507047205E+03     1.3583407160-239     1.1319505966-239     9.7024336855-240     8.4896294748-240
   -0.5502118192E+03     2.2236837332-239     1.8530697776-239     1.5883455237-239     1.3898023332-239
   -0.5500000000E+03     2.7483051323-239     2.2902542769-239     1.9630750945-239     1.7176907077-239
   -0.5497881808E+03     3.3966975552-239     2.8305812960-239     2.4262125394-239     2.1229359720-239
   -0.5492952795E+03     5.5605939005-239     4.6338282504-239     3.9718527861-239     3.4753711878-239
   -0.5485356578E+03     1.1885588873-238     9.9046573940-239     8.4897063377-239     7.4284930455-239
   -0.5475290509E+03     3.2522544822-238     2.7102120685-238     2.3230389158-238     2.0326590513-238
   -0.5463015404E+03     1.1099042995-237     9.2492024960-238     7.9278878537-238     6.9369018720-238
   -0.5448849215E+03     4.5763087152-237     3.8135905960-237     3.2687919395-237     2.8601929470-237
   -0.5433158850E+03     2.1975522038-236     1.8312935032-236     1.5696801456-236     1.3734701274-236
   -0.5416350688E+03     1.1800717822-235     9.8339315184-236     8.4290841586-236     7.3754486388-236
   -0.5398860053E+03     6.7844872854-235     5.6537394045-235     4.8460623467-235     4.2403045534-235
   -0.5381139947E+03     3.9910894981-234     3.3259079151-234     2.8507782129-234     2.4944309363-234
   -0.5363649312E+03     2.2945634632-233     1.9121362194-233     1.6389739023-233     1.4341021645-233
   -0.5346841150E+03     1.2321662215-232     1.0268051846-232     8.8011872962-233     7.7010388842-233
   -0.5331150785E+03     5.9168857784-232     4.9307381486-232     4.2263469845-232     3.6980536115-232
   -0.5316984596E+03     2.4396243862-231     2.0330203218-231     1.7425888473-231     1.5247652414-231
   -0.5304709491E+03     8.3257617456-231     6.9381347880-231     5.9469726754-231     5.2036010910-231
   -0.5294643422E+03     2.2781787461-230     1.8984822884-230     1.6272705329-230     1.4238617163-230
   -0.5287047205E+03     4.8695330821-230     4.0579442351-230     3.4782379158-230     3.0434581763-230
   -0.5282118192E+03     7.9717123808-230     6.6430936507-230     5.6940802720-230     4.9823202380-230
   -0.5280000000E+03     9.8524343737-230     8.2103619781-230     7.0374531241-230     6.1577714836-230
   -0.5277881808E+03     1.2176864700-229     1.0147387250-229     8.6977605000-230     7.6105404375-230
   -0.5272952795E+03     1.9934244506-229     1.6611870422-229     1.4238746076-229     1.2458902816-229
   -0.5265356578E+03     4.2608800234-229     3.5507333528-229     3.0434857310-229     2.6630500146-229
   -0.5255290509E+03     1.1659048872-228     9.7158740600-229     8.3278920514-229     7.2869055450-229
   -0.5243015404E+03     3.9789101813-228     3.3157584844-228     2.8420787009-228     2.4868188633-228
   -0.5228849215E+03     1.6405667901-227     1.3671389918-227     1.1718334215-227     1.0253542438-227
   -0.5213158850E+03     7.8780331255-227     6.5650276046-227     5.6271665182-227     4.9237707035-227
   -0.5196350688E+03     4.2304544914-226     3.5253787428-226     3.0217532081-226     2.6440340571-226
   -0.5178860053E+03     2.4321795624-225     2.0268163020-225     1.7372711160-225     1.5201122265-225
   -0.5161139947E+03     1.4307708012-224     1.1923090010-224     1.0219791437-224     8.9423175074-225
   -0.5143649312E+03     8.2258100356-224     6.8548416964-224     5.8755785969-224     5.1411312723-224
   -0.5126841150E+03     4.4172085159-223     3.6810070966-223     3.1551489399-223     2.7607553224-223
   -0.5111150785E+03     2.1211519836-222     1.7676266530-222     1.5151085597-222     1.3257199897-222
   -0.5096984596E+03     8.7458408019-222     7.2882006682-222     6.2470291442-222     5.4661505012-222
   -0.5084709491E+03     2.9847130236-221     2.4872608530-221     2.1319378740-221     1.8654456397-221
   -0.5074643422E+03     8.1670722526-221     6.8058935438-221     5.8336230376-221     5.1044201579-221
   -0.5067047205E+03     1.7456851701-220     1.4547376417-220     1.2469179786-220     1.0910532313-220
   -0.5062118192E+03     2.8577894120-220     2.3814911766-220     2.0412781514-220     1.7861183825-220
   -0.5060000000E+03     3.5320118552-220     2.9433432127-220     2.5228656109-220     2.2075074095-220
   -0.5057881808E+03     4.3652998689-220     3.6377498907-220     3.1180713349-220     2.7283124181-220
   -0.5052952795E+03     7.1462529208-220     5.9552107673-220     5.1044663720-220     4.4664080755-220
   -0.5045356578E+03     1.5274883532-219     1.2729069610-219     1.0910631094-219     9.5468022073-220
   -0.5035290509E+03     4.1796674075-219     3.4830561729-219     2.9854767196-219     2.6122921297-219
   -0.5023015404E+03     1.4264046223-218     1.1886705185-218     1.0188604445-218     8.9150288891-219
   -0.5008849215E+03     5.8812889608-218     4.9010741340-218     4.2009206863-218     3.6758056005-218
   -0.4993158850E+03     2.8242062154-217     2.3535051795-217     2.0172901539-217     1.7651288846-217
   -0.4976350688E+03     1.5165810651-216     1.2638175543-216     1.0832721894-216     9.4786316570-217
   -0.4958860053E+03     8.7191517573-216     7.2659597977-216     6.2279655409-216     5.4494698483-216
   -0.4941139947E+03     5.1291886250-215     4.2743238542-215     3.6637061607-215     3.2057428906-215
   -0.4923649312E+03     2.9488812067-214     2.4574010056-214     2.1063437190-214     1.8430507542-214
   -0.4906841150E+03     1.5835307553-213     1.3196089627-213     1.1310933966-213     9.8970672204-214
   -0.4891150785E+03     7.6041449946-213     6.3367874955-213     5.4315321390-213     4.7525906216-213
   -0.4876984596E+03     3.1353077041-212     2.6127564201-212     2.2395055029-212     1.9595673151-212
   -0.4864709491E+03     1.0699936060-211     8.9166133835-212     7.6428114716-212     6.6874600376-212
   -0.4854643422E+03     2.9278242234-211     2.4398535195-211     2.0913030167-211     1.8298901396-211
   -0.4847047205E+03     6.2581291915-211     5.2151076596-211     4.4700922796-211     3.9113307447-211
   -0.4842118192E+03     1.0244925974-210     8.5374383121-211     7.3178042675-211     6.4030787340-211
   -0.4840000000E+03     1.2661954672-210     1.0551628894-210     9.0442533374-211     7.9137216703-211
   -0.4837881808E+03     1.5649219577-210     1.3041016314-210     1.1178013984-210     9.7807622357-211
   -0.4832952795E+03     2.5618693897-210     2.1348911581-210     1.8299067070-210     1.6011683686-210
   -0.4825356578E+03     5.4759126196-210     4.5632605163-210     3.9113661568-210     3.4224453872-210
   -0.4815290509E+03     1.4983743382-209     1.2486452818-209     1.0702673844-209     9.3648396135-210
   -0.4803015404E+03     5.1135362541-209     4.2612802118-209     3.6525258958-209     3.1959601588-209
   -0.4788849215E+03     2.1083908347-208     1.7569923623-208     1.5059934534-208     1.3177442717-208
   -0.4773158850E+03     1.0124533142-207     8.4371109514-208     7.2318093869-208     6.3278332136-208
   -0.4756350688E+03     5.4368109425-207     4.5306757855-207     3.8834363875-207     3.3980068391-207
   -0.4738860053E+03     3.1257399142-206     2.6047832618-206     2.2326713673-206     1.9535874464-206
   -0.4721139947E+03     1.8387694192-205     1.5323078493-205     1.3134067280-205     1.1492308870-205
   -0.4703649312E+03     1.0571482119-204     8.8095684329-205     7.5510586568-205     6.6071763247-205
   -0.4686841150E+03     5.6768197468-204     4.7306831223-204     4.0548712477-204     3.5480123418-204
   -0.4671150785E+03     2.7260197075-203     2.2716830896-203     1.9471569339-203     1.7037623172-203
   -0.4656984596E+03     1.1239804865-202     9.3665040541-203     8.0284320464-203     7.0248780406-203
   -0.4644709491E+03     3.8358338235-202     3.1965281863-202     2.7398813025-202     2.3973961397-202
   -0.4634643422E+03     1.0495994670-201     8.7466622246-202     7.4971390497-202     6.5599966685-202
   -0.4627047205E+03     2.2434847731-201     1.8695706443-201     1.6024891237-201     1.4021779832-201
   -0.4622118192E+03     3.6727166734-201     3.0605972278-201     2.6233690524-201     2.2954479208-201
   -0.4620000000E+03     4.5392003962-201     3.7826669969-201     3.2422859973-201     2.8370002476-201
   -0.4617881808E+03     5.6101088294-201     4.6750906912-201     4.0072205924-201     3.5063180184-201
   -0.4612952795E+03     9.1840784854-201     7.6533987378-201     6.5600560610-201     5.7400490534-201
   -0.4605356578E+03     1.9630669494-200     1.6358891245-200     1.4021906782-200     1.2269168434-200
   -0.4595290509E+03     5.3715414132-200     4.4762845110-200     3.8368152951-200     3.3572133832-200
   -0.4583015404E+03     1.8331581807-199     1.5276318172-199     1.3093987005-199     1.1457238629-199
   -0.4568849215E+03     7.5583973881-199     6.2986644901-199     5.3988552772-199     4.7239983676-199
   -0.4553158850E+03     3.6295568921-198     3.0246307434-198     2.5925406372-198     2.2684730575-198
   -0.4536350688E+03     1.9490493390-197     1.6242077825-197     1.3921780993-197     1.2181558369-197
   -0.4518860053E+03     1.1205505172-196     9.3379209767-197     8.0039322658-197     7.0034407326-197
   -0.4501139947E+03     6.5918281120-196     5.4931900933-196     4.7084486514-196     4.1198925700-196
   -0.4483649312E+03     3.7897842053-195     3.1581535044-195     2.7069887181-195     2.3686151283-195
   -0.4466841150E+03     2.0350904036-194     1.6959086696-194     1.4536360025-194     1.2719315022-194
   -0.4451150785E+03     9.7725430682-194     8.1437858902-194     6.9803879059-194     6.1078394176-194
   -0.4436984596E+03     4.0293720848-193     3.3578100707-193     2.8781229177-193     2.5183575530-193
   -0.4424709491E+03     1.3751129950-192     1.1459274958-192     9.8222356782-193     8.5944562185-193
   -0.4414643422E+03     3.7627226124-192     3.1356021770-192     2.6876590088-192     2.3517016327-192
   -0.4407047205E+03     8.0426973833-192     6.7022478194-192     5.7447838452-192     5.0266858645-192
   -0.4402118192E+03     1.3166369183-191     1.0971974319-191     9.4045494161-192     8.2289807391-192
   -0.4400000000E+03     1.6272637812-191     1.3560531510-191     1.1623312723-191     1.0170398632-191
   -0.4397881808E+03     2.0111751211-191     1.6759792676-191     1.4365536579-191     1.2569844507-191
   -0.4392952795E+03     3.2924120942-191     2.7436767452-191     2.3517229244-191     2.0577575589-191
   -0.4385356578E+03     7.0374239248-191     5.8645199373-191     5.0267313749-191     4.3983899530-191
   -0.4375290509E+03     1.9256507816-190     1.6047089846-190     1.3754648440-190     1.2035317385-190
   -0.4363015404E+03     6.5717123108-190     5.4764269257-190     4.6940802220-190     4.1073201943-190
   -0.4348849215E+03     2.7096195893-189     2.2580163244-189     1.9354425638-189     1.6935122433-189
   -0.4333158850E+03     1.3011645128-188     1.0843037607-188     9.2940322344-189     8.1322782051-189
   -0.4316350688E+03     6.9871720131-188     5.8226433442-188     4.9908371522-188     4.3669825082-188
   -0.4298860053E+03     4.0170759439-187     3.3475632866-187     2.8693399599-187     2.5106724649-187
   -0.4281139947E+03     2.3631129278-186     1.9692607732-186     1.6879378056-186     1.4769455799-186
   -0.4263649312E+03     1.3586046082-185     1.1321705068-185     9.7043186297-186     8.4912788010-186
   -0.4246841150E+03     7.2956217307-185     6.0796847756-185     5.2111583791-185     4.5597635817-185
   -0.4231150785E+03     3.5033715185-184     2.9194762654-184     2.5024082275-184     2.1896071990-184
   -0.4216984596E+03     1.4444947749-183     1.2037456457-183     1.0317819821-183     9.0280923430-184
   -0.4204709491E+03     4.9296602405-183     4.1080502004-183     3.5211858861-183     3.0810376503-183
   -0.4194643422E+03     1.3489032630-182     1.1240860525-182     9.6350233068-183     8.4306453935-183
   -0.4187047205E+03     2.8832369167-182     2.4026974306-182     2.0594549405-182     1.8020230729-182
   -0.4182118192E+03     4.7200286019-182     3.9333571683-182     3.3714490014-182     2.9500178762-182
   -0.4180000000E+03     5.8335988331-182     4.8613323609-182     4.1668563094-182     3.6459992707-182
   -0.4177881808E+03     7.2098875274-182     6.0082396061-182     5.1499196624-182     4.5061797046-182
   -0.4172952795E+03     1.1803010411-181     9.8358420094-182     8.4307217224-182     7.3768815071-182
   -0.4165356578E+03     2.5228551432-181     2.1023792860-181     1.8020393880-181     1.5767844645-181
   -0.4155290509E+03     6.9032902240-181     5.7527418533-181     4.9309215886-181     4.3145563900-181
   -0.4143015404E+03     2.3559015884-180     1.9632513237-180     1.6827868489-180     1.4724384928-180
   -0.4128849215E+03     9.7137500738-180     8.0947917282-180     6.9383929098-180     6.0710937961-180
   -0.4113158850E+03     4.6645613769-179     3.8871344808-179     3.3318295550-179     2.9153508606-179
   -0.4096350688E+03     2.5048402708-178     2.0873668923-178     1.7891716220-178     1.5655251692-178
   -0.4078860053E+03     1.4400867155-177     1.2000722629-177     1.0286333682-177     9.0005419719-178
   -0.4061139947E+03     8.4715538918-177     7.0596282431-177     6.0511099227-177     5.2947211824-177
   -0.4043649312E+03     4.8704791126-176     4.0587325938-176     3.4789136519-176     3.0440494454-176
   -0.4026841150E+03     2.6154168063-175     2.1795140053-175     1.8681548616-175     1.6346355039-175
   -0.4011150785E+03     1.2559281561-174     1.0466067968-174     8.9709154009-175     7.8495509758-175
   -0.3996984596E+03     5.1783878746-174     4.3153232289-174     3.6988484819-174     3.2364924216-174
   -0.3984709491E+03     1.7672402323-173     1.4727001936-173     1.2623144517-173     1.1045251452-173
   -0.3974643422E+03     4.8357006356-173     4.0297505296-173     3.4540718825-173     3.0223128972-173
   -0.3967047205E+03     1.0336153061-172     8.6134608842-173     7.3829664722-173     6.4600956632-173
   -0.3962118192E+03     1.6920891169-172     1.4100742641-172     1.2086350835-172     1.0575556981-172
   -0.3960000000E+03     2.0912943396-172     1.7427452830-172     1.4937816711-172     1.3070589623-172
   -0.3957881808E+03     2.5846818416-172     2.1539015347-172     1.8462013154-172     1.6154261510-172
   -0.3952952795E+03     4.2312763647-172     3.5260636372-172     3.0223402605-172     2.6445477279-172
   -0.3945356578E+03     9.0442158117-172     7.5368465097-172     6.4601541512-172     5.6526348823-172
   -0.3935290509E+03     2.4747693805-171     2.0623078171-171     1.7676924146-171     1.5467308628-171
   -0.3923015404E+03     8.4457018685-171     7.0380848904-171     6.0326441918-171     5.2785636678-171
   -0.3908849215E+03     3.4822947424-170     2.9019122853-170     2.4873533874-170     2.1764342140-170
   -0.3893158850E+03     1.6722046002-169     1.3935038335-169     1.1944318573-169     1.0451278751-169
   -0.3876350688E+03     8.9796340643-169     7.4830283869-169     6.4140243316-169     5.6122712902-169
   -0.3858860053E+03     5.1625853660-168     4.3021544716-168     3.6875609757-168     3.2266158537-168
   -0.3841139947E+03     3.0369782373-167     2.5308151978-167     2.1692701695-167     1.8981113983-167
   -0.3823649312E+03     1.7460243138-166     1.4550202615-166     1.2471602241-166     1.0912651961-166
   -0.3806841150E+03     9.3760413069-166     7.8133677558-166     6.6971723621-166     5.8600258168-166
   -0.3791150785E+03     4.5023929807-165     3.7519941506-165     3.2159949862-165     2.8139956130-165
   -0.3776984596E+03     1.8564069214-164     1.5470057678-164     1.3260049439-164     1.1602543259-164
   -0.3764709491E+03     6.3354022110-164     5.2795018425-164     4.5252872936-164     3.9596263819-164
   -0.3754643422E+03     1.7335565328-163     1.4446304440-163     1.2382546663-163     1.0834728330-163
   -0.3747047205E+03     3.7054207888-163     3.0878506573-163     2.6467291349-163     2.3158879930-163
   -0.3742118192E+03     6.0659920120-163     5.0549933434-163     4.3328514372-163     3.7912450075-163
   -0.3740000000E+03     7.4971079431-163     6.2475899526-163     5.3550771022-163     4.6856924644-163
   -0.3737881808E+03     9.2658591371-163     7.7215492809-163     6.6184708122-163     5.7911619607-163
   -0.3732952795E+03     1.5168756995-162     1.2640630829-162     1.0834826425-162     9.4804731220-163
   -0.3725356578E+03     3.2422725446-162     2.7018937872-162     2.3159089605-162     2.0264203404-162
   -0.3715290509E+03     8.8718325432-162     7.3931937860-162     6.3370232452-162     5.5448953395-162
   -0.3703015404E+03     3.0277105123-161     2.5230920936-161     2.1626503659-161     1.8923190702-161
   -0.3688849215E+03     1.2483723156-160     1.0403102630-160     8.9169451114-161     7.8023269724-161
   -0.3673158850E+03     5.9947077525-160     4.9955897938-160     4.2819341089-160     3.7466923453-160
   -0.3656350688E+03     3.2191205511-159     2.6826004592-159     2.2993718222-159     2.0119503444-159
   -0.3638860053E+03     1.8507418598-158     1.5422848831-158     1.3219584713-158     1.1567136624-158
   -0.3621139947E+03     1.0887302296-157     9.0727519137-158     7.7766444974-158     6.8045639353-158
   -0.3603649312E+03     6.2593449920-157     5.2161208267-157     4.4709607086-157     3.9120906200-157
   -0.3586841150E+03     3.3612290927-156     2.8010242439-156     2.4008779234-156     2.1007681829-156
   -0.3571150785E+03     1.6140686435-155     1.3450572029-155     1.1529061739-155     1.0087929022-155
   -0.3556984596E+03     6.6550570202-155     5.5458808501-155     4.7536121573-155     4.1594106376-155
   -0.3544709491E+03     2.2711864772-154     1.8926553976-154     1.6222760551-154     1.4194915482-154
   -0.3534643422E+03     6.2146490841-154     5.1788742367-154     4.4390350601-154     3.8841556776-154
   -0.3527047205E+03     1.3283610586-153     1.1069675488-153     9.4882932758-154     8.3022566163-154
   -0.3522118192E+03     2.1746052688-153     1.8121710574-153     1.5532894777-153     1.3591282930-153
   -0.3520000000E+03     2.6876478574-153     2.2397065478-153     1.9197484696-153     1.6797799109-153
   -0.3517881808E+03     3.3217297451-153     2.7681081209-153     2.3726641037-153     2.0760810907-153
   -0.3512952795E+03     5.4378671812-153     4.5315559843-153     3.8841908437-153     3.3986669882-153
   -0.3505356578E+03     1.1623264496-152     9.6860537466-153     8.3023317828-153     7.2645403100-153
   -0.3495290509E+03     3.1804746453-152     2.6503955377-152     2.2717676038-152     1.9877966533-152
   -0.3483015404E+03     1.0854078310-151     9.0450652583-152     7.7529130785-152     6.7837989437-152
   -0.3468849215E+03     4.4753059509-151     3.7294216258-151     3.1966471078-151     2.7970662193-151
   -0.3453158850E+03     2.1490504831-150     1.7908754026-150     1.5350360593-150     1.3431565519-150
   -0.3436350688E+03     1.1540266617-149     9.6168888473-150     8.2430475834-150     7.2126666354-150
   -0.3418860053E+03     6.6347482680-149     5.5289568900-149     4.7391059057-149     4.1467176675-149
   -0.3401139947E+03     3.9030029862-148     3.2525024885-148     2.7878592759-148     2.4393768664-148
   -0.3383649312E+03     2.2439206270-147     1.8699338559-147     1.6028004479-147     1.4024503919-147
   -0.3366841150E+03     1.2049713353-146     1.0041427794-146     8.6069381094-147     7.5310708458-147
   -0.3351150785E+03     5.7862954146-146     4.8219128455-146     4.1330681533-146     3.6164346341-146
   -0.3336984596E+03     2.3857799403-145     1.9881499503-145     1.7041285288-145     1.4911124627-145
   -0.3324709491E+03     8.1420055780-145     6.7850046483-145     5.8157182700-145     5.0887534862-145
   -0.3314643422E+03     2.2278975336-144     1.8565812780-144     1.5913553811-144     1.3924359585-144
   -0.3307047205E+03     4.7620586233-144     3.9683821861-144     3.4014704452-144     2.9762866396-144
   -0.3302118192E+03     7.7957703636-144     6.4964753030-144     5.5684074025-144     4.8723564772-144
   -0.3300000000E+03     9.6349833299-144     8.0291527749-144     6.8821309499-144     6.0218645812-144
   -0.3297881808E+03     1.1908111635-143     9.9234263622-144     8.5057940247-144     7.4425697717-144
   -0.3292952795E+03     1.9494279913-143     1.6245233261-143     1.3924485652-143     1.2183924946-143
   -0.3285356578E+03     4.1668390206-143     3.4723658505-143     2.9763135861-143     2.6042743879-143
   -0.3275290509E+03     1.1401724413-142     9.5014370106-143     8.1440888662-143     7.1260777580-143
   -0.3263015404E+03     3.8910924766-142     3.2425770639-142     2.7793517690-142     2.4319327979-142
   -0.3248849215E+03     1.6043581794-141     1.3369651495-141     1.1459701281-141     1.0027238621-141
   -0.3233158850E+03     7.7041586838-141     6.4201322365-141     5.5029704884-141     4.8150991774-141
   -0.3216350688E+03     4.1370850042-140     3.4475708368-140     2.9550607173-140     2.5856781276-140
   -0.3198860053E+03     2.3784994297-139     1.9820828581-139     1.6989281641-139     1.4865621435-139
   -0.3181139947E+03     1.3991925544-138     1.1659937953-138     9.9942325313-139     8.7449534649-139
   -0.3163649312E+03     8.0442598816-138     6.7035499013-138     5.7458999154-138     5.0276624260-138
   -0.3146841150E+03     4.3197172192-137     3.5997643493-137     3.0855122994-137     2.6998232620-137
   -0.3131150785E+03     2.0743364763-136     1.7286137303-136     1.4816689117-136     1.2964602977-136
   -0.3116984596E+03     8.5528131562-136     7.1273442968-136     6.1091522544-136     5.3455082226-136
   -0.3104709491E+03     2.9188380390-135     2.4323650325-135     2.0848843136-135     1.8242737744-135
   -0.3094643422E+03     7.9868184880-135     6.6556820733-135     5.7048703486-135     4.9917615550-135
   -0.3087047205E+03     1.7071565133-134     1.4226304277-134     1.2193975095-134     1.0669728208-134
   -0.3082118192E+03     2.7947157322-134     2.3289297768-134     1.9962255230-134     1.7466973326-134
   -0.3080000000E+03     3.4540575512-134     2.8783812926-134     2.4671839651-134     2.1587859695-134
   -0.3077881808E+03     4.2689542372-134     3.5574618643-134     3.0492530266-134     2.6680963983-134
   -0.3072952795E+03     6.9885294488-134     5.8237745406-134     4.9918067491-134     4.3678309055-134
   -0.3065356578E+03     1.4937754733-133     1.2448128944-133     1.0669824809-133     9.3360967079-134
   -0.3055290509E+03     4.0874188315-133     3.4061823596-133     2.9195848797-133     2.5546367697-133
   -0.3043015404E+03     1.3949227405-132     1.1624356171-132     9.9637338607-133     8.7182671281-133
   -0.3028849215E+03     5.7514842471-132     4.7929035392-132     4.1082030336-132     3.5946776544-132
   -0.3013158850E+03     2.7618737434-131     2.3015614528-131     1.9727669596-131     1.7261710896-131
   -0.2996350688E+03     1.4831089177-130     1.2359240981-130     1.0593635127-130     9.2694307357-131
   -0.2978860053E+03     8.5267131599-130     7.1055943000-130     6.0905094000-130     5.3291957250-130
   -0.2961139947E+03     5.0159833624-129     4.1799861353-129     3.5828452589-129     3.1349896015-129
   -0.2943649312E+03     2.8837970587-128     2.4031642156-128     2.0598550419-128     1.8023731617-128
   -0.2926841150E+03     1.5485809751-127     1.2904841459-127     1.1061292679-127     9.6786310942-128
   -0.2911150785E+03     7.4363154812-127     6.1969295677-127     5.3116539151-127     4.6476971757-127
   -0.2896984596E+03     3.0661089754-126     2.5550908128-126     2.1900778396-126     1.9163181096-126
   -0.2884709491E+03     1.0463779982-125     8.7198166514-126     7.4741285584-126     6.5398624886-126
   -0.2874643422E+03     2.8632048197-125     2.3860040164-125     2.0451462998-125     1.7895030123-125
   -0.2867047205E+03     6.1200073148-125     5.1000060957-125     4.3714337963-125     3.8250045718-125
   -0.2862118192E+03     1.0018812330-124     8.3490102746-125     7.1562945211-125     6.2617577060-125
   -0.2860000000E+03     1.2382495286-124     1.0318746072-124     8.8446394903-125     7.7390595540-125
   -0.2857881808E+03     1.5303828885-124     1.2753190737-124     1.0931306346-124     9.5648930528-125
   -0.2852952795E+03     2.5053268996-124     2.0877724164-124     1.7895192140-124     1.5658293123-124
   -0.2845356578E+03     5.3550548833-124     4.4625457361-124     3.8250392024-124     3.3469093021-124
   -0.2835290509E+03     1.4653040277-123     1.2210866897-123     1.0466457340-123     9.1581501729-124
   -0.2823015404E+03     5.0006764518-123     4.1672303765-123     3.5719117513-123     3.1254227823-123
   -0.2808849215E+03     2.0618569762-122     1.7182141468-122     1.4727549830-122     1.2886606101-122
   -0.2793158850E+03     9.9010766622-122     8.2508972185-122     7.0721976158-122     6.1881729138-122
   -0.2776350688E+03     5.3168162113-121     4.4306801761-121     3.7977258652-121     3.3230101321-121
   -0.2758860053E+03     3.0567523542-120     2.5472936285-120     2.1833945387-120     1.9104702214-120
   -0.2741139947E+03     1.7981863192-119     1.4984885993-119     1.2844187994-119     1.1238664495-119
   -0.2723649312E+03     1.0338161121-118     8.6151342678-119     7.3844008010-119     6.4613507009-119
   -0.2706841150E+03     5.5515278308-118     4.6262731924-118     3.9653770220-118     3.4697048943-118
   -0.2691150785E+03     2.6658542896-117     2.2215452414-117     1.9041816355-117     1.6661589310-117
   -0.2676984596E+03     1.0991733454-116     9.1597778780-117     7.8512381811-117     6.8698334085-117
   -0.2664709491E+03     3.7511739276-116     3.1259782730-116     2.6794099483-116     2.3444837047-116
   -0.2654643422E+03     1.0264339739-115     8.5536164495-116     7.3316712424-116     6.4152123371-116
   -0.2647047205E+03     2.1939692841-115     1.8283077368-115     1.5671209172-115     1.3712308026-115
   -0.2642118192E+03     3.5916569023-115     2.9930474186-115     2.5654692159-115     2.2447855640-115
   -0.2640000000E+03     4.4390166419-115     3.6991805350-115     3.1707261728-115     2.7743854012-115
   -0.2637881808E+03     5.4862892763-115     4.5719077303-115     3.9187780545-115     3.4289307977-115
   -0.2632952795E+03     8.9813785863-115     7.4844821552-115     6.4152704188-115     5.6133616164-115
   -0.2625356578E+03     1.9197405043-114     1.5997837536-114     1.3712432174-114     1.1998378152-114
   -0.2615290509E+03     5.2529872323-114     4.3774893602-114     3.7521337373-114     3.2831170202-114
   -0.2603015404E+03     1.7926989251-113     1.4939157709-113     1.2804992322-113     1.1204368282-113
   -0.2588849215E+03     7.3915775607-113     6.1596479673-113     5.2796982577-113     4.6197359755-113
   -0.2573158850E+03     3.5494496917-112     2.9578747431-112     2.5353212083-112     2.2184060573-112
   -0.2556350688E+03     1.9060322736-111     1.5883602280-111     1.3614516240-111     1.1912701710-111
   -0.2538860053E+03     1.0958190782-110     9.1318256518-111     7.8272791301-111     6.8488692388-111
   -0.2521139947E+03     6.4463412354-110     5.3719510295-110     4.6045294538-110     4.0289632721-110
   -0.2503649312E+03     3.7061406609-109     3.0884505508-109     2.6472433292-109     2.3163379131-109
   -0.2486841150E+03     1.9901743436-108     1.6584786197-108     1.4215531026-108     1.2438589648-108
   -0.2471150785E+03     9.5568552888-108     7.9640460740-108     6.8263252063-108     5.9730345555-108
   -0.2456984596E+03     3.9404406459-107     3.2837005382-107     2.8146004614-107     2.4627754037-107
   -0.2444709491E+03     1.3447631601-106     1.1206359667-106     9.6054511436-107     8.4047697506-107
   -0.2434643422E+03     3.6796763389-106     3.0663969491-106     2.6283402420-106     2.2997977118-106
   -0.2427047205E+03     7.8651886707-106     6.5543238922-106     5.6179919076-106     4.9157429192-106
   -0.2422118192E+03     1.2875776968-105     1.0729814140-105     9.1969835486-106     8.0473606050-106
   -0.2420000000E+03     1.5913487784-105     1.3261239820-105     1.1366776989-105     9.9459298649-106
   -0.2417881808E+03     1.9667868904-105     1.6389890754-105     1.4048477789-105     1.2292418065-105
   -0.2412952795E+03     3.2197459470-105     2.6831216225-105     2.2998185336-105     2.0123412169-105
   -0.2405356578E+03     6.8821023951-105     5.7350853292-105     4.9157874251-105     4.3013139969-105
   -0.2395290509E+03     1.8831501410-104     1.5692917841-104     1.3451072435-104     1.1769688381-104
   -0.2383015404E+03     6.4266694059-104     5.3555578383-104     4.5904781471-104     4.0166683787-104
   -0.2368849215E+03     2.6498161351-103     2.2081801126-103     1.8927258108-103     1.6561350844-103
   -0.2353158850E+03     1.2724467796-102     1.0603723164-102     9.0889055688-103     7.9527923727-103
   -0.2336350688E+03     6.8329595829-102     5.6941329858-102     4.8806854164-102     4.2705997393-102
   -0.2318860053E+03     3.9284158905-101     3.2736799088-101     2.8060113504-101     2.4552599316-101
   -0.2301139947E+03     2.3109571505-100     1.9257976254-100     1.6506836789-100     1.4443482191-100
   -0.2283649312E+03     1.3286191265E-99     1.1071826054E-99     9.4901366178-100     8.3038695406-100
   -0.2266841150E+03     7.1346015706E-99     5.9455013088E-99     5.0961439790E-99     4.4591259816E-99
   -0.2251150785E+03     3.4260493294E-98     2.8550411078E-98     2.4471780924E-98     2.1412808308E-98
   -0.2236984596E+03     1.4126136291E-97     1.1771780242E-97     1.0090097351E-97     8.8288351818E-98
   -0.2224709491E+03     4.8208587276E-97     4.0173822730E-97     3.4434705197E-97     3.0130367048E-97
   -0.2214643422E+03     1.3191318977E-96     1.0992765814E-96     9.4223706977E-97     8.2445743605E-97
   -0.2207047205E+03     2.8196015903E-96     2.3496679919E-96     2.0140011359E-96     1.7622509939E-96
   -0.2202118192E+03     4.6158538257E-96     3.8465448547E-96     3.2970384469E-96     2.8849086410E-96
   -0.2200000000E+03     5.7048466783E-96     4.7540388986E-96     4.0748904845E-96     3.5655291740E-96
   -0.2197881808E+03     7.0507595891E-96     5.8756329909E-96     5.0362568494E-96     4.4067247432E-96
   -0.2192952795E+03     1.1542508607E-95     9.6187571722E-96     8.2446490048E-96     7.2140678792E-96
   -0.2185356578E+03     2.4671737285E-95     2.0559781070E-95     1.7622669489E-95     1.5419835803E-95
   -0.2175290509E+03     6.7509291315E-95     5.6257742762E-95     4.8220922368E-95     4.2193307072E-95
   -0.2163015404E+03     2.3039049711E-94     1.9199208093E-94     1.6456464079E-94     1.4399406069E-94
   -0.2148849215E+03     9.4993599025E-94     7.9161332521E-94     6.7852570732E-94     5.9370999390E-94
   -0.2133158850E+03     4.5616108063E-93     3.8013423386E-93     3.2582934331E-93     2.8510067540E-93
   -0.2116350688E+03     2.4495564586E-92     2.0412970488E-92     1.7496831847E-92     1.5309727866E-92
   -0.2098860053E+03     1.4083028591E-91     1.1735857159E-91     1.0059306136E-91     8.8018928693E-92
   -0.2081139947E+03     8.2845799758E-91     6.9038166465E-91     5.9175571256E-91     5.1778624849E-91
   -0.2063649312E+03     4.7629837742E-90     3.9691531452E-90     3.4021312673E-90     2.9768648589E-90
   -0.2046841150E+03     2.5576924822E-89     2.1314104019E-89     1.8269232016E-89     1.5985578014E-89
   -0.2031150785E+03     1.2282088252E-88     1.0235073544E-88     8.7729201802E-89     7.6763051577E-89
   -0.2016984596E+03     5.0640967455E-88     4.2200806213E-88     3.6172119611E-88     3.1650604660E-88
   -0.2004709491E+03     1.7282358382E-87     1.4401965318E-87     1.2344541701E-87     1.0801473989E-87
   -0.1994643422E+03     4.7289728857E-87     3.9408107381E-87     3.3778377755E-87     2.9556080536E-87
   -0.1987047205E+03     1.0108025962E-86     8.4233549683E-87     7.2200185443E-87     6.3175162262E-87
   -0.1982118192E+03     1.6547433676E-86     1.3789528063E-86     1.1819595483E-86     1.0342146047E-86
   -0.1980000000E+03     2.0451378142E-86     1.7042815119E-86     1.4608127245E-86     1.2782111339E-86
   -0.1977881808E+03     2.5276358626E-86     2.1063632188E-86     1.8054541876E-86     1.5797724141E-86
   -0.1972952795E+03     4.1378887381E-86     3.4482406151E-86     2.9556348129E-86     2.5861804613E-86
   -0.1965356578E+03     8.8446027928E-86     7.3705023273E-86     6.3175734234E-86     5.5278767455E-86
   -0.1955290509E+03     2.4201492567E-85     2.0167910472E-85     1.7286780405E-85     1.5125932854E-85
   -0.1943015404E+03     8.2592985272E-85     6.8827487727E-85     5.8994989480E-85     5.1620615795E-85
   -0.1928849215E+03     3.4054377344E-84     2.8378647787E-84     2.4324555246E-84     2.1283985840E-84
   -0.1913158850E+03     1.6352977179E-83     1.3627480982E-83     1.1680697985E-83     1.0220610737E-83
   -0.1896350688E+03     8.7814464157E-83     7.3178720131E-83     6.2724617255E-83     5.4884040098E-83
   -0.1878860053E+03     5.0486430108E-82     4.2072025090E-82     3.6061735791E-82     3.1554018817E-82
   -0.1861139947E+03     2.9699497180E-81     2.4749580983E-81     2.1213926557E-81     1.8562185737E-81
   -0.1843649312E+03     1.7074881718E-80     1.4229068098E-80     1.2196344084E-80     1.0671801074E-80
   -0.1826841150E+03     9.1691046360E-80     7.6409205300E-80     6.5493604543E-80     5.7306903975E-80
   -0.1811150785E+03     4.4030215953E-79     3.6691846628E-79     3.1450154252E-79     2.7518884971E-79
   -0.1796984596E+03     1.8154345477E-78     1.5128621231E-78     1.2967389627E-78     1.1346465923E-78
   -0.1784709491E+03     6.1955748575E-78     5.1629790480E-78     4.4254106125E-78     3.8722342860E-78
   -0.1774643422E+03     1.6952955647E-77     1.4127463039E-77     1.2109254034E-77     1.0595597279E-77
   -0.1767047205E+03     3.6236392120E-77     3.0196993433E-77     2.5883137229E-77     2.2647745075E-77
   -0.1762118192E+03     5.9321107554E-77     4.9434256295E-77     4.2372219681E-77     3.7075692221E-77
   -0.1760000000E+03     7.3316408224E-77     6.1097006853E-77     5.2368863017E-77     4.5822755140E-77
   -0.1757881808E+03     9.0613542742E-77     7.5511285618E-77     6.4723959101E-77     5.6633464214E-77
   -0.1752952795E+03     1.4833970493E-76     1.2361642077E-76     1.0595693209E-76     9.2712315581E-77
   -0.1745356578E+03     3.1707130171E-76     2.6422608476E-76     2.2647950122E-76     1.9816956357E-76
   -0.1735290509E+03     8.6760241598E-76     7.2300201332E-76     6.1971601142E-76     5.4225150999E-76
   -0.1723015404E+03     2.9608865390E-75     2.4674054492E-75     2.1149189564E-75     1.8505540869E-75
   -0.1708849215E+03     1.2208197481E-74     1.0173497901E-74     8.7201410578E-75     7.6301234256E-75
   -0.1693158850E+03     5.8623997960E-74     4.8853331634E-74     4.1874284257E-74     3.6639998725E-74
   -0.1676350688E+03     3.1480720063E-73     2.6233933386E-73     2.2486228617E-73     1.9675450040E-73
   -0.1658860053E+03     1.8098945185E-72     1.5082454321E-72     1.2927817989E-72     1.1311840741E-72
   -0.1641139947E+03     1.0647010896E-71     8.8725090804E-72     7.6050077832E-72     6.6543818103E-72
   -0.1623649312E+03     6.1211962817E-71     5.1009969014E-71     4.3722830584E-71     3.8257476761E-71
   -0.1606841150E+03     3.2870440997E-70     2.7392034164E-70     2.3478886427E-70     2.0544025623E-70
   -0.1591150785E+03     1.5784448679E-69     1.3153707232E-69     1.1274606199E-69     9.8652804242E-70
   -0.1576984596E+03     6.5081746314E-69     5.4234788595E-69     4.6486961653E-69     4.0676091446E-69
   -0.1564709491E+03     2.2210595896E-68     1.8508829913E-68     1.5864711354E-68     1.3881622435E-68
   -0.1554643422E+03     6.0774868479E-68     5.0645723733E-68     4.3410620342E-68     3.7984292799E-68
   -0.1547047205E+03     1.2990430761E-67     1.0825358967E-67     9.2788791149E-68     8.1190192256E-68
   -0.1542118192E+03     2.1266100052E-67     1.7721750043E-67     1.5190071465E-67     1.3291312532E-67
   -0.1540000000E+03     2.6283293367E-67     2.1902744473E-67     1.8773780977E-67     1.6427058355E-67
   -0.1537881808E+03     3.2484165341E-67     2.7070137784E-67     2.3202975243E-67     2.0302603338E-67
   -0.1532952795E+03     5.3178491379E-67     4.4315409483E-67     3.7984636699E-67     3.3236557112E-67
   -0.1525356578E+03     1.1366729826E-66     9.4722748552E-67     8.1190927331E-67     7.1042061414E-67
   -0.1515290509E+03     3.1102790464E-66     2.5918992053E-66     2.2216278903E-66     1.9439244040E-66
   -0.1503015404E+03     1.0614520190E-65     8.8454334914E-66     7.5818001355E-66     6.6340751186E-66
   -0.1488849215E+03     4.3765323977E-65     3.6471103314E-65     3.1260945698E-65     2.7353327486E-65
   -0.1473158850E+03     2.1016192338E-64     1.7513493615E-64     1.5011565956E-64     1.3135120211E-64
   -0.1456350688E+03     1.1285563776E-63     9.4046364801E-64     8.0611169829E-64     7.0534773600E-64
   -0.1438860053E+03     6.4883141095E-63     5.4069284246E-63     4.6345100782E-63     4.0551963184E-63
   -0.1421139947E+03     3.8168606135E-62     3.1807171780E-62     2.7263290097E-62     2.3855378835E-62
   -0.1403649312E+03     2.1943955184E-61     1.8286629320E-61     1.5674253703E-61     1.3714971990E-61
   -0.1386841150E+03     1.1783766619E-60     9.8198055157E-61     8.4169761563E-61     7.3648541368E-61
   -0.1371150785E+03     5.6585872838E-60     4.7154894031E-60     4.0418480598E-60     3.5366170524E-60
   -0.1356984596E+03     2.3331238841E-59     1.9442699034E-59     1.6665170601E-59     1.4582024276E-59
   -0.1344709491E+03     7.9623050548E-59     6.6352542123E-59     5.6873607534E-59     4.9764406592E-59
   -0.1334643422E+03     2.1787260673E-58     1.8156050561E-58     1.5562329052E-58     1.3617037921E-58
   -0.1327047205E+03     4.6569562112E-58     3.8807968426E-58     3.3263972937E-58     2.9105976320E-58
   -0.1322118192E+03     7.6237115262E-58     6.3530929385E-58     5.4455082330E-58     4.7648197039E-58
   -0.1320000000E+03     9.4223316031E-58     7.8519430026E-58     6.7302368594E-58     5.8889572519E-58
   -0.1317881808E+03     1.1645290163E-57     9.7044084688E-58     8.3180644019E-58     7.2783063516E-58
   -0.1312952795E+03     1.9064025688E-57     1.5886688074E-57     1.3617161206E-57     1.1915016055E-57
   -0.1305356578E+03     4.0748735773E-57     3.3957279811E-57     2.9106239838E-57     2.5467959858E-57
   -0.1295290509E+03     1.1150079308E-56     9.2917327571E-57     7.9643423632E-57     6.9687995678E-57
   -0.1283015404E+03     3.8052129784E-56     3.1710108153E-56     2.7180092703E-56     2.3782581115E-56
   -0.1268849215E+03     1.5689487214E-55     1.3074572678E-55     1.1206776582E-55     9.8059295089E-56
   -0.1253158850E+03     7.5341217889E-55     6.2784348241E-55     5.3815155635E-55     4.7088261181E-55
   -0.1236350688E+03     4.0457762557E-54     3.3714802131E-54     2.8898401826E-54     2.5286101598E-54
   -0.1218860053E+03     2.3260040601E-53     1.9383367167E-53     1.6614314715E-53     1.4537525376E-53
   -0.1201139947E+03     1.3683112645E-52     1.1402593871E-52     9.7736518896E-53     8.5519454034E-53
   -0.1183649312E+03     7.8667166834E-52     6.5555972362E-52     5.6190833453E-52     4.9166979271E-52
   -0.1166841150E+03     4.2243776328E-51     3.5203146940E-51     3.0174125948E-51     2.6402360205E-51
   -0.1151150785E+03     2.0285542245E-50     1.6904618537E-50     1.4489673032E-50     1.2678463903E-50
   -0.1136984596E+03     8.3640457837E-50     6.9700381531E-50     5.9743184170E-50     5.2275286148E-50
   -0.1124709491E+03     2.8544169676E-49     2.3786808063E-49     2.0388692625E-49     1.7840106047E-49
   -0.1114643422E+03     7.8105430670E-49     6.5087858891E-49     5.5789593336E-49     4.8815894169E-49
   -0.1107047205E+03     1.6694782145E-48     1.3912318454E-48     1.1924844389E-48     1.0434238841E-48
   -0.1102118192E+03     2.7330341386E-48     2.2775284488E-48     1.9521672418E-48     1.7081463366E-48
   -0.1100000000E+03     3.3778237604E-48     2.8148531337E-48     2.4127312575E-48     2.1111398503E-48
   -0.1097881808E+03     4.1747350301E-48     3.4789458584E-48     2.9819535929E-48     2.6092093938E-48
   -0.1092952795E+03     6.8342870589E-48     5.6952392158E-48     4.8816336135E-48     4.2714294118E-48
   -0.1085356578E+03     1.4608066634E-47     1.2173388861E-47     1.0434333310E-47     9.1300416460E-48
   -0.1075290509E+03     3.9972062548E-47     3.3310052124E-47     2.8551473249E-47     2.4982539093E-47
   -0.1063015404E+03     1.3641356888E-46     1.1367797407E-46     9.7438263488E-47     8.5258480552E-47
   -0.1048849215E+03     5.6245444263E-46     4.6871203553E-46     4.0175317331E-46     3.5153402665E-46
   -0.1033158850E+03     2.7009169985E-45     2.2507641655E-45     1.9292264275E-45     1.6880731241E-45
   -0.1016350688E+03     1.4503755272E-44     1.2086462726E-44     1.0359825194E-44     9.0648470447E-45
   -0.9988600531E+02     8.3385218352E-44     6.9487681960E-44     5.9560870251E-44     5.2115761470E-44
   -0.9811399469E+02     4.9052766298E-43     4.0877305248E-43     3.5037690213E-43     3.0657978936E-43
   -0.9636493123E+02     2.8201493695E-42     2.3501244746E-42     2.0143924068E-42     1.7625933560E-42
   -0.9468411498E+02     1.5144025643E-41     1.2620021369E-41     1.0817161173E-41     9.4650160267E-42
   -0.9311507850E+02     7.2721900983E-41     6.0601584153E-41     5.1944214988E-41     4.5451188114E-41
   -0.9169845957E+02     2.9984375176E-40     2.4986979313E-40     2.1417410840E-40     1.8740234485E-40
   -0.9047094913E+02     1.0232836055E-39     8.5273633794E-40     7.3091686109E-40     6.3955225345E-40
   -0.8946434224E+02     2.8000116176E-39     2.3333430147E-39     2.0000082983E-39     1.7500072610E-39
   -0.8870472051E+02     5.9849338976E-39     4.9874449146E-39     4.2749527840E-39     3.7405836860E-39
   -0.8821181925E+02     9.7976891922E-39     8.1647409935E-39     6.9983494230E-39     6.1235557451E-39
   -0.8800000000E+02     1.2109203791E-38     1.0091003159E-38     8.6494312791E-39     7.5682523693E-39
   -0.8778818075E+02     1.4966061239E-38     1.2471717699E-38     1.0690043742E-38     9.3537882741E-39
   -0.8729527949E+02     2.4500323472E-38     2.0416936226E-38     1.7500231051E-38     1.5312702170E-38
   -0.8653565776E+02     5.2368645732E-38     4.3640538110E-38     3.7406175523E-38     3.2730403582E-38
   -0.8552905087E+02     1.4329636052E-37     1.1941363376E-37     1.0235454323E-37     8.9560225322E-38
   -0.8430154043E+02     4.8903075548E-37     4.0752562956E-37     3.4930768248E-37     3.0564422217E-37
   -0.8288492150E+02     2.0163501568E-36     1.6802917973E-36     1.4402501120E-36     1.2602188480E-36
   -0.8131588502E+02     9.6825520444E-36     8.0687933703E-36     6.9161086031E-36     6.0515950278E-36
   -0.7963506877E+02     5.1994698590E-35     4.3328915492E-35     3.7139070421E-35     3.2496686619E-35
   -0.7788600531E+02     2.9892874045E-34     2.4910728370E-34     2.1352052889E-34     1.8683046278E-34
   -0.7611399469E+02     1.7584989204E-33     1.4654157670E-33     1.2560706574E-33     1.0990618252E-33
   -0.7436493123E+02     1.0109989703E-32     8.4249914190E-33     7.2214212163E-33     6.3187435643E-33
   -0.7268411498E+02     5.4290012069E-32     4.5241676724E-32     3.8778580049E-32     3.3931257543E-32
   -0.7111507850E+02     2.6070167703E-31     2.1725139752E-31     1.8621548359E-31     1.6293854814E-31
   -0.6969845957E+02     1.0749137175E-30     8.9576143126E-31     7.6779551251E-31     6.7182107344E-31
   -0.6847094913E+02     3.6683825427E-30     3.0569854522E-30     2.6202732448E-30     2.2927390892E-30
   -0.6746434224E+02     1.0037797617E-29     8.3648313477E-30     7.1698554409E-30     6.2736235108E-30
   -0.6670472051E+02     2.1455466413E-29     1.7879555344E-29     1.5325333152E-29     1.3409666508E-29
   -0.6621181925E+02     3.5123861848E-29     2.9269884873E-29     2.5088472748E-29     2.1952413655E-29
   -0.6600000000E+02     4.3410440226E-29     3.6175366855E-29     3.1007457304E-29     2.7131525141E-29
   -0.6578818075E+02     5.3652025190E-29     4.4710020992E-29     3.8322875136E-29     3.3532515744E-29
   -0.6529527949E+02     8.7831524348E-29     7.3192936957E-29     6.2736803106E-29     5.4894702717E-29
   -0.6453565776E+02     1.8773703082E-28     1.5644752568E-28     1.3409787916E-28     1.1733564426E-28
   -0.6352905087E+02     5.1370496362E-28     4.2808746968E-28     3.6693211687E-28     3.2106560226E-28
   -0.6230154043E+02     1.7531326375E-27     1.4609438646E-27     1.2522375982E-27     1.0957078984E-27
   -0.6088492150E+02     7.2284395792E-27     6.0236996494E-27     5.1631711280E-27     4.5177747370E-27
   -0.5931588502E+02     3.4711105207E-26     2.8925921006E-26     2.4793646577E-26     2.1694440755E-26
   -0.5763506877E+02     1.8639646290E-25     1.5533038576E-25     1.3314033065E-25     1.1649778932E-25
   -0.5588600531E+02     1.0716334816E-24     8.9302790142E-25     7.6545248693E-25     6.6977092606E-25
   -0.5411399469E+02     6.3040653684E-24     5.2533878080E-24     4.5029038354E-24     3.9400408560E-24
   -0.5236493123E+02     3.6243431946E-23     3.0202859966E-23     2.5888165686E-23     2.2652144975E-23
   -0.5068411498E+02     1.9462496153E-22     1.6218746806E-22     1.3901782977E-22     1.2164060105E-22
   -0.4911507850E+02     9.3459278963E-22     7.7882732579E-22     6.6756627928E-22     5.8412049437E-22
   -0.4769845957E+02     3.8534719843E-21     3.2112266617E-21     2.7524799960E-21     2.4084199965E-21
   -0.4647094913E+02     1.3150831644E-20     1.0959026416E-20     9.3934512155E-21     8.2192698136E-21
   -0.4546434224E+02     3.5984629387E-20     2.9987191346E-20     2.5703306875E-20     2.2490393516E-20
   -0.4470472051E+02     7.6915976464E-20     6.4096647609E-20     5.4939983686E-20     4.8072485727E-20
   -0.4421181925E+02     1.2591598214E-19     1.0492998623E-19     8.9939988243E-20     7.8697489714E-20
   -0.4400000000E+02     1.5562264293E-19     1.2968553728E-19     1.1115903201E-19     9.7264153014E-20
   -0.4378818075E+02     1.9233783177E-19     1.6028152850E-19     1.3738416737E-19     1.2021114645E-19
   -0.4329527949E+02     3.1486835481E-19     2.6239029973E-19     2.2490597137E-19     1.9679272496E-19
   -0.4253565776E+02     6.7302087847E-19     5.6085074390E-19     4.8072920959E-19     4.2063805842E-19
   -0.4152905087E+02     1.8415874609E-18     1.5346562664E-18     1.3154196593E-18     1.1509922020E-18
   -0.4030154043E+02     6.2848273595E-18     5.2373564093E-18     4.4891626511E-18     3.9280173206E-18
   -0.3888492150E+02     2.5913323284E-17     2.1594438105E-17     1.8509518494E-17     1.6195828690E-17
   -0.3731588502E+02     1.2443626285E-16     1.0369690427E-16     8.8883062003E-17     7.7772679342E-17
   -0.3563506877E+02     6.6821481463E-16     5.5684587679E-16     4.7729648016E-16     4.1763442133E-16
   -0.3388600531E+02     3.8417095535E-15     3.2014269482E-15     2.7440804308E-15     2.4010703945E-15
   -0.3211399469E+02     2.2599487161E-14     1.8832934009E-14     1.6142517451E-14     1.4124703038E-14
   -0.3036493123E+02     1.2992909676E-13     1.0827457478E-13     9.2806812418E-14     8.1205964832E-14
   -0.2868411498E+02     6.9770869836E-13     5.8142738235E-13     4.9836673200E-13     4.3607094308E-13
   -0.2711507850E+02     3.3503893055E-12     2.7920223925E-12     2.3931661142E-12     2.0940209355E-12
   -0.2569845957E+02     1.3814032087E-11     1.1511921169E-11     9.8673935711E-12     8.6339745230E-12
   -0.2447094913E+02     4.7142717679E-11     3.9286867130E-11     3.3674654876E-11     2.9465356812E-11
   -0.2346434224E+02     1.2899400605E-10     1.0750018815E-10     9.2143881686E-11     8.0626054356E-11
   -0.2270472051E+02     2.7571436927E-10     2.2977694809E-10     1.9695429641E-10     1.7233551413E-10
   -0.2221181925E+02     4.5135223789E-10     3.7615665565E-10     3.2242539499E-10     2.8212329314E-10
   -0.2200000000E+02     5.5783210701E-10     4.6490012173E-10     3.9849318673E-10     3.4868302095E-10
   -0.2178818075E+02     6.8943137786E-10     5.7457993951E-10     4.9250713549E-10     4.3094579276E-10
   -0.2129527949E+02     1.1286089859E-09     9.4061442530E-10     8.0626158692E-10     7.0548323918E-10
   -0.2053565776E+02     2.4122333431E-09     2.0105025150E-09     1.7233505226E-09     1.5079455766E-09
   -0.1952905087E+02     6.5999050603E-09     5.5011704836E-09     4.7155611690E-09     4.1261803596E-09
   -0.1830154043E+02     2.2519064955E-08     1.8772758160E-08     1.6092562614E-08     1.4081408886E-08
   -0.1688492150E+02     9.2811790905E-08     7.7392037443E-08     6.6348778717E-08     5.8058760380E-08
   -0.1531588502E+02     4.4530937930E-07     3.7151742235E-07     3.1856719081E-07     2.7878475279E-07
   -0.1363506877E+02     2.3870483166E-06     1.9934983579E-06     1.7101087765E-06     1.4968293634E-06
   -0.1188600531E+02     1.3672015505E-05     1.1440081661E-05     9.8229037717E-06     8.6016934977E-06
   -0.1011399469E+02     7.9789422455E-05     6.7005355352E-05     5.7645572857E-05     5.0532483475E-05
   -0.8364931235E+01     4.5121763986E-04     3.8133999653E-04     3.2933981812E-04     2.8938200218E-04
   -0.6684114979E+01     2.3442977672E-03     2.0019185282E-03     1.7411249027E-03     1.5372048679E-03
   -0.5115078496E+01     1.0567486319E-02     9.1640826416E-03     8.0623480697E-03     7.1795958812E-03
   -0.3698459575E+01     3.8820637603E-02     3.4360028306E-02     3.0733368901E-02     2.7738707287E-02
   -0.2470949130E+01     1.0827832661E-01     9.8167826236E-02     8.9644366746E-02     8.2373608048E-02
   -0.1464342241E+01     2.1031368757E-01     1.9546198084E-01     1.8252552227E-01     1.7115156053E-01
   -0.7047205131E+00     2.5024734406E-01     2.3774936391E-01     2.2659642667E-01     2.1656379094E-01
   -0.2118192462E+00     1.3592988132E-01     1.3120408140E-01     1.2693602217E-01     1.2305221586E-01
    0.0000000000E+00     0.0000000000E+00     0.0000000000E+00     0.0000000000E+00     0.0000000000E+00
    0.2118192462E+00    -1.3592988132E-01    -1.3120408140E-01    -1.2693602217E-01    -1.2305221586E-01
    0.7047205131E+00    -2.5024734406E-01    -2.3774936391E-01    -2.2659642667E-01    -2.1656379094E-01
    0.1464342241E+01    -2.1031368757E-01    -1.9546198084E-01    -1.8252552227E-01    -1.7115156053E-01
    0.2470949130E+01    -1.0827832661E-01    -9.8167826236E-02    -8.9644366746E-02    -8.2373608048E-02
    0.3698459575E+01    -3.8820637603E-02    -3.4360028306E-02    -3.0733368901E-02    -2.7738707287E-02
    0.5115078496E+01    -1.0567486319E-02    -9.1640826416E-03    -8.0623480697E-03    -7.1795958812E-03
    0.6684114979E+01    -2.3442977672E-03    -2.0019185282E-03    -1.7411249027E-03    -1.5372048679E-03
    0.8364931235E+01    -4.5121763986E-04    -3.8133999653E-04    -3.2933981812E-04    -2.8938200218E-04
    0.1011399469E+02    -7.9789422455E-05    -6.7005355352E-05    -5.7645572857E-05    -5.0532483475E-05
    0.1188600531E+02    -1.3672015505E-05    -1.1440081661E-05    -9.8229037717E-06    -8.6016934977E-06
    0.1363506877E+02    -2.3870483166E-06    -1.9934983579E-06    -1.7101087765E-06    -1.4968293634E-06
    0.1531588502E+02    -4.4530937930E-07    -3.7151742235E-07    -3.1856719081E-07    -2.7878475279E-07
    0.1688492150E+02    -9.2811790905E-08    -7.7392037443E-08    -6.6348778717E-08    -5.8058760380E-08
    0.1830154043E+02    -2.2519064955E-08    -1.8772758160E-08    -1.6092562614E-08    -1.4081408886E-08
    0.1952905087E+02    -6.5999050603E-09    -5.5011704836E-09    -4.7155611690E-09    -4.1261803596E-09
    0.2053565776E+02    -2.4122333431E-09    -2.0105025150E-09    -1.7233505226E-09    -1.5079455766E-09
    0.2129527949E+02    -1.1286089859E-09    -9.4061442530E-10    -8.0626158692E-10    -7.0548323918E-10
    0.2178818075E+02    -6.8943137786E-10    -5.7457993951E-10    -4.9250713549E-10    -4.3094579276E-10
    0.2200000000E+02    -5.5783210701E-10    -4.6490012173E-10    -3.9849318673E-10    -3.4868302095E-10
    0.2221181925E+02    -4.5135223789E-10    -3.7615665565E-10    -3.2242539499E-10    -2.8212329314E-10
    0.2270472051E+02    -2.7571436927E-10    -2.2977694809E-10    -1.9695429641E-10    -1.7233551413E-10
    0.2346434224E+02    -1.2899400605E-10    -1.0750018815E-10    -9.2143881686E-11    -8.0626054356E-11
    0.2447094913E+02    -4.7142717679E-11    -3.9286867130E-11    -3.3674654876E-11    -2.9465356812E-11
    0.2569845957E+02    -1.3814032087E-11    -1.1511921169E-11    -9.8673935711E-12    -8.6339745230E-12
    0.2711507850E+02    -3.3503893055E-12    -2.7920223925E-12    -2.3931661142E-12    -2.0940209355E-12
    0.2868411498E+02    -6.9770869836E-13    -5.8142738235E-13    -4.9836673200E-13    -4.3607094308E-13
    0.3036493123E+02    -1.2992909676E-13    -1.0827457478E-13    -9.2806812418E-14    -8.1205964832E-14
    0.3211399469E+02    -2.2599487161E-14    -1.8832934009E-14    -1.6142517451E-14    -1.4124703038E-14
    0.3388600531E+02    -3.8417095535E-15    -3.2014269482E-15    -2.7440804308E-15    -2.4010703945E-15
    0.3563506877E+02    -6.6821481463E-16    -5.5684587679E-16    -4.7729648016E-16    -4.1763442133E-16
    0.3731588502E+02    -1.2443626285E-16    -1.0369690427E-16    -8.8883062003E-17    -7.7772679342E-17
    0.3888492150E+02    -2.5913323284E-17    -2.1594438105E-17    -1.8509518494E-17    -1.6195828690E-17
    0.4030154043E+02    -6.2848273595E-18    -5.2373564093E-18    -4.4891626511E-18    -3.9280173206E-18
    0.4152905087E+02    -1.8415874609E-18    -1.5346562664E-18    -1.3154196593E-18    -1.1509922020E-18
    0.4253565776E+02    -6.7302087847E-19    -5.6085074390E-19    -4.8072920959E-19    -4.2063805842E-19
    0.4329527949E+02    -3.1486835481E-19    -2.6239029973E-19    -2.2490597137E-19    -1.9679272496E-19
    0.4378818075E+02    -1.9233783177E-19    -1.6028152850E-19    -1.3738416737E-19    -1.2021114645E-19
    0.4400000000E+02    -1.5562264293E-19    -1.2968553728E-19    -1.1115903201E-19    -9.7264153014E-20
    0.4421181925E+02    -1.2591598214E-19    -1.0492998623E-19    -8.9939988243E-20    -7.8697489714E-20
    0.4470472051E+02    -7.6915976464E-20    -6.4096647609E-20    -5.4939983686E-20    -4.8072485727E-20
    0.4546434224E+02    -3.5984629387E-20    -2.9987191346E-20    -2.5703306875E-20    -2.2490393516E-20
    0.4647094913E+02    -1.3150831644E-20    -1.0959026416E-20    -9.3934512155E-21    -8.2192698136E-21
    0.4769845957E+02    -3.8534719843E-21    -3.2112266617E-21    -2.7524799960E-21    -2.4084199965E-21
    0.4911507850E+02    -9.3459278963E-22    -7.7882732579E-22    -6.6756627928E-22    -5.8412049437E-22
    0.5068411498E+02    -1.9462496153E-22    -1.6218746806E-22    -1.3901782977E-22    -1.2164060105E-22
    0.5236493123E+02    -3.6243431946E-23    -3.0202859966E-23    -2.5888165686E-23    -2.2652144975E-23
    0.5411399469E+02    -6.3040653684E-24    -5.2533878080E-24    -4.5029038354E-24    -3.9400408560E-24
    0.5588600531E+02    -1.0716334816E-24    -8.9302790142E-25    -7.6545248693E-25    -6.6977092606E-25
    0.5763506877E+02    -1.8639646290E-25    -1.5533038576E-25    -1.3314033065E-25    -1.1649778932E-25
    0.5931588502E+02    -3.4711105207E-26    -2.8925921006E-26    -2.4793646577E-26    -2.1694440755E-26
    0.6088492150E+02    -7.2284395792E-27    -6.0236996494E-27    -5.1631711280E-27    -4.5177747370E-27
    0.6230154043E+02    -1.7531326375E-27    -1.4609438646E-27    -1.2522375982E-27    -1.0957078984E-27
    0.6352905087E+02    -5.1370496362E-28    -4.2808746968E-28    -3.6693211687E-28    -3.2106560226E-28
    0.6453565776E+02    -1.8773703082E-28    -1.5644752568E-28    -1.3409787916E-28    -1.1733564426E-28
    0.6529527949E+02    -8.7831524348E-29    -7.3192936957E-29    -6.2736803106E-29    -5.4894702717E-29
    0.6578818075E+02    -5.3652025190E-29    -4.4710020992E-29    -3.8322875136E-29    -3.3532515744E-29
    0.6600000000E+02    -4.3410440226E-29    -3.6175366855E-29    -3.1007457304E-29    -2.7131525141E-29
    0.6621181925E+02    -3.5123861848E-29    -2.9269884873E-29    -2.5088472748E-29    -2.1952413655E-29
    0.6670472051E+02    -2.1455466413E-29    -1.7879555344E-29    -1.5325333152E-29    -1.3409666508E-29
    0.6746434224E+02    -1.0037797617E-29    -8.3648313477E-30    -7.1698554409E-30    -6.2736235108E-30
    0.6847094913E+02    -3.6683825427E-30    -3.0569854522E-30    -2.6202732448E-30    -2.2927390892E-30
    0.6969845957E+02    -1.0749137175E-30    -8.9576143126E-31    -7.6779551251E-31    -6.7182107344E-31
    0.7111507850E+02    -2.6070167703E-31    -2.1725139752E-31    -1.8621548359E-31    -1.6293854814E-31
    0.7268411498E+02    -5.4290012069E-32    -4.5241676724E-32    -3.8778580049E-32    -3.3931257543E-32
    0.7436493123E+02    -1.0109989703E-32    -8.4249914190E-33    -7.2214212163E-33    -6.3187435643E-33
    0.7611399469E+02    -1.7584989204E-33    -1.4654157670E-33    -1.2560706574E-33    -1.0990618252E-33
    0.7788600531E+02    -2.9892874045E-34    -2.4910728370E-34    -2.1352052889E-34    -1.8683046278E-34
    0.7963506877E+02    -5.1994698590E-35    -4.3328915492E-35    -3.7139070421E-35    -3.2496686619E-35
    0.8131588502E+02    -9.6825520444E-36    -8.0687933703E-36    -6.9161086031E-36    -6.0515950278E-36
    0.8288492150E+02    -2.0163501568E-36    -1.6802917973E-36    -1.4402501120E-36    -1.2602188480E-36
    0.8430154043E+02    -4.8903075548E-37    -4.0752562956E-37    -3.4930768248E-37    -3.0564422217E-37
    0.8552905087E+02    -1.4329636052E-37    -1.1941363376E-37    -1.0235454323E-37    -8.9560225322E-38
    0.8653565776E+02    -5.2368645732E-38    -4.3640538110E-38    -3.7406175523E-38    -3.2730403582E-38
    0.8729527949E+02    -2.4500323472E-38    -2.0416936226E-38    -1.7500231051E-38    -1.5312702170E-38
    0.8778818075E+02    -1.4966061239E-38    -1.2471717699E-38    -1.0690043742E-38    -9.3537882741E-39
    0.8800000000E+02    -1.2109203791E-38    -1.0091003159E-38    -8.6494312791E-39    -7.5682523693E-39
    0.8821181925E+02    -9.7976891922E-39    -8.1647409935E-39    -6.9983494230E-39    -6.1235557451E-39
    0.8870472051E+02    -5.9849338976E-39    -4.9874449146E-39    -4.2749527840E-39    -3.7405836860E-39
    0.8946434224E+02    -2.8000116176E-39    -2.3333430147E-39    -2.0000082983E-39    -1.7500072610E-39
    0.9047094913E+02    -1.0232836055E-39    -8.5273633794E-40    -7.3091686109E-40    -6.3955225345E-40
    0.9169845957E+02    -2.9984375176E-40    -2.4986979313E-40    -2.1417410840E-40    -1.8740234485E-40
    0.9311507850E+02    -7.2721900983E-41    -6.0601584153E-41    -5.1944214988E-41    -4.5451188114E-41
    0.9468411498E+02    -1.5144025643E-41    -1.2620021369E-41    -1.0817161173E-41    -9.4650160267E-42
    0.9636493123E+02    -2.8201493695E-42    -2.3501244746E-42    -2.0143924068E-42    -1.7625933560E-42
    0.9811399469E+02    -4.9052766298E-43    -4.0877305248E-43    -3.5037690213E-43    -3.0657978936E-43
    0.9988600531E+02    -8.3385218352E-44    -6.9487681960E-44    -5.9560870251E-44    -5.2115761470E-44
    0.1016350688E+03    -1.4503755272E-44    -1.2086462726E-44    -1.0359825194E-44    -9.0648470447E-45
    0.1033158850E+03    -2.7009169985E-45    -2.2507641655E-45    -1.9292264275E-45    -1.6880731241E-45
    0.1048849215E+03    -5.6245444263E-46    -4.6871203553E-46    -4.0175317331E-46    -3.5153402665E-46
    0.1063015404E+03    -1.3641356888E-46    -1.1367797407E-46    -9.7438263488E-47    -8.5258480552E-47
    0.1075290509E+03    -3.9972062548E-47    -3.3310052124E-47    -2.8551473249E-47    -2.4982539093E-47
    0.1085356578E+03    -1.4608066634E-47    -1.2173388861E-47    -1.0434333310E-47    -9.1300416460E-48
    0.1092952795E+03    -6.8342870589E-48    -5.6952392158E-48    -4.8816336135E-48    -4.2714294118E-48
    0.1097881808E+03    -4.1747350301E-48    -3.4789458584E-48    -2.9819535929E-48    -2.6092093938E-48
    0.1100000000E+03    -3.3778237604E-48    -2.8148531337E-48    -2.4127312575E-48    -2.1111398503E-48
    0.1102118192E+03    -2.7330341386E-48    -2.2775284488E-48    -1.9521672418E-48    -1.7081463366E-48
    0.1107047205E+03    -1.6694782145E-48    -1.3912318454E-48    -1.1924844389E-48    -1.0434238841E-48
    0.1114643422E+03    -7.8105430670E-49    -6.5087858891E-49    -5.5789593336E-49    -4.8815894169E-49
    0.1124709491E+03    -2.8544169676E-49    -2.3786808063E-49    -2.0388692625E-49    -1.7840106047E-49
    0.1136984596E+03    -8.3640457837E-50    -6.9700381531E-50    -5.9743184170E-50    -5.2275286148E-50
    0.1151150785E+03    -2.0285542245E-50    -1.6904618537E-50    -1.4489673032E-50    -1.2678463903E-50
    0.1166841150E+03    -4.2243776328E-51    -3.5203146940E-51    -3.0174125948E-51    -2.6402360205E-51
    0.1183649312E+03    -7.8667166834E-52    -6.5555972362E-52    -5.6190833453E-52    -4.9166979271E-52
    0.1201139947E+03    -1.3683112645E-52    -1.1402593871E-52    -9.7736518896E-53    -8.5519454034E-53
    0.1218860053E+03    -2.3260040601E-53    -1.9383367167E-53    -1.6614314715E-53    -1.4537525376E-53
    0.1236350688E+03    -4.0457762557E-54    -3.3714802131E-54    -2.8898401826E-54    -2.5286101598E-54
    0.1253158850E+03    -7.5341217889E-55    -6.2784348241E-55    -5.3815155635E-55    -4.7088261181E-55
    0.1268849215E+03    -1.5689487214E-55    -1.3074572678E-55    -1.1206776582E-55    -9.8059295089E-56
    0.1283015404E+03    -3.8052129784E-56    -3.1710108153E-56    -2.7180092703E-56    -2.3782581115E-56
    0.1295290509E+03    -1.1150079308E-56    -9.2917327571E-57    -7.9643423632E-57    -6.9687995678E-57
    0.1305356578E+03    -4.0748735773E-57    -3.3957279811E-57    -2.9106239838E-57    -2.5467959858E-57
    0.1312952795E+03    -1.9064025688E-57    -1.5886688074E-57    -1.3617161206E-57    -1.1915016055E-57
    0.1317881808E+03    -1.1645290163E-57    -9.7044084688E-58    -8.3180644019E-58    -7.2783063516E-58
    0.1320000000E+03    -9.4223316031E-58    -7.8519430026E-58    -6.7302368594E-58    -5.8889572519E-58
    0.1322118192E+03    -7.6237115262E-58    -6.3530929385E-58    -5.4455082330E-58    -4.7648197039E-58
    0.1327047205E+03    -4.6569562112E-58    -3.8807968426E-58    -3.3263972937E-58    -2.9105976320E-58
    0.1334643422E+03    -2.1787260673E-58    -1.8156050561E-58    -1.5562329052E-58    -1.3617037921E-58
    0.1344709491E+03    -7.9623050548E-59    -6.6352542123E-59    -5.6873607534E-59    -4.9764406592E-59
    0.1356984596E+03    -2.3331238841E-59    -1.9442699034E-59    -1.6665170601E-59    -1.4582024276E-59
    0.1371150785E+03    -5.6585872838E-60    -4.7154894031E-60    -4.0418480598E-60    -3.5366170524E-60
    0.1386841150E+03    -1.1783766619E-60    -9.8198055157E-61    -8.4169761563E-61    -7.3648541368E-61
    0.1403649312E+03    -2.1943955184E-61    -1.8286629320E-61    -1.5674253703E-61    -1.3714971990E-61
    0.1421139947E+03    -3.8168606135E-62    -3.1807171780E-62    -2.7263290097E-62    -2.3855378835E-62
    0.1438860053E+03    -6.4883141095E-63    -5.4069284246E-63    -4.6345100782E-63    -4.0551963184E-63
    0.1456350688E+03    -1.1285563776E-63    -9.4046364801E-64    -8.0611169829E-64    -7.0534773600E-64
    0.1473158850E+03    -2.1016192338E-64    -1.7513493615E-64    -1.5011565956E-64    -1.3135120211E-64
    0.1488849215E+03    -4.3765323977E-65    -3.6471103314E-65    -3.1260945698E-65    -2.7353327486E-65
    0.1503015404E+03    -1.0614520190E-65    -8.8454334914E-66    -7.5818001355E-66    -6.6340751186E-66
    0.1515290509E+03    -3.1102790464E-66    -2.5918992053E-66    -2.2216278903E-66    -1.9439244040E-66
    0.1525356578E+03    -1.1366729826E-66    -9.4722748552E-67    -8.1190927331E-67    -7.1042061414E-67
    0.1532952795E+03    -5.3178491379E-67    -4.4315409483E-67    -3.7984636699E-67    -3.3236557112E-67
    0.1537881808E+03    -3.2484165341E-67    -2.7070137784E-67    -2.3202975243E-67    -2.0302603338E-67
    0.1540000000E+03    -2.6283293367E-67    -2.1902744473E-67    -1.8773780977E-67    -1.6427058355E-67
    0.1542118192E+03    -2.1266100052E-67    -1.7721750043E-67    -1.5190071465E-67    -1.3291312532E-67
    0.1547047205E+03    -1.2990430761E-67    -1.0825358967E-67    -9.2788791149E-68    -8.1190192256E-68
    0.1554643422E+03    -6.0774868479E-68    -5.0645723733E-68    -4.3410620342E-68    -3.7984292799E-68
    0.1564709491E+03    -2.2210595896E-68    -1.8508829913E-68    -1.5864711354E-68    -1.3881622435E-68
    0.1576984596E+03    -6.5081746314E-69    -5.4234788595E-69    -4.6486961653E-69    -4.0676091446E-69
    0.1591150785E+03    -1.5784448679E-69    -1.3153707232E-69    -1.1274606199E-69    -9.8652804242E-70
    0.1606841150E+03    -3.2870440997E-70    -2.7392034164E-70    -2.3478886427E-70    -2.0544025623E-70
    0.1623649312E+03    -6.1211962817E-71    -5.1009969014E-71    -4.3722830584E-71    -3.8257476761E-71
    0.1641139947E+03    -1.0647010896E-71    -8.8725090804E-72    -7.6050077832E-72    -6.6543818103E-72
    0.1658860053E+03    -1.8098945185E-72    -1.5082454321E-72    -1.2927817989E-72    -1.1311840741E-72
    0.1676350688E+03    -3.1480720063E-73    -2.6233933386E-73    -2.2486228617E-73    -1.9675450040E-73
    0.1693158850E+03    -5.8623997960E-74    -4.8853331634E-74    -4.1874284257E-74    -3.6639998725E-74
    0.1708849215E+03    -1.2208197481E-74    -1.0173497901E-74    -8.7201410578E-75    -7.6301234256E-75
    0.1723015404E+03    -2.9608865390E-75    -2.4674054492E-75    -2.1149189564E-75    -1.8505540869E-75
    0.1735290509E+03    -8.6760241598E-76    -7.2300201332E-76    -6.1971601142E-76    -5.4225150999E-76
    0.1745356578E+03    -3.1707130171E-76    -2.6422608476E-76    -2.2647950122E-76    -1.9816956357E-76
    0.1752952795E+03    -1.4833970493E-76    -1.2361642077E-76    -1.0595693209E-76    -9.2712315581E-77
    0.1757881808E+03    -9.0613542742E-77    -7.5511285618E-77    -6.4723959101E-77    -5.6633464214E-77
    0.1760000000E+03    -7.3316408224E-77    -6.1097006853E-77    -5.2368863017E-77    -4.5822755140E-77
    0.1762118192E+03    -5.9321107554E-77    -4.9434256295E-77    -4.2372219681E-77    -3.7075692221E-77
    0.1767047205E+03    -3.6236392120E-77    -3.0196993433E-77    -2.5883137229E-77    -2.2647745075E-77
    0.1774643422E+03    -1.6952955647E-77    -1.4127463039E-77    -1.2109254034E-77    -1.0595597279E-77
    0.1784709491E+03    -6.1955748575E-78    -5.1629790480E-78    -4.4254106125E-78    -3.8722342860E-78
    0.1796984596E+03    -1.8154345477E-78    -1.5128621231E-78    -1.2967389627E-78    -1.1346465923E-78
    0.1811150785E+03    -4.4030215953E-79    -3.6691846628E-79    -3.1450154252E-79    -2.7518884971E-79
    0.1826841150E+03    -9.1691046360E-80    -7.6409205300E-80    -6.5493604543E-80    -5.7306903975E-80
    0.1843649312E+03    -1.7074881718E-80    -1.4229068098E-80    -1.2196344084E-80    -1.0671801074E-80
    0.1861139947E+03    -2.9699497180E-81    -2.4749580983E-81    -2.1213926557E-81    -1.8562185737E-81
    0.1878860053E+03    -5.0486430108E-82    -4.2072025090E-82    -3.6061735791E-82    -3.1554018817E-82
    0.1896350688E+03    -8.7814464157E-83    -7.3178720131E-83    -6.2724617255E-83    -5.4884040098E-83
    0.1913158850E+03    -1.6352977179E-83    -1.3627480982E-83    -1.1680697985E-83    -1.0220610737E-83
    0.1928849215E+03    -3.4054377344E-84    -2.8378647787E-84    -2.4324555246E-84    -2.1283985840E-84
    0.1943015404E+03    -8.2592985272E-85    -6.8827487727E-85    -5.8994989480E-85    -5.1620615795E-85
    0.1955290509E+03    -2.4201492567E-85    -2.0167910472E-85    -1.7286780405E-85    -1.5125932854E-85
    0.1965356578E+03    -8.8446027928E-86    -7.3705023273E-86    -6.3175734234E-86    -5.5278767455E-86
    0.1972952795E+03    -4.1378887381E-86    -3.4482406151E-86    -2.9556348129E-86    -2.5861804613E-86
    0.1977881808E+03    -2.5276358626E-86    -2.1063632188E-86    -1.8054541876E-86    -1.5797724141E-86
    0.1980000000E+03    -2.0451378142E-86    -1.7042815119E-86    -1.4608127245E-86    -1.2782111339E-86
    0.1982118192E+03    -1.6547433676E-86    -1.3789528063E-86    -1.1819595483E-86    -1.0342146047E-86
    0.1987047205E+03    -1.0108025962E-86    -8.4233549683E-87    -7.2200185443E-87    -6.3175162262E-87
    0.1994643422E+03    -4.7289728857E-87    -3.9408107381E-87    -3.3778377755E-87    -2.9556080536E-87
    0.2004709491E+03    -1.7282358382E-87    -1.4401965318E-87    -1.2344541701E-87    -1.0801473989E-87
    0.2016984596E+03    -5.0640967455E-88    -4.2200806213E-88    -3.6172119611E-88    -3.1650604660E-88
    0.2031150785E+03    -1.2282088252E-88    -1.0235073544E-88    -8.7729201802E-89    -7.6763051577E-89
    0.2046841150E+03    -2.5576924822E-89    -2.1314104019E-89    -1.8269232016E-89    -1.5985578014E-89
    0.2063649312E+03    -4.7629837742E-90    -3.9691531452E-90    -3.4021312673E-90    -2.9768648589E-90
    0.2081139947E+03    -8.2845799758E-91    -6.9038166465E-91    -5.9175571256E-91    -5.1778624849E-91
    0.2098860053E+03    -1.4083028591E-91    -1.1735857159E-91    -1.0059306136E-91    -8.8018928693E-92
    0.2116350688E+03    -2.4495564586E-92    -2.0412970488E-92    -1.7496831847E-92    -1.5309727866E-92
    0.2133158850E+03    -4.5616108063E-93    -3.8013423386E-93    -3.2582934331E-93    -2.8510067540E-93
    0.2148849215E+03    -9.4993599025E-94    -7.9161332521E-94    -6.7852570732E-94    -5.9370999390E-94
    0.2163015404E+03    -2.3039049711E-94    -1.9199208093E-94    -1.6456464079E-94    -1.4399406069E-94
    0.2175290509E+03    -6.7509291315E-95    -5.6257742762E-95    -4.8220922368E-95    -4.2193307072E-95
    0.2185356578E+03    -2.4671737285E-95    -2.0559781070E-95    -1.7622669489E-95    -1.5419835803E-95
    0.2192952795E+03    -1.1542508607E-95    -9.6187571722E-96    -8.2446490048E-96    -7.2140678792E-96
    0.2197881808E+03    -7.0507595891E-96    -5.8756329909E-96    -5.0362568494E-96    -4.4067247432E-96
    0.2200000000E+03    -5.7048466783E-96    -4.7540388986E-96    -4.0748904845E-96    -3.5655291740E-96
    0.2202118192E+03    -4.6158538257E-96    -3.8465448547E-96    -3.2970384469E-96    -2.8849086410E-96
    0.2207047205E+03    -2.8196015903E-96    -2.3496679919E-96    -2.0140011359E-96    -1.7622509939E-96
    0.2214643422E+03    -1.3191318977E-96    -1.0992765814E-96    -9.4223706977E-97    -8.2445743605E-97
    0.2224709491E+03    -4.8208587276E-97    -4.0173822730E-97    -3.4434705197E-97    -3.0130367048E-97
    0.2236984596E+03    -1.4126136291E-97    -1.1771780242E-97    -1.0090097351E-97    -8.8288351818E-98
    0.2251150785E+03    -3.4260493294E-98    -2.8550411078E-98    -2.4471780924E-98    -2.1412808308E-98
    0.2266841150E+03    -7.1346015706E-99    -5.9455013088E-99    -5.0961439790E-99    -4.4591259816E-99
    0.2283649312E+03    -1.3286191265E-99    -1.1071826054E-99    -9.4901366178-100    -8.3038695406-100
    0.2301139947E+03    -2.3109571505-100    -1.9257976254-100    -1.6506836789-100    -1.4443482191-100
    0.2318860053E+03    -3.9284158905-101    -3.2736799088-101    -2.8060113504-101    -2.4552599316-101
    0.2336350688E+03    -6.8329595829-102    -5.6941329858-102    -4.8806854164-102    -4.2705997393-102
    0.2353158850E+03    -1.2724467796-102    -1.0603723164-102    -9.0889055688-103    -7.9527923727-103
    0.2368849215E+03    -2.6498161351-103    -2.2081801126-103    -1.8927258108-103    -1.6561350844-103
    0.2383015404E+03    -6.4266694059-104    -5.3555578383-104    -4.5904781471-104    -4.0166683787-104
    0.2395290509E+03    -1.8831501410-104    -1.5692917841-104    -1.3451072435-104    -1.1769688381-104
    0.2405356578E+03    -6.8821023951-105    -5.7350853292-105    -4.9157874251-105    -4.3013139969-105
    0.2412952795E+03    -3.2197459470-105    -2.6831216225-105    -2.2998185336-105    -2.0123412169-105
    0.2417881808E+03    -1.9667868904-105    -1.6389890754-105    -1.4048477789-105    -1.2292418065-105
    0.2420000000E+03    -1.5913487784-105    -1.3261239820-105    -1.1366776989-105    -9.9459298649-106
    0.2422118192E+03    -1.2875776968-105    -1.0729814140-105    -9.1969835486-106    -8.0473606050-106
    0.2427047205E+03    -7.8651886707-106    -6.5543238922-106    -5.6179919076-106    -4.9157429192-106
    0.2434643422E+03    -3.6796763389-106    -3.0663969491-106    -2.6283402420-106    -2.2997977118-106
    0.2444709491E+03    -1.3447631601-106    -1.1206359667-106    -9.6054511436-107    -8.4047697506-107
    0.2456984596E+03    -3.9404406459-107    -3.2837005382-107    -2.8146004614-107    -2.4627754037-107
    0.2471150785E+03    -9.5568552888-108    -7.9640460740-108    -6.8263252063-108    -5.9730345555-108
    0.2486841150E+03    -1.9901743436-108    -1.6584786197-108    -1.4215531026-108    -1.2438589648-108
    0.2503649312E+03    -3.7061406609-109    -3.0884505508-109    -2.6472433292-109    -2.3163379131-109
    0.2521139947E+03    -6.4463412354-110    -5.3719510295-110    -4.6045294538-110    -4.0289632721-110
    0.2538860053E+03    -1.0958190782-110    -9.1318256518-111    -7.8272791301-111    -6.8488692388-111
    0.2556350688E+03    -1.9060322736-111    -1.5883602280-111    -1.3614516240-111    -1.1912701710-111
    0.2573158850E+03    -3.5494496917-112    -2.9578747431-112    -2.5353212083-112    -2.2184060573-112
    0.2588849215E+03    -7.3915775607-113    -6.1596479673-113    -5.2796982577-113    -4.6197359755-113
    0.2603015404E+03    -1.7926989251-113    -1.4939157709-113    -1.2804992322-113    -1.1204368282-113
    0.2615290509E+03    -5.2529872323-114    -4.3774893602-114    -3.7521337373-114    -3.2831170202-114
    0.2625356578E+03    -1.9197405043-114    -1.5997837536-114    -1.3712432174-114    -1.1998378152-114
    0.2632952795E+03    -8.9813785863-115    -7.4844821552-115    -6.4152704188-115    -5.6133616164-115
    0.2637881808E+03    -5.4862892763-115    -4.5719077303-115    -3.9187780545-115    -3.4289307977-115
    0.2640000000E+03    -4.4390166419-115    -3.6991805350-115    -3.1707261728-115    -2.7743854012-115
    0.2642118192E+03    -3.5916569023-115    -2.9930474186-115    -2.5654692159-115    -2.2447855640-115
    0.2647047205E+03    -2.1939692841-115    -1.8283077368-115    -1.5671209172-115    -1.3712308026-115
    0.2654643422E+03    -1.0264339739-115    -8.5536164495-116    -7.3316712424-116    -6.4152123371-116
    0.2664709491E+03    -3.7511739276-116    -3.1259782730-116    -2.6794099483-116    -2.3444837047-116
    0.2676984596E+03    -1.0991733454-116    -9.1597778780-117    -7.8512381811-117    -6.8698334085-117
    0.2691150785E+03    -2.6658542896-117    -2.2215452414-117    -1.9041816355-117    -1.6661589310-117
    0.2706841150E+03    -5.5515278308-118    -4.6262731924-118    -3.9653770220-118    -3.4697048943-118
    0.2723649312E+03    -1.0338161121-118    -8.6151342678-119    -7.3844008010-119    -6.4613507009-119
    0.2741139947E+03    -1.7981863192-119    -1.4984885993-119    -1.2844187994-119    -1.1238664495-119
    0.2758860053E+03    -3.0567523542-120    -2.5472936285-120    -2.1833945387-120    -1.9104702214-120
    0.2776350688E+03    -5.3168162113-121    -4.4306801761-121    -3.7977258652-121    -3.3230101321-121
    0.2793158850E+03    -9.9010766622-122    -8.2508972185-122    -7.0721976158-122    -6.1881729138-122
    0.2808849215E+03    -2.0618569762-122    -1.7182141468-122    -1.4727549830-122    -1.2886606101-122
    0.2823015404E+03    -5.0006764518-123    -4.1672303765-123    -3.5719117513-123    -3.1254227823-123
    0.2835290509E+03    -1.4653040277-123    -1.2210866897-123    -1.0466457340-123    -9.1581501729-124
    0.2845356578E+03    -5.3550548833-124    -4.4625457361-124    -3.8250392024-124    -3.3469093021-124
    0.2852952795E+03    -2.5053268996-124    -2.0877724164-124    -1.7895192140-124    -1.5658293123-124
    0.2857881808E+03    -1.5303828885-124    -1.2753190737-124    -1.0931306346-124    -9.5648930528-125
    0.2860000000E+03    -1.2382495286-124    -1.0318746072-124    -8.8446394903-125    -7.7390595540-125
    0.2862118192E+03    -1.0018812330-124    -8.3490102746-125    -7.1562945211-125    -6.2617577060-125
    0.2867047205E+03    -6.1200073148-125    -5.1000060957-125    -4.3714337963-125    -3.8250045718-125
    0.2874643422E+03    -2.8632048197-125    -2.3860040164-125    -2.0451462998-125    -1.7895030123-125
    0.2884709491E+03    -1.0463779982-125    -8.7198166514-126    -7.4741285584-126    -6.5398624886-126
    0.2896984596E+03    -3.0661089754-126    -2.5550908128-126    -2.1900778396-126    -1.9163181096-126
    0.2911150785E+03    -7.4363154812-127    -6.1969295677-127    -5.3116539151-127    -4.6476971757-127
    0.2926841150E+03    -1.5485809751-127    -1.2904841459-127    -1.1061292679-127    -9.6786310942-128
    0.2943649312E+03    -2.8837970587-128    -2.4031642156-128    -2.0598550419-128    -1.8023731617-128
    0.2961139947E+03    -5.0159833624-129    -4.1799861353-129    -3.5828452589-129    -3.1349896015-129
    0.2978860053E+03    -8.5267131599-130    -7.1055943000-130    -6.0905094000-130    -5.3291957250-130
    0.2996350688E+03    -1.4831089177-130    -1.2359240981-130    -1.0593635127-130    -9.2694307357-131
    0.3013158850E+03    -2.7618737434-131    -2.3015614528-131    -1.9727669596-131    -1.7261710896-131
    0.3028849215E+03    -5.7514842471-132    -4.7929035392-132    -4.1082030336-132    -3.5946776544-132
    0.3043015404E+03    -1.3949227405-132    -1.1624356171-132    -9.9637338607-133    -8.7182671281-133
    0.3055290509E+03    -4.0874188315-133    -3.4061823596-133    -2.9195848797-133    -2.5546367697-133
    0.3065356578E+03    -1.4937754733-133    -1.2448128944-133    -1.0669824809-133    -9.3360967079-134
    0.3072952795E+03    -6.9885294488-134    -5.8237745406-134    -4.9918067491-134    -4.3678309055-134
    0.3077881808E+03    -4.2689542372-134    -3.5574618643-134    -3.0492530266-134    -2.6680963983-134
    0.3080000000E+03    -3.4540575512-134    -2.8783812926-134    -2.4671839651-134    -2.1587859695-134
    0.3082118192E+03    -2.7947157322-134    -2.3289297768-134    -1.9962255230-134    -1.7466973326-134
    0.3087047205E+03    -1.7071565133-134    -1.4226304277-134    -1.2193975095-134    -1.0669728208-134
    0.3094643422E+03    -7.9868184880-135    -6.6556820733-135    -5.7048703486-135    -4.9917615550-135
    0.3104709491E+03    -2.9188380390-135    -2.4323650325-135    -2.0848843136-135    -1.8242737744-135
    0.3116984596E+03    -8.5528131562-136    -7.1273442968-136    -6.1091522544-136    -5.3455082226-136
    0.3131150785E+03    -2.0743364763-136    -1.7286137303-136    -1.4816689117-136    -1.2964602977-136
    0.3146841150E+03    -4.3197172192-137    -3.5997643493-137    -3.0855122994-137    -2.6998232620-137
    0.3163649312E+03    -8.0442598816-138    -6.7035499013-138    -5.7458999154-138    -5.0276624260-138
    0.3181139947E+03    -1.3991925544-138    -1.1659937953-138    -9.9942325313-139    -8.7449534649-139
    0.3198860053E+03    -2.3784994297-139    -1.9820828581-139    -1.6989281641-139    -1.4865621435-139
    0.3216350688E+03    -4.1370850042-140    -3.4475708368-140    -2.9550607173-140    -2.5856781276-140
    0.3233158850E+03    -7.7041586838-141    -6.4201322365-141    -5.5029704884-141    -4.8150991774-141
    0.3248849215E+03    -1.6043581794-141    -1.3369651495-141    -1.1459701281-141    -1.0027238621-141
    0.3263015404E+03    -3.8910924766-142    -3.2425770639-142    -2.7793517690-142    -2.4319327979-142
    0.3275290509E+03    -1.1401724413-142    -9.5014370106-143    -8.1440888662-143    -7.1260777580-143
    0.3285356578E+03    -4.1668390206-143    -3.4723658505-143    -2.9763135861-143    -2.6042743879-143
    0.3292952795E+03    -1.9494279913-143    -1.6245233261-143    -1.3924485652-143    -1.2183924946-143
    0.3297881808E+03    -1.1908111635-143    -9.9234263622-144    -8.5057940247-144    -7.4425697717-144
    0.3300000000E+03    -9.6349833299-144    -8.0291527749-144    -6.8821309499-144    -6.0218645812-144
    0.3302118192E+03    -7.7957703636-144    -6.4964753030-144    -5.5684074025-144    -4.8723564772-144
    0.3307047205E+03    -4.7620586233-144    -3.9683821861-144    -3.4014704452-144    -2.9762866396-144
    0.3314643422E+03    -2.2278975336-144    -1.8565812780-144    -1.5913553811-144    -1.3924359585-144
    0.3324709491E+03    -8.1420055780-145    -6.7850046483-145    -5.8157182700-145    -5.0887534862-145
    0.3336984596E+03    -2.3857799403-145    -1.9881499503-145    -1.7041285288-145    -1.4911124627-145
    0.3351150785E+03    -5.7862954146-146    -4.8219128455-146    -4.1330681533-146    -3.6164346341-146
    0.3366841150E+03    -1.2049713353-146    -1.0041427794-146    -8.6069381094-147    -7.5310708458-147
    0.3383649312E+03    -2.2439206270-147    -1.8699338559-147    -1.6028004479-147    -1.4024503919-147
    0.3401139947E+03    -3.9030029862-148    -3.2525024885-148    -2.7878592759-148    -2.4393768664-148
    0.3418860053E+03    -6.6347482680-149    -5.5289568900-149    -4.7391059057-149    -4.1467176675-149
    0.3436350688E+03    -1.1540266617-149    -9.6168888473-150    -8.2430475834-150    -7.2126666354-150
    0.3453158850E+03    -2.1490504831-150    -1.7908754026-150    -1.5350360593-150    -1.3431565519-150
    0.3468849215E+03    -4.4753059509-151    -3.7294216258-151    -3.1966471078-151    -2.7970662193-151
    0.3483015404E+03    -1.0854078310-151    -9.0450652583-152    -7.7529130785-152    -6.7837989437-152
    0.3495290509E+03    -3.1804746453-152    -2.6503955377-152    -2.2717676038-152    -1.9877966533-152
    0.3505356578E+03    -1.1623264496-152    -9.6860537466-153    -8.3023317828-153    -7.2645403100-153
    0.3512952795E+03    -5.4378671812-153    -4.5315559843-153    -3.8841908437-153    -3.3986669882-153
    0.3517881808E+03    -3.3217297451-153    -2.7681081209-153    -2.3726641037-153    -2.0760810907-153
    0.3520000000E+03    -2.6876478574-153    -2.2397065478-153    -1.9197484696-153    -1.6797799109-153
    0.3522118192E+03    -2.1746052688-153    -1.8121710574-153    -1.5532894777-153    -1.3591282930-153
    0.3527047205E+03    -1.3283610586-153    -1.1069675488-153    -9.4882932758-154    -8.3022566163-154
    0.3534643422E+03    -6.2146490841-154    -5.1788742367-154    -4.4390350601-154    -3.8841556776-154
    0.3544709491E+03    -2.2711864772-154    -1.8926553976-154    -1.6222760551-154    -1.4194915482-154
    0.3556984596E+03    -6.6550570202-155    -5.5458808501-155    -4.7536121573-155    -4.1594106376-155
    0.3571150785E+03    -1.6140686435-155    -1.3450572029-155    -1.1529061739-155    -1.0087929022-155
    0.3586841150E+03    -3.3612290927-156    -2.8010242439-156    -2.4008779234-156    -2.1007681829-156
    0.3603649312E+03    -6.2593449920-157    -5.2161208267-157    -4.4709607086-157    -3.9120906200-157
    0.3621139947E+03    -1.0887302296-157    -9.0727519137-158    -7.7766444974-158    -6.8045639353-158
    0.3638860053E+03    -1.8507418598-158    -1.5422848831-158    -1.3219584713-158    -1.1567136624-158
    0.3656350688E+03    -3.2191205511-159    -2.6826004592-159    -2.2993718222-159    -2.0119503444-159
    0.3673158850E+03    -5.9947077525-160    -4.9955897938-160    -4.2819341089-160    -3.7466923453-160
    0.3688849215E+03    -1.2483723156-160    -1.0403102630-160    -8.9169451114-161    -7.8023269724-161
    0.3703015404E+03    -3.0277105123-161    -2.5230920936-161    -2.1626503659-161    -1.8923190702-161
    0.3715290509E+03    -8.8718325432-162    -7.3931937860-162    -6.3370232452-162    -5.5448953395-162
    0.3725356578E+03    -3.2422725446-162    -2.7018937872-162    -2.3159089605-162    -2.0264203404-162
    0.3732952795E+03    -1.5168756995-162    -1.2640630829-162    -1.0834826425-162    -9.4804731220-163
    0.3737881808E+03    -9.2658591371-163    -7.7215492809-163    -6.6184708122-163    -5.7911619607-163
    0.3740000000E+03    -7.4971079431-163    -6.2475899526-163    -5.3550771022-163    -4.6856924644-163
    0.3742118192E+03    -6.0659920120-163    -5.0549933434-163    -4.3328514372-163    -3.7912450075-163
    0.3747047205E+03    -3.7054207888-163    -3.0878506573-163    -2.6467291349-163    -2.3158879930-163
    0.3754643422E+03    -1.7335565328-163    -1.4446304440-163    -1.2382546663-163    -1.0834728330-163
    0.3764709491E+03    -6.3354022110-164    -5.2795018425-164    -4.5252872936-164    -3.9596263819-164
    0.3776984596E+03    -1.8564069214-164    -1.5470057678-164    -1.3260049439-164    -1.1602543259-164
    0.3791150785E+03    -4.5023929807-165    -3.7519941506-165    -3.2159949862-165    -2.8139956130-165
    0.3806841150E+03    -9.3760413069-166    -7.8133677558-166    -6.6971723621-166    -5.8600258168-166
    0.3823649312E+03    -1.7460243138-166    -1.4550202615-166    -1.2471602241-166    -1.0912651961-166
    0.3841139947E+03    -3.0369782373-167    -2.5308151978-167    -2.1692701695-167    -1.8981113983-167
    0.3858860053E+03    -5.1625853660-168    -4.3021544716-168    -3.6875609757-168    -3.2266158537-168
    0.3876350688E+03    -8.9796340643-169    -7.4830283869-169    -6.4140243316-169    -5.6122712902-169
    0.3893158850E+03    -1.6722046002-169    -1.3935038335-169    -1.1944318573-169    -1.0451278751-169
    0.3908849215E+03    -3.4822947424-170    -2.9019122853-170    -2.4873533874-170    -2.1764342140-170
    0.3923015404E+03    -8.4457018685-171    -7.0380848904-171    -6.0326441918-171    -5.2785636678-171
    0.3935290509E+03    -2.4747693805-171    -2.0623078171-171    -1.7676924146-171    -1.5467308628-171
    0.3945356578E+03    -9.0442158117-172    -7.5368465097-172    -6.4601541512-172    -5.6526348823-172
    0.3952952795E+03    -4.2312763647-172    -3.5260636372-172    -3.0223402605-172    -2.6445477279-172
    0.3957881808E+03    -2.5846818416-172    -2.1539015347-172    -1.8462013154-172    -1.6154261510-172
    0.3960000000E+03    -2.0912943396-172    -1.7427452830-172    -1.4937816711-172    -1.3070589623-172
    0.3962118192E+03    -1.6920891169-172    -1.4100742641-172    -1.2086350835-172    -1.0575556981-172
    0.3967047205E+03    -1.0336153061-172    -8.6134608842-173    -7.3829664722-173    -6.4600956632-173
    0.3974643422E+03    -4.8357006356-173    -4.0297505296-173    -3.4540718825-173    -3.0223128972-173
    0.3984709491E+03    -1.7672402323-173    -1.4727001936-173    -1.2623144517-173    -1.1045251452-173
    0.3996984596E+03    -5.1783878746-174    -4.3153232289-174    -3.6988484819-174    -3.2364924216-174
    0.4011150785E+03    -1.2559281561-174    -1.0466067968-174    -8.9709154009-175    -7.8495509758-175
    0.4026841150E+03    -2.6154168063-175    -2.1795140053-175    -1.8681548616-175    -1.6346355039-175
    0.4043649312E+03    -4.8704791126-176    -4.0587325938-176    -3.4789136519-176    -3.0440494454-176
    0.4061139947E+03    -8.4715538918-177    -7.0596282431-177    -6.0511099227-177    -5.2947211824-177
    0.4078860053E+03    -1.4400867155-177    -1.2000722629-177    -1.0286333682-177    -9.0005419719-178
    0.4096350688E+03    -2.5048402708-178    -2.0873668923-178    -1.7891716220-178    -1.5655251692-178
    0.4113158850E+03    -4.6645613769-179    -3.8871344808-179    -3.3318295550-179    -2.9153508606-179
    0.4128849215E+03    -9.7137500738-180    -8.0947917282-180    -6.9383929098-180    -6.0710937961-180
    0.4143015404E+03    -2.3559015884-180    -1.9632513237-180    -1.6827868489-180    -1.4724384928-180
    0.4155290509E+03    -6.9032902240-181    -5.7527418533-181    -4.9309215886-181    -4.3145563900-181
    0.4165356578E+03    -2.5228551432-181    -2.1023792860-181    -1.8020393880-181    -1.5767844645-181
    0.4172952795E+03    -1.1803010411-181    -9.8358420094-182    -8.4307217224-182    -7.3768815071-182
    0.4177881808E+03    -7.2098875274-182    -6.0082396061-182    -5.1499196624-182    -4.5061797046-182
    0.4180000000E+03    -5.8335988331-182    -4.8613323609-182    -4.1668563094-182    -3.6459992707-182
    0.4182118192E+03    -4.7200286019-182    -3.9333571683-182    -3.3714490014-182    -2.9500178762-182
    0.4187047205E+03    -2.8832369167-182    -2.4026974306-182    -2.0594549405-182    -1.8020230729-182
    0.4194643422E+03    -1.3489032630-182    -1.1240860525-182    -9.6350233068-183    -8.4306453935-183
    0.4204709491E+03    -4.9296602405-183    -4.1080502004-183    -3.5211858861-183    -3.0810376503-183
    0.4216984596E+03    -1.4444947749-183    -1.2037456457-183    -1.0317819821-183    -9.0280923430-184
    0.4231150785E+03    -3.5033715185-184    -2.9194762654-184    -2.5024082275-184    -2.1896071990-184
    0.4246841150E+03    -7.2956217307-185    -6.0796847756-185    -5.2111583791-185    -4.5597635817-185
    0.4263649312E+03    -1.3586046082-185    -1.1321705068-185    -9.7043186297-186    -8.4912788010-186
    0.4281139947E+03    -2.3631129278-186    -1.9692607732-186    -1.6879378056-186    -1.4769455799-186
    0.4298860053E+03    -4.0170759439-187    -3.3475632866-187    -2.8693399599-187    -2.5106724649-187
    0.4316350688E+03    -6.9871720131-188    -5.8226433442-188    -4.9908371522-188    -4.3669825082-188
    0.4333158850E+03    -1.3011645128-188    -1.0843037607-188    -9.2940322344-189    -8.1322782051-189
    0.4348849215E+03    -2.7096195893-189    -2.2580163244-189    -1.9354425638-189    -1.6935122433-189
    0.4363015404E+03    -6.5717123108-190    -5.4764269257-190    -4.6940802220-190    -4.1073201943-190
    0.4375290509E+03    -1.9256507816-190    -1.6047089846-190    -1.3754648440-190    -1.2035317385-190
    0.4385356578E+03    -7.0374239248-191    -5.8645199373-191    -5.0267313749-191    -4.3983899530-191
    0.4392952795E+03    -3.2924120942-191    -2.7436767452-191    -2.3517229244-191    -2.0577575589-191
    0.4397881808E+03    -2.0111751211-191    -1.6759792676-191    -1.4365536579-191    -1.2569844507-191
    0.4400000000E+03    -1.6272637812-191    -1.3560531510-191    -1.1623312723-191    -1.0170398632-191
    0.4402118192E+03    -1.3166369183-191    -1.0971974319-191    -9.4045494161-192    -8.2289807391-192
    0.4407047205E+03    -8.0426973833-192    -6.7022478194-192    -5.7447838452-192    -5.0266858645-192
    0.4414643422E+03    -3.7627226124-192    -3.1356021770-192    -2.6876590088-192    -2.3517016327-192
    0.4424709491E+03    -1.3751129950-192    -1.1459274958-192    -9.8222356782-193    -8.5944562185-193
    0.4436984596E+03    -4.0293720848-193    -3.3578100707-193    -2.8781229177-193    -2.5183575530-193
    0.4451150785E+03    -9.7725430682-194    -8.1437858902-194    -6.9803879059-194    -6.1078394176-194
    0.4466841150E+03    -2.0350904036-194    -1.6959086696-194    -1.4536360025-194    -1.2719315022-194
    0.4483649312E+03    -3.7897842053-195    -3.1581535044-195    -2.7069887181-195    -2.3686151283-195
    0.4501139947E+03    -6.5918281120-196    -5.4931900933-196    -4.7084486514-196    -4.1198925700-196
    0.4518860053E+03    -1.1205505172-196    -9.3379209767-197    -8.0039322658-197    -7.0034407326-197
    0.4536350688E+03    -1.9490493390-197    -1.6242077825-197    -1.3921780993-197    -1.2181558369-197
    0.4553158850E+03    -3.6295568921-198    -3.0246307434-198    -2.5925406372-198    -2.2684730575-198
    0.4568849215E+03    -7.5583973881-199    -6.2986644901-199    -5.3988552772-199    -4.7239983676-199
    0.4583015404E+03    -1.8331581807-199    -1.5276318172-199    -1.3093987005-199    -1.1457238629-199
    0.4595290509E+03    -5.3715414132-200    -4.4762845110-200    -3.8368152951-200    -3.3572133832-200
    0.4605356578E+03    -1.9630669494-200    -1.6358891245-200    -1.4021906782-200    -1.2269168434-200
    0.4612952795E+03    -9.1840784854-201    -7.6533987378-201    -6.5600560610-201    -5.7400490534-201
    0.4617881808E+03    -5.6101088294-201    -4.6750906912-201    -4.0072205924-201    -3.5063180184-201
    0.4620000000E+03    -4.5392003962-201    -3.7826669969-201    -3.2422859973-201    -2.8370002476-201
    0.4622118192E+03    -3.6727166734-201    -3.0605972278-201    -2.6233690524-201    -2.2954479208-201
    0.4627047205E+03    -2.2434847731-201    -1.8695706443-201    -1.6024891237-201    -1.4021779832-201
    0.4634643422E+03    -1.0495994670-201    -8.7466622246-202    -7.4971390497-202    -6.5599966685-202
    0.4644709491E+03    -3.8358338235-202    -3.1965281863-202    -2.7398813025-202    -2.3973961397-202
    0.4656984596E+03    -1.1239804865-202    -9.3665040541-203    -8.0284320464-203    -7.0248780406-203
    0.4671150785E+03    -2.7260197075-203    -2.2716830896-203    -1.9471569339-203    -1.7037623172-203
    0.4686841150E+03    -5.6768197468-204    -4.7306831223-204    -4.0548712477-204    -3.5480123418-204
    0.4703649312E+03    -1.0571482119-204    -8.8095684329-205    -7.5510586568-205    -6.6071763247-205
    0.4721139947E+03    -1.8387694192-205    -1.5323078493-205    -1.3134067280-205    -1.1492308870-205
    0.4738860053E+03    -3.1257399142-206    -2.6047832618-206    -2.2326713673-206    -1.9535874464-206
    0.4756350688E+03    -5.4368109425-207    -4.5306757855-207    -3.8834363875-207    -3.3980068391-207
    0.4773158850E+03    -1.0124533142-207    -8.4371109514-208    -7.2318093869-208    -6.3278332136-208
    0.4788849215E+03    -2.1083908347-208    -1.7569923623-208    -1.5059934534-208    -1.3177442717-208
    0.4803015404E+03    -5.1135362541-209    -4.2612802118-209    -3.6525258958-209    -3.1959601588-209
    0.4815290509E+03    -1.4983743382-209    -1.2486452818-209    -1.0702673844-209    -9.3648396135-210
    0.4825356578E+03    -5.4759126196-210    -4.5632605163-210    -3.9113661568-210    -3.4224453872-210
    0.4832952795E+03    -2.5618693897-210    -2.1348911581-210    -1.8299067070-210    -1.6011683686-210
    0.4837881808E+03    -1.5649219577-210    -1.3041016314-210    -1.1178013984-210    -9.7807622357-211
    0.4840000000E+03    -1.2661954672-210    -1.0551628894-210    -9.0442533374-211    -7.9137216703-211
    0.4842118192E+03    -1.0244925974-210    -8.5374383121-211    -7.3178042675-211    -6.4030787340-211
    0.4847047205E+03    -6.2581291915-211    -5.2151076596-211    -4.4700922796-211    -3.9113307447-211
    0.4854643422E+03    -2.9278242234-211    -2.4398535195-211    -2.0913030167-211    -1.8298901396-211
    0.4864709491E+03    -1.0699936060-211    -8.9166133835-212    -7.6428114716-212    -6.6874600376-212
    0.4876984596E+03    -3.1353077041-212    -2.6127564201-212    -2.2395055029-212    -1.9595673151-212
    0.4891150785E+03    -7.6041449946-213    -6.3367874955-213    -5.4315321390-213    -4.7525906216-213
    0.4906841150E+03    -1.5835307553-213    -1.3196089627-213    -1.1310933966-213    -9.8970672204-214
    0.4923649312E+03    -2.9488812067-214    -2.4574010056-214    -2.1063437190-214    -1.8430507542-214
    0.4941139947E+03    -5.1291886250-215    -4.2743238542-215    -3.6637061607-215    -3.2057428906-215
    0.4958860053E+03    -8.7191517573-216    -7.2659597977-216    -6.2279655409-216    -5.4494698483-216
    0.4976350688E+03    -1.5165810651-216    -1.2638175543-216    -1.0832721894-216    -9.4786316570-217
    0.4993158850E+03    -2.8242062154-217    -2.3535051795-217    -2.0172901539-217    -1.7651288846-217
    0.5008849215E+03    -5.8812889608-218    -4.9010741340-218    -4.2009206863-218    -3.6758056005-218
    0.5023015404E+03    -1.4264046223-218    -1.1886705185-218    -1.0188604445-218    -8.9150288891-219
    0.5035290509E+03    -4.1796674075-219    -3.4830561729-219    -2.9854767196-219    -2.6122921297-219
    0.5045356578E+03    -1.5274883532-219    -1.2729069610-219    -1.0910631094-219    -9.5468022073-220
    0.5052952795E+03    -7.1462529208-220    -5.9552107673-220    -5.1044663720-220    -4.4664080755-220
    0.5057881808E+03    -4.3652998689-220    -3.6377498907-220    -3.1180713349-220    -2.7283124181-220
    0.5060000000E+03    -3.5320118552-220    -2.9433432127-220    -2.5228656109-220    -2.2075074095-220
    0.5062118192E+03    -2.8577894120-220    -2.3814911766-220    -2.0412781514-220    -1.7861183825-220
    0.5067047205E+03    -1.7456851701-220    -1.4547376417-220    -1.2469179786-220    -1.0910532313-220
    0.5074643422E+03    -8.1670722526-221    -6.8058935438-221    -5.8336230376-221    -5.1044201579-221
    0.5084709491E+03    -2.9847130236-221    -2.4872608530-221    -2.1319378740-221    -1.8654456397-221
    0.5096984596E+03    -8.7458408019-222    -7.2882006682-222    -6.2470291442-222    -5.4661505012-222
    0.5111150785E+03    -2.1211519836-222    -1.7676266530-222    -1.5151085597-222    -1.3257199897-222
    0.5126841150E+03    -4.4172085159-223    -3.6810070966-223    -3.1551489399-223    -2.7607553224-223
    0.5143649312E+03    -8.2258100356-224    -6.8548416964-224    -5.8755785969-224    -5.1411312723-224
    0.5161139947E+03    -1.4307708012-224    -1.1923090010-224    -1.0219791437-224    -8.9423175074-225
    0.5178860053E+03    -2.4321795624-225    -2.0268163020-225    -1.7372711160-225    -1.5201122265-225
    0.5196350688E+03    -4.2304544914-226    -3.5253787428-226    -3.0217532081-226    -2.6440340571-226
    0.5213158850E+03    -7.8780331255-227    -6.5650276046-227    -5.6271665182-227    -4.9237707035-227
    0.5228849215E+03    -1.6405667901-227    -1.3671389918-227    -1.1718334215-227    -1.0253542438-227
    0.5243015404E+03    -3.9789101813-228    -3.3157584844-228    -2.8420787009-228    -2.4868188633-228
    0.5255290509E+03    -1.1659048872-228    -9.7158740600-229    -8.3278920514-229    -7.2869055450-229
    0.5265356578E+03    -4.2608800234-229    -3.5507333528-229    -3.0434857310-229    -2.6630500146-229
    0.5272952795E+03    -1.9934244506-229    -1.6611870422-229    -1.4238746076-229    -1.2458902816-229
    0.5277881808E+03    -1.2176864700-229    -1.0147387250-229    -8.6977605000-230    -7.6105404375-230
    0.5280000000E+03    -9.8524343737-230    -8.2103619781-230    -7.0374531241-230    -6.1577714836-230
    0.5282118192E+03    -7.9717123808-230    -6.6430936507-230    -5.6940802720-230    -4.9823202380-230
    0.5287047205E+03    -4.8695330821-230    -4.0579442351-230    -3.4782379158-230    -3.0434581763-230
    0.5294643422E+03    -2.2781787461-230    -1.8984822884-230    -1.6272705329-230    -1.4238617163-230
    0.5304709491E+03    -8.3257617456-231    -6.9381347880-231    -5.9469726754-231    -5.2036010910-231
    0.5316984596E+03    -2.4396243862-231    -2.0330203218-231    -1.7425888473-231    -1.5247652414-231
    0.5331150785E+03    -5.9168857784-232    -4.9307381486-232    -4.2263469845-232    -3.6980536115-232
    0.5346841150E+03    -1.2321662215-232    -1.0268051846-232    -8.8011872962-233    -7.7010388842-233
    0.5363649312E+03    -2.2945634632-233    -1.9121362194-233    -1.6389739023-233    -1.4341021645-233
    0.5381139947E+03    -3.9910894981-234    -3.3259079151-234    -2.8507782129-234    -2.4944309363-234
    0.5398860053E+03    -6.7844872854-235    -5.6537394045-235    -4.8460623467-235    -4.2403045534-235
    0.5416350688E+03    -1.1800717822-235    -9.8339315184-236    -8.4290841586-236    -7.3754486388-236
    0.5433158850E+03    -2.1975522038-236    -1.8312935032-236    -1.5696801456-236    -1.3734701274-236
    0.5448849215E+03    -4.5763087152-237    -3.8135905960-237    -3.2687919395-237    -2.8601929470-237
    0.5463015404E+03    -1.1099042995-237    -9.2492024960-238    -7.9278878537-238    -6.9369018720-238
    0.5475290509E+03    -3.2522544822-238    -2.7102120685-238    -2.3230389158-238    -2.0326590513-238
    0.5485356578E+03    -1.1885588873-238    -9.9046573940-239    -8.4897063377-239    -7.4284930455-239
    0.5492952795E+03    -5.5605939005-239    -4.6338282504-239    -3.9718527861-239    -3.4753711878-239
    0.5497881808E+03    -3.3966975552-239    -2.8305812960-239    -2.4262125394-239    -2.1229359720-239
    0.5500000000E+03    -2.7483051323-239    -2.2902542769-239    -1.9630750945-239    -1.7176907077-239
    0.5502118192E+03    -2.2236837332-239    -1.8530697776-239    -1.5883455237-239    -1.3898023332-239
    0.5507047205E+03    -1.3583407160-239    -1.1319505966-239    -9.7024336855-240    -8.4896294748-240
    0.5514643422E+03    -6.3549069220-240    -5.2957557684-240    -4.5392192300-240    -3.9718168263-240
    0.5524709491E+03    -2.3224446738-240    -1.9353705615-240    -1.6588890527-240    -1.4515279211-240
    0.5536984596E+03    -6.8052543839-241    -5.6710453199-241    -4.8608959885-241    -4.2532839900-241
    0.5551150785E+03    -1.6504964088-241    -1.3754136740-241    -1.1789260063-241    -1.0315602555-241
    0.5566841150E+03    -3.4370883599-242    -2.8642402999-242    -2.4550631142-242    -2.1481802249-242
    0.5583649312E+03    -6.4006115678-243    -5.3338429731-243    -4.5718654056-243    -4.0003822299-243
    0.5601139947E+03    -1.1133016811-243    -9.2775140089-244    -7.9521548648-244    -6.9581355067-244
    0.5618860053E+03    -1.8925110809-244    -1.5770925674-244    -1.3517936292-244    -1.1828194256-244
    0.5636350688E+03    -3.2917725838-245    -2.7431438198-245    -2.3512661313-245    -2.0573578649-245
    0.5653158850E+03    -6.1300017550-246    -5.1083347958-246    -4.3785726821-246    -3.8312510969-246
    0.5668849215E+03    -1.2765467144-246    -1.0637889287-246    -9.1181908174-247    -7.9784169652-247
    0.5683015404E+03    -3.0960426296-247    -2.5800355247-247    -2.2114590212-247    -1.9350266435-247
    0.5695290509E+03    -9.0720601079-248    -7.5600500899-248    -6.4800429342-248    -5.6700375674-248
    0.5705356578E+03    -3.3154470926-248    -2.7628725771-248    -2.3681764947-248    -2.0721544328-248
    0.5712952795E+03    -1.5511099263-248    -1.2925916052-248    -1.1079356616-248    -9.6944370393-249
    0.5717881808E+03    -9.4749794514-249    -7.8958162095-249    -6.7678424653-249    -5.9218621571-249
    0.5720000000E+03    -7.6663094759-249    -6.3885912299-249    -5.4759353399-249    -4.7914434224-249
    0.5722118192E+03    -6.2028948223-249    -5.1690790186-249    -4.4306391588-249    -3.8768092640-249
    0.5727047205E+03    -3.7890480864-249    -3.1575400720-249    -2.7064629189-249    -2.3681550540-249
    0.5734643422E+03    -1.7726810092-249    -1.4772341743-249    -1.2662007209-249    -1.1079256308-249
    0.5744709491E+03    -6.4783853151-250    -5.3986544292-250    -4.6274180822-250    -4.0489908219-250
    0.5756984596E+03    -1.8983039968-250    -1.5819199973-250    -1.3559314263-250    -1.1864399980-250
    0.5771150785E+03    -4.6040070697-251    -3.8366725581-251    -3.2885764784-251    -2.8775044186-251
    0.5786841150E+03    -9.5876483123-252    -7.9897069269-252    -6.8483202231-252    -5.9922801952-252
    0.5803649312E+03    -1.7854301743-252    -1.4878584786-252    -1.2753072674-252    -1.1158938589-252
    0.5821139947E+03    -3.1055195171-253    -2.5879329309-253    -2.2182282265-253    -1.9409496982-253
    0.5838860053E+03    -5.2790992756-254    -4.3992493963-254    -3.7707851968-254    -3.2994370472-254
    0.5856350688E+03    -9.1822945914-255    -7.6519121595-255    -6.5587818510-255    -5.7389341196-255
    0.5873158850E+03    -1.7099444305-255    -1.4249536921-255    -1.2213888789-255    -1.0687152690-255
    0.5888849215E+03    -3.5608863290-256    -2.9674052741-256    -2.5434902350-256    -2.2255539556-256
    0.5903015404E+03    -8.6363121295-257    -7.1969267746-257    -6.1687943782-257    -5.3976950810-257
    0.5915290509E+03    -2.5306222207-257    -2.1088518506-257    -1.8075873005-257    -1.5816388880-257
    0.5925356578E+03    -9.2483338783-258    -7.7069448986-258    -6.6059527702-258    -5.7802086739-258
    0.5932952795E+03    -4.3267716479-258    -3.6056430399-258    -3.0905511771-258    -2.7042322799-258
    0.5937881808E+03    -2.6430152860-258    -2.2025127383-258    -1.8878680614-258    -1.6518845538-258
    0.5940000000E+03    -2.1384925673-258    -1.7820771394-258    -1.5274946909-258    -1.3365578546-258
    0.5942118192E+03    -1.7302777190-258    -1.4418980992-258    -1.2359126564-258    -1.0814235744-258
    0.5947047205E+03    -1.0569428739-258    -8.8078572829-259    -7.5495919567-259    -6.6058929621-259
    0.5954643422E+03    -4.9448371140-259    -4.1206975950-259    -3.5320265100-259    -3.0905231963-259
    0.5964709491E+03    -1.8071249130-259    -1.5059374275-259    -1.2908035093-259    -1.1294530706-259
    0.5976984596E+03    -5.2952584296-260    -4.4127153580-260    -3.7823274497-260    -3.3095365185-260
    0.5991150785E+03    -1.2842730820-260    -1.0702275684-260    -9.1733791574-261    -8.0267067627-261
    0.6006841150E+03    -2.6744439053-261    -2.2287032544-261    -1.9103170752-261    -1.6715274408-261
    0.6023649312E+03    -4.9804005033-262    -4.1503337528-262    -3.5574289309-262    -3.1127503146-262
    0.6041139947E+03    -8.6627476047-263    -7.2189563372-263    -6.1876768605-263    -5.4142172529-263
    0.6058860053E+03    -1.4725878988-263    -1.2271565824-263    -1.0518484992-263    -9.2036743677-264
    0.6076350688E+03    -2.5613717782-264    -2.1344764818-264    -1.8295512701-264    -1.6008573614-264
    0.6093158850E+03    -4.7698354294-265    -3.9748628578-265    -3.4070253067-265    -2.9811471434-265
    0.6108849215E+03    -9.9329787970-266    -8.2774823308-266    -7.0949848550-266    -6.2081117481-266
    0.6123015404E+03    -2.4090717125-266    -2.0075597605-266    -1.7207655090-266    -1.5056698203-266
    0.6135290509E+03    -7.0590899399-267    -5.8825749499-267    -5.0422070999-267    -4.4119312124-267
    0.6145356578E+03    -2.5797932266-267    -2.1498276888-267    -1.8427094475-267    -1.6123707666-267
    0.6152952795E+03    -1.2069391457-267    -1.0057826214-267    -8.6209938979-268    -7.5433696606-268
    0.6157881808E+03    -7.3726068093-268    -6.1438390078-268    -5.2661477209-268    -4.6078792558-268
    0.6160000000E+03    -5.9652567834-268    -4.9710473195-268    -4.2608977024-268    -3.7282854896-268
    0.6162118192E+03    -4.8265544890-268    -4.0221287409-268    -3.4475389207-268    -3.0165965556-268
    0.6167047205E+03    -2.9483084229-268    -2.4569236857-268    -2.1059345878-268    -1.8426927643-268
    0.6174643422E+03    -1.3793465354-268    -1.1494554462-268    -9.8524752529-269    -8.6209158463-269
    0.6184709491E+03    -5.0409172846-269    -4.2007644038-269    -3.6006552033-269    -3.1505733029-269
    0.6196984596E+03    -1.4770954433-269    -1.2309128694-269    -1.0550681738-269    -9.2318465205-270
    0.6211150785E+03    -3.5824387849-270    -2.9853656540-270    -2.5588848463-270    -2.2390242405-270
    0.6226841150E+03    -7.4602759399-271    -6.2168966166-271    -5.3287685285-271    -4.6626724625-271
    0.6243649312E+03    -1.3892668294-271    -1.1577223578-271    -9.9233344955-272    -8.6829176835-272
    0.6261139947E+03    -2.4164458040-272    -2.0137048367-272    -1.7260327171-272    -1.5102786275-272
    0.6278860053E+03    -4.1077369577-273    -3.4231141315-273    -2.9340978270-273    -2.5673355986-273
    0.6296350688E+03    -7.1448648493-274    -5.9540540411-274    -5.1034748923-274    -4.4655405308-274
    0.6313158850E+03    -1.3305303739-274    -1.1087753115-274    -9.5037883847-275    -8.3158148366-275
    0.6328849215E+03    -2.7707727421-275    -2.3089772851-275    -1.9791233872-275    -1.7317329638-275
    0.6343015404E+03    -6.7200286756-276    -5.6000238963-276    -4.8000204825-276    -4.2000179222-276
    0.6355290509E+03    -1.9691106152-276    -1.6409255127-276    -1.4065075823-276    -1.2306941345-276
    0.6365356578E+03    -7.1962508917-277    -5.9968757431-277    -5.1401792084-277    -4.4976568073-277
    0.6372952795E+03    -3.3667182370-277    -2.8055985308-277    -2.4047987407-277    -2.1041988981-277
    0.6377881808E+03    -2.0565651456-277    -1.7138042880-277    -1.4689751040-277    -1.2853532160-277
    0.6380000000E+03    -1.6639893463-277    -1.3866577886-277    -1.1885638188-277    -1.0399933414-277
    0.6382118192E+03    -1.3463519746-277    -1.1219599788-277    -9.6167998183-278    -8.4146998410-278
    0.6387047205E+03    -8.2242122735-278    -6.8535102279-278    -5.8744373382-278    -5.1401326709-278
    0.6394643422E+03    -3.8476431495-278    -3.2063692913-278    -2.7483165354-278    -2.4047769685-278
    0.6404709491E+03    -1.4061477924-278    -1.1717898270-278    -1.0043912803-278    -8.7884237026-279
    0.6416984596E+03    -4.1203106092-279    -3.4335921743-279    -2.9430790065-279    -2.5751941307-279
    0.6431150785E+03    -9.9930986850-280    -8.3275822375-280    -7.1379276321-280    -6.2456866781-280
    0.6446841150E+03    -2.0810201698-280    -1.7341834749-280    -1.4864429785-280    -1.3006376062-280
    0.6463649312E+03    -3.8753154930-281    -3.2294295775-281    -2.7680824950-281    -2.4220721831-281
    0.6481139947E+03    -6.7405984684-282    -5.6171653903-282    -4.8147131917-282    -4.2128740427-282
    0.6498860053E+03    -1.1458401178-282    -9.5486676479-283    -8.1845722697-283    -7.1615007359-283
    0.6516350688E+03    -1.9930372525-283    -1.6608643771-283    -1.4235980375-283    -1.2456482828-283
    0.6533158850E+03    -3.7114720245-284    -3.0928933537-284    -2.6510514460-284    -2.3196700153-284
    0.6548849215E+03    -7.7289821568-285    -6.4408184640-285    -5.5207015405-285    -4.8306138480-285
    0.6563015404E+03    -1.8745305574-285    -1.5621087978-285    -1.3389503981-285    -1.1715815984-285
    0.6575290509E+03    -5.4927712324-286    -4.5773093604-286    -3.9234080232-286    -3.4329820203-286
    0.6585356578E+03    -2.0073712251-286    -1.6728093542-286    -1.4338365893-286    -1.2546070157-286
    0.6592952795E+03    -9.3913530997-287    -7.8261275831-287    -6.7081093569-287    -5.8695956873-287
    0.6597881808E+03    -5.7367228545-287    -4.7806023788-287    -4.0976591818-287    -3.5854517841-287
    0.6600000000E+03    -4.6416451884-287    -3.8680376570-287    -3.3154608488-287    -2.9010282427-287
    0.6602118192E+03    -3.7556058748-287    -3.1296715624-287    -2.6825756249-287    -2.3472536718-287
    0.6607047205E+03    -2.2941177726-287    -1.9117648105-287    -1.6386555518-287    -1.4338236079-287
    0.6614643422E+03    -1.0732877798-287    -8.9440648320-288    -7.6663412845-288    -6.7080486240-288
    0.6624709491E+03    -3.9224044008-288    -3.2686703340-288    -2.8017174291-288    -2.4515027505-288
    0.6636984596E+03    -1.1493474977-288    -9.5778958141-289    -8.2096249835-289    -7.1834218606-289
    0.6651150785E+03    -2.7875429931-289    -2.3229524942-289    -1.9911021379-289    -1.7422143707-289
    0.6666841150E+03    -5.8049393644-290    -4.8374494703-290    -4.1463852603-290    -3.6280871028-290
    0.6683649312E+03    -1.0810068918-290    -9.0083907646-291    -7.7214777982-291    -6.7562930735-291
    0.6701139947E+03    -1.8802684354-291    -1.5668903629-291    -1.3430488825-291    -1.1751677721-291
    0.6718860053E+03    -3.1962844480-292    -2.6635703733-292    -2.2830603200-292    -1.9976777800-292
    0.6736350688E+03    -5.5595138237-293    -4.6329281864-293    -3.9710813027-293    -3.4746961398-293
    0.6753158850E+03    -1.0353032790-293    -8.6275273248-294    -7.3950234213-294    -6.4706454936-294
    0.6768849215E+03    -2.1559749117-294    -1.7966457597-294    -1.5399820798-294    -1.3474843198-294
    0.6783015404E+03    -5.2289431789-295    -4.3574526491-295    -3.7349594135-295    -3.2680894868-295
    0.6795290509E+03    -1.5321910094-295    -1.2768258412-295    -1.0944221496-295    -9.5761938089-296
    0.6805356578E+03    -5.5994979829-296    -4.6662483191-296    -3.9996414163-296    -3.4996862393-296
    0.6812952795E+03    -2.6196879820-296    -2.1830733184-296    -1.8712057015-296    -1.6373049888-296
    0.6817881808E+03    -1.6002405360-296    -1.3335337800-296    -1.1430289543-296    -1.0001503350-296
    0.6820000000E+03    -1.2947721151-296    -1.0789767626-296    -9.2483722510-297    -8.0923257196-297
    0.6822118192E+03    -1.0476142757-296    -8.7301189643-297    -7.4829591123-297    -6.5475892233-297
    0.6827047205E+03    -6.3993683279-297    -5.3328069399-297    -4.5709773771-297    -3.9996052049-297
    0.6834643422E+03    -2.9939020163-297    -2.4949183469-297    -2.1385014402-297    -1.8711887602-297
    0.6844709491E+03    -1.0941421923-297    -9.1178516028-298    -7.8153013738-298    -6.8383887021-298
    0.6856984596E+03    -3.2060681724-298    -2.6717234770-298    -2.2900486946-298    -2.0037926078-298
    0.6871150785E+03    -7.7757622367-299    -6.4798018639-299    -5.5541158833-299    -4.8598513979-299
    0.6886841150E+03    -1.6192693138-299    -1.3493910948-299    -1.1566209384-299    -1.0120433211-299
    0.6903649312E+03    -3.0154342327-300    -2.5128618606-300    -2.1538815948-300    -1.8846463954-300
    0.6921139947E+03    -5.2449488067-301    -4.3707906722-301    -3.7463920048-301    -3.2780930042-301
    0.6938860053E+03    -8.9159334834-302    -7.4299445695-302    -6.3685239167-302    -5.5724584271-302
    0.6956350688E+03    -1.5508086423-302    -1.2923405353-302    -1.1077204588-302    -9.6925540145-303
    0.6973158850E+03    -2.8879454632-303    -2.4066212193-303    -2.0628181880-303    -1.8049659145-303
    0.6988849215E+03    -6.0140232251-304    -5.0116860209-304    -4.2957308751-304    -3.7587645157-304
    0.7003015404E+03    -1.4585970157-304    -1.2154975131-304    -1.0418550112-304    -9.1162313481-305
    0.7015290509E+03    -4.2739979330-305    -3.5616649442-305    -3.0528556664-305    -2.6712487081-305
    0.7025356578E+03    -1.5619620959-305    -1.3016350799-305    -1.1156872114-305    -9.7622630996-306
    0.7032952795E+03    -7.3075360392-306    -6.0896133660-306    -5.2196685994-306    -4.5672100245-306
    0.7037881808E+03    -4.4638199162-306    -3.7198499301-306    -3.1884427973-306    -2.7898874476-306
    0.7040000000E+03    -3.6117255027-306    -3.0097712523-306    -2.5798039305-306    -2.2573284392-306
    0.7042118192E+03    -2.9222865958-306    -2.4352388298-306    -2.0873475684-306    -1.8264291223-306
    0.7047047205E+03    -1.7850833765-306    -1.4875694804-306    -1.2750595547-306    -1.1156771103-306
    0.7054643422E+03    -8.3513941477-307    -6.9594951231-307    -5.9652815341-307    -5.2196213423-307
    0.7064709491E+03    -3.0520747346-307    -2.5433956121-307    -2.1800533818-307    -1.9075467091-307
    0.7076984596E+03    -8.9432248706-308    -7.4526873922-308    -6.3880177647-308    -5.5895155441-308
    0.7091150785E+03     0.0000000000E+00     0.0000000000E+00     0.0000000000E+00     0.0000000000E+00
    0.7106841150E+03     0.0000000000E+00     0.0000000000E+00     0.0000000000E+00     0.0000000000E+00
    0.7123649312E+03     0.0000000000E+00     0.0000000000E+00     0.0000000000E+00     0.0000000000E+00
    0.7141139947E+03     0.0000000000E+00     0.0000000000E+00     0.0000000000E+00     0.0000000000E+00
    0.7158860053E+03     0.0000000000E+00     0.0000000000E+00     0.0000000000E+00     0.0000000000E+00
    0.7176350688E+03     0.0000000000E+00     0.0000000000E+00     0.0000000000E+00     0.0000000000E+00
    0.7193158850E+03     0.0000000000E+00     0.0000000000E+00     0.0000000000E+00     0.0000000000E+00
    0.7208849215E+03     0.0000000000E+00     0.0000000000E+00     0.0000000000E+00     0.0000000000E+00
    0.7223015404E+03     0.0000000000E+00     0.0000000000E+00     0.0000000000E+00     0.0000000000E+00
    0.7235290509E+03     0.0000000000E+00     0.0000000000E+00     0.0000000000E+00     0.0000000000E+00
    0.7245356578E+03     0.0000000000E+00     0.0000000000E+00     0.0000000000E+00     0.0000000000E+00
    0.7252952795E+03     0.0000000000E+00     0.0000000000E+00     0.0000000000E+00     0.0000000000E+00
    0.7257881808E+03     0.0000000000E+00     0.0000000000E+00     0.0000000000E+00     0.0000000000E+00
    0.7260000000E+03     0.0000000000E+00     0.0000000000E+00     0.0000000000E+00     0.0000000000E+00
    0.7262118192E+03     0.0000000000E+00     0.0000000000E+00     0.0000000000E+00     0.0000000000E+00
    0.7267047205E+03     0.0000000000E+00     0.0000000000E+00     0.0000000000E+00     0.0000000000E+00
    0.7274643422E+03     0.0000000000E+00     0.0000000000E+00     0.0000000000E+00     0.0000000000E+00
    0.7284709491E+03     0.0000000000E+00     0.0000000000E+00     0.0000000000E+00     0.0000000000E+00
    0.7296984596E+03     0.0000000000E+00     0.0000000000E+00     0.0000000000E+00     0.0000000000E+00
    0.7311150785E+03     0.0000000000E+00     0.0000000000E+00     0.0000000000E+00     0.0000000000E+00
    0.7326841150E+03     0.0000000000E+00     0.0000000000E+00     0.0000000000E+00     0.0000000000E+00
    0.7343649312E+03     0.0000000000E+00     0.0000000000E+00     0.0000000000E+00     0.0000000000E+00
    0.7361139947E+03     0.0000000000E+00     0.0000000000E+00     0.0000000000E+00     0.0000000000E+00
    0.7378860053E+03     0.0000000000E+00     0.0000000000E+00     0.0000000000E+00     0.0000000000E+00
    0.7396350688E+03     0.0000000000E+00     0.0000000000E+00     0.0000000000E+00     0.0000000000E+00
    0.7413158850E+03     0.0000000000E+00     0.0000000000E+00     0.0000000000E+00     0.0000000000E+00
    0.7428849215E+03     0.0000000000E+00     0.0000000000E+00     0.0000000000E+00     0.0000000000E+00
    0.7443015404E+03     0.0000000000E+00     0.0000000000E+00     0.0000000000E+00     0.0000000000E+00
    0.7455290509E+03     0.0000000000E+00     0.0000000000E+00     0.0000000000E+00     0.0000000000E+00
    0.7465356578E+03     0.0000000000E+00     0.0000000000E+00     0.0000000000E+00     0.0000000000E+00
    0.7472952795E+03     0.0000000000E+00     0.0000000000E+00     0.0000000000E+00     0.0000000000E+00
    0.7477881808E+03     0.0000000000E+00     0.0000000000E+00     0.0000000000E+00     0.0000000000E+00
    0.7480000000E+03     0.0000000000E+00     0.0000000000E+00     0.0000000000E+00     0.0000000000E+00
    0.7482118192E+03     0.0000000000E+00     0.0000000000E+00     0.0000000000E+00     0.0000000000E+00
    0.7487047205E+03     0.0000000000E+00     0.0000000000E+00     0.0000000000E+00     0.0000000000E+00
    0.7494643422E+03     0.0000000000E+00     0.0000000000E+00     0.0000000000E+00     0.0000000000E+00
    0.7504709491E+03     0.0000000000E+00     0.0000000000E+00     0.0000000000E+00     0.0000000000E+00
    0.7516984596E+03     0.0000000000E+00     0.0000000000E+00     0.0000000000E+00     0.0000000000E+00
    0.7531150785E+03     0.0000000000E+00     0.0000000000E+00     0.0000000000E+00     0.0000000000E+00
    0.7546841150E+03     0.0000000000E+00     0.0000000000E+00     0.0000000000E+00     0.0000000000E+00
    0.7563649312E+03     0.0000000000E+00     0.0000000000E+00     0.0000000000E+00     0.0000000000E+00
    0.7581139947E+03     0.0000000000E+00     0.0000000000E+00     0.0000000000E+00     0.0000000000E+00
    0.7598860053E+03     0.0000000000E+00     0.0000000000E+00     0.0000000000E+00     0.0000000000E+00
    0.7616350688E+03     0.0000000000E+00     0.0000000000E+00     0.0000000000E+00     0.0000000000E+00
    0.7633158850E+03     0.0000000000E+00     0.0000000000E+00     0.0000000000E+00     0.0000000000E+00
    0.7648849215E+03     0.0000000000E+00     0.0000000000E+00     0.0000000000E+00     0.0000000000E+00
    0.7663015404E+03     0.0000000000E+00     0.0000000000E+00     0.0000000000E+00     0.0000000000E+00
    0.7675290509E+03     0.0000000000E+00     0.0000000000E+00     0.0000000000E+00     0.0000000000E+00
    0.7685356578E+03     0.0000000000E+00     0.0000000000E+00     0.0000000000E+00     0.0000000000E+00
    0.7692952795E+03     0.0000000000E+00     0.0000000000E+00     0.0000000000E+00     0.0000000000E+00
    0.7697881808E+03     0.0000000000E+00     0.0000000000E+00     0.0000000000E+00     0.0000000000E+00
    0.7700000000E+03     0.0000000000E+00     0.0000000000E+00     0.0000000000E+00     0.0000000000E+00
    0.7702118192E+03     0.0000000000E+00     0.0000000000E+00     0.0000000000E+00     0.0000000000E+00
    0.7707047205E+03     0.0000000000E+00     0.0000000000E+00     0.0000000000E+00     0.0000000000E+00
    0.7714643422E+03     0.0000000000E+00     0.0000000000E+00     0.0000000000E+00     0.0000000000E+00
    0.7724709491E+03     0.0000000000E+00     0.0000000000E+00     0.0000000000E+00     0.0000000000E+00
    0.7736984596E+03     0.0000000000E+00     0.0000000000E+00     0.0000000000E+00     0.0000000000E+00
    0.7751150785E+03     0.0000000000E+00     0.0000000000E+00     0.0000000000E+00     0.0000000000E+00
    0.7766841150E+03     0.0000000000E+00     0.0000000000E+00     0.0000000000E+00     0.0000000000E+00
    0.7783649312E+03     0.0000000000E+00     0.0000000000E+00     0.0000000000E+00     0.0000000000E+00
    0.7801139947E+03     0.0000000000E+00     0.0000000000E+00     0.0000000000E+00     0.0000000000E+00
    0.7818860053E+03     0.0000000000E+00     0.0000000000E+00     0.0000000000E+00     0.0000000000E+00
    0.7836350688E+03     0.0000000000E+00     0.0000000000E+00     0.0000000000E+00     0.0000000000E+00
    0.7853158850E+03     0.0000000000E+00     0.0000000000E+00     0.0000000000E+00     0.0000000000E+00
    0.7868849215E+03     0.0000000000E+00     0.0000000000E+00     0.0000000000E+00     0.0000000000E+00
    0.7883015404E+03     0.0000000000E+00     0.0000000000E+00     0.0000000000E+00     0.0000000000E+00
    0.7895290509E+03     0.0000000000E+00     0.0000000000E+00     0.0000000000E+00     0.0000000000E+00
    0.7905356578E+03     0.0000000000E+00     0.0000000000E+00     0.0000000000E+00     0.0000000000E+00
    0.7912952795E+03     0.0000000000E+00     0.0000000000E+00     0.0000000000E+00     0.0000000000E+00
    0.7917881808E+03     0.0000000000E+00     0.0000000000E+00     0.0000000000E+00     0.0000000000E+00
    0.7920000000E+03     0.0000000000E+00     0.0000000000E+00     0.0000000000E+00     0.0000000000E+00
    0.7922118192E+03     0.0000000000E+00     0.0000000000E+00     0.0000000000E+00     0.0000000000E+00
    0.7927047205E+03     0.0000000000E+00     0.0000000000E+00     0.0000000000E+00     0.0000000000E+00
    0.7934643422E+03     0.0000000000E+00     0.0000000000E+00     0.0000000000E+00     0.0000000000E+00
    0.7944709491E+03     0.0000000000E+00     0.0000000000E+00     0.0000000000E+00     0.0000000000E+00
    0.7956984596E+03     0.0000000000E+00     0.0000000000E+00     0.0000000000E+00     0.0000000000E+00
    0.7971150785E+03     0.0000000000E+00     0.0000000000E+00     0.0000000000E+00     0.0000000000E+00
    0.7986841150E+03     0.0000000000E+00     0.0000000000E+00     0.0000000000E+00     0.0000000000E+00
    0.8003649312E+03     0.0000000000E+00     0.0000000000E+00     0.0000000000E+00     0.0000000000E+00
    0.8021139947E+03     0.0000000000E+00     0.0000000000E+00     0.0000000000E+00     0.0000000000E+00
    0.8038860053E+03     0.0000000000E+00     0.0000000000E+00     0.0000000000E+00     0.0000000000E+00
    0.8056350688E+03     0.0000000000E+00     0.0000000000E+00     0.0000000000E+00     0.0000000000E+00
    0.8073158850E+03     0.0000000000E+00     0.0000000000E+00     0.0000000000E+00     0.0000000000E+00
    0.8088849215E+03     0.0000000000E+00     0.0000000000E+00     0.0000000000E+00     0.0000000000E+00
    0.8103015404E+03     0.0000000000E+00     0.0000000000E+00     0.0000000000E+00     0.0000000000E+00
    0.8115290509E+03     0.0000000000E+00     0.0000000000E+00     0.0000000000E+00     0.0000000000E+00
    0.8125356578E+03     0.0000000000E+00     0.0000000000E+00     0.0000000000E+00     0.0000000000E+00
    0.8132952795E+03     0.0000000000E+00     0.0000000000E+00     0.0000000000E+00     0.0000000000E+00
    0.8137881808E+03     0.0000000000E+00     0.0000000000E+00     0.0000000000E+00     0.0000000000E+00
    0.8140000000E+03     0.0000000000E+00     0.0000000000E+00     0.0000000000E+00     0.0000000000E+00
    0.8142118192E+03     0.0000000000E+00     0.0000000000E+00     0.0000000000E+00     0.0000000000E+00
    0.8147047205E+03     0.0000000000E+00     0.0000000000E+00     0.0000000000E+00     0.0000000000E+00
    0.8154643422E+03     0.0000000000E+00     0.0000000000E+00     0.0000000000E+00     0.0000000000E+00
    0.8164709491E+03     0.0000000000E+00     0.0000000000E+00     0.0000000000E+00     0.0000000000E+00
    0.8176984596E+03     0.0000000000E+00     0.0000000000E+00     0.0000000000E+00     0.0000000000E+00
    0.8191150785E+03     0.0000000000E+00     0.0000000000E+00     0.0000000000E+00     0.0000000000E+00
    0.8206841150E+03     0.0000000000E+00     0.0000000000E+00     0.0000000000E+00     0.0000000000E+00
    0.8223649312E+03     0.0000000000E+00     0.0000000000E+00     0.0000000000E+00     0.0000000000E+00
    0.8241139947E+03     0.0000000000E+00     0.0000000000E+00     0.0000000000E+00     0.0000000000E+00
    0.8258860053E+03     0.0000000000E+00     0.0000000000E+00     0.0000000000E+00     0.0000000000E+00
    0.8276350688E+03     0.0000000000E+00     0.0000000000E+00     0.0000000000E+00     0.0000000000E+00
    0.8293158850E+03     0.0000000000E+00     0.0000000000E+00     0.0000000000E+00     0.0000000000E+00
    0.8308849215E+03     0.0000000000E+00     0.0000000000E+00     0.0000000000E+00     0.0000000000E+00
    0.8323015404E+03     0.0000000000E+00     0.0000000000E+00     0.0000000000E+00     0.0000000000E+00
    0.8335290509E+03     0.0000000000E+00     0.0000000000E+00     0.0000000000E+00     0.0000000000E+00
    0.8345356578E+03     0.0000000000E+00     0.0000000000E+00     0.0000000000E+00     0.0000000000E+00
    0.8352952795E+03     0.0000000000E+00     0.0000000000E+00     0.0000000000E+00     0.0000000000E+00
    0.8357881808E+03     0.0000000000E+00     0.0000000000E+00     0.0000000000E+00     0.0000000000E+00
    0.8360000000E+03     0.0000000000E+00     0.0000000000E+00     0.0000000000E+00     0.0000000000E+00
    0.8362118192E+03     0.0000000000E+00     0.0000000000E+00     0.0000000000E+00     0.0000000000E+00
    0.8367047205E+03     0.0000000000E+00     0.0000000000E+00     0.0000000000E+00     0.0000000000E+00
    0.8374643422E+03     0.0000000000E+00     0.0000000000E+00     0.0000000000E+00     0.0000000000E+00
    0.8384709491E+03     0.0000000000E+00     0.0000000000E+00     0.0000000000E+00     0.0000000000E+00
    0.8396984596E+03     0.0000000000E+00     0.0000000000E+00     0.0000000000E+00     0.0000000000E+00
    0.8411150785E+03     0.0000000000E+00     0.0000000000E+00     0.0000000000E+00     0.0000000000E+00
    0.8426841150E+03     0.0000000000E+00     0.0000000000E+00     0.0000000000E+00     0.0000000000E+00
    0.8443649312E+03     0.0000000000E+00     0.0000000000E+00     0.0000000000E+00     0.0000000000E+00
    0.8461139947E+03     0.0000000000E+00     0.0000000000E+00     0.0000000000E+00     0.0000000000E+00
    0.8478860053E+03     0.0000000000E+00     0.0000000000E+00     0.0000000000E+00     0.0000000000E+00
    0.8496350688E+03     0.0000000000E+00     0.0000000000E+00     0.0000000000E+00     0.0000000000E+00
    0.8513158850E+03     0.0000000000E+00     0.0000000000E+00     0.0000000000E+00     0.0000000000E+00
    0.8528849215E+03     0.0000000000E+00     0.0000000000E+00     0.0000000000E+00     0.0000000000E+00
    0.8543015404E+03     0.0000000000E+00     0.0000000000E+00     0.0000000000E+00     0.0000000000E+00
    0.8555290509E+03     0.0000000000E+00     0.0000000000E+00     0.0000000000E+00     0.0000000000E+00
    0.8565356578E+03     0.0000000000E+00     0.0000000000E+00     0.0000000000E+00     0.0000000000E+00
    0.8572952795E+03     0.0000000000E+00     0.0000000000E+00     0.0000000000E+00     0.0000000000E+00
    0.8577881808E+03     0.0000000000E+00     0.0000000000E+00     0.0000000000E+00     0.0000000000E+00
    0.8580000000E+03     0.0000000000E+00     0.0000000000E+00     0.0000000000E+00     0.0000000000E+00
    0.8582118192E+03     0.0000000000E+00     0.0000000000E+00     0.0000000000E+00     0.0000000000E+00
    0.8587047205E+03     0.0000000000E+00     0.0000000000E+00     0.0000000000E+00     0.0000000000E+00
    0.8594643422E+03     0.0000000000E+00     0.0000000000E+00     0.0000000000E+00     0.0000000000E+00
    0.8604709491E+03     0.0000000000E+00     0.0000000000E+00     0.0000000000E+00     0.0000000000E+00
    0.8616984596E+03     0.0000000000E+00     0.0000000000E+00     0.0000000000E+00     0.0000000000E+00
    0.8631150785E+03     0.0000000000E+00     0.0000000000E+00     0.0000000000E+00     0.0000000000E+00
    0.8646841150E+03     0.0000000000E+00     0.0000000000E+00     0.0000000000E+00     0.0000000000E+00
    0.8663649312E+03     0.0000000000E+00     0.0000000000E+00     0.0000000000E+00     0.0000000000E+00
    0.8681139947E+03     0.0000000000E+00     0.0000000000E+00     0.0000000000E+00     0.0000000000E+00
    0.8698860053E+03     0.0000000000E+00     0.0000000000E+00     0.0000000000E+00     0.0000000000E+00
    0.8716350688E+03     0.0000000000E+00     0.0000000000E+00     0.0000000000E+00     0.0000000000E+00
    0.8733158850E+03     0.0000000000E+00     0.0000000000E+00     0.0000000000E+00     0.0000000000E+00
    0.8748849215E+03     0.0000000000E+00     0.0000000000E+00     0.0000000000E+00     0.0000000000E+00
    0.8763015404E+03     0.0000000000E+00     0.0000000000E+00     0.0000000000E+00     0.0000000000E+00
    0.8775290509E+03     0.0000000000E+00     0.0000000000E+00     0.0000000000E+00     0.0000000000E+00
    0.8785356578E+03     0.0000000000E+00     0.0000000000E+00     0.0000000000E+00     0.0000000000E+00
    0.8792952795E+03     0.0000000000E+00     0.0000000000E+00     0.0000000000E+00     0.0000000000E+00
    0.8797881808E+03     0.0000000000E+00     0.0000000000E+00     0.0000000000E+00     0.0000000000E+00
    0.8800000000E+03     0.0000000000E+00     0.0000000000E+00     0.0000000000E+00     0.0000000000E+00
    0.8802118192E+03     0.0000000000E+00     0.0000000000E+00     0.0000000000E+00     0.0000000000E+00
    0.8807047205E+03     0.0000000000E+00     0.0000000000E+00     0.0000000000E+00     0.0000000000E+00
    0.8814643422E+03     0.0000000000E+00     0.0000000000E+00     0.0000000000E+00     0.0000000000E+00
    0.8824709491E+03     0.0000000000E+00     0.0000000000E+00     0.0000000000E+00     0.0000000000E+00
    0.8836984596E+03     0.0000000000E+00     0.0000000000E+00     0.0000000000E+00     0.0000000000E+00
    0.8851150785E+03     0.0000000000E+00     0.0000000000E+00     0.0000000000E+00     0.0000000000E+00
    0.8866841150E+03     0.0000000000E+00     0.0000000000E+00     0.0000000000E+00     0.0000000000E+00
    0.8883649312E+03     0.0000000000E+00     0.0000000000E+00     0.0000000000E+00     0.0000000000E+00
    0.8901139947E+03     0.0000000000E+00     0.0000000000E+00     0.0000000000E+00     0.0000000000E+00
    0.8918860053E+03     0.0000000000E+00     0.0000000000E+00     0.0000000000E+00     0.0000000000E+00
    0.8936350688E+03     0.0000000000E+00     0.0000000000E+00     0.0000000000E+00     0.0000000000E+00
    0.8953158850E+03     0.0000000000E+00     0.0000000000E+00     0.0000000000E+00     0.0000000000E+00
    0.8968849215E+03     0.0000000000E+00     0.0000000000E+00     0.0000000000E+00     0.0000000000E+00
    0.8983015404E+03     0.0000000000E+00     0.0000000000E+00     0.0000000000E+00     0.0000000000E+00
    0.8995290509E+03     0.0000000000E+00     0.0000000000E+00     0.0000000000E+00     0.0000000000E+00
    0.9005356578E+03     0.0000000000E+00     0.0000000000E+00     0.0000000000E+00     0.0000000000E+00
    0.9012952795E+03     0.0000000000E+00     0.0000000000E+00     0.0000000000E+00     0.0000000000E+00
    0.9017881808E+03     0.0000000000E+00     0.0000000000E+00     0.0000000000E+00     0.0000000000E+00
    0.9020000000E+03     0.0000000000E+00     0.0000000000E+00     0.0000000000E+00     0.0000000000E+00
    0.9022118192E+03     0.0000000000E+00     0.0000000000E+00     0.0000000000E+00     0.0000000000E+00
    0.9027047205E+03     0.0000000000E+00     0.0000000000E+00     0.0000000000E+00     0.0000000000E+00
    0.9034643422E+03     0.0000000000E+00     0.0000000000E+00     0.0000000000E+00     0.0000000000E+00
    0.9044709491E+03     0.0000000000E+00     0.0000000000E+00     0.0000000000E+00     0.0000000000E+00
    0.9056984596E+03     0.0000000000E+00     0.0000000000E+00     0.0000000000E+00     0.0000000000E+00
    0.9071150785E+03     0.0000000000E+00     0.0000000000E+00     0.0000000000E+00     0.0000000000E+00
    0.9086841150E+03     0.0000000000E+00     0.0000000000E+00     0.0000000000E+00     0.0000000000E+00
    0.9103649312E+03     0.0000000000E+00     0.0000000000E+00     0.0000000000E+00     0.0000000000E+00
    0.9121139947E+03     0.0000000000E+00     0.0000000000E+00     0.0000000000E+00     0.0000000000E+00
    0.9138860053E+03     0.0000000000E+00     0.0000000000E+00     0.0000000000E+00     0.0000000000E+00
    0.9156350688E+03     0.0000000000E+00     0.0000000000E+00     0.0000000000E+00     0.0000000000E+00
    0.9173158850E+03     0.0000000000E+00     0.0000000000E+00     0.0000000000E+00     0.0000000000E+00
    0.9188849215E+03     0.0000000000E+00     0.0000000000E+00     0.0000000000E+00     0.0000000000E+00
    0.9203015404E+03     0.0000000000E+00     0.0000000000E+00     0.0000000000E+00     0.0000000000E+00
    0.9215290509E+03     0.0000000000E+00     0.0000000000E+00     0.0000000000E+00     0.0000000000E+00
    0.9225356578E+03     0.0000000000E+00     0.0000000000E+00     0.0000000000E+00     0.0000000000E+00
    0.9232952795E+03     0.0000000000E+00     0.0000000000E+00     0.0000000000E+00     0.0000000000E+00
    0.9237881808E+03     0.0000000000E+00     0.0000000000E+00     0.0000000000E+00     0.0000000000E+00
    0.9240000000E+03     0.0000000000E+00     0.0000000000E+00     0.0000000000E+00     0.0000000000E+00
    0.9242118192E+03     0.0000000000E+00     0.0000000000E+00     0.0000000000E+00     0.0000000000E+00
    0.9247047205E+03     0.0000000000E+00     0.0000000000E+00     0.0000000000E+00     0.0000000000E+00
    0.9254643422E+03     0.0000000000E+00     0.0000000000E+00     0.0000000000E+00     0.0000000000E+00
    0.9264709491E+03     0.0000000000E+00     0.0000000000E+00     0.0000000000E+00     0.0000000000E+00
    0.9276984596E+03     0.0000000000E+00     0.0000000000E+00     0.0000000000E+00     0.0000000000E+00
    0.9291150785E+03     0.0000000000E+00     0.0000000000E+00     0.0000000000E+00     0.0000000000E+00
    0.9306841150E+03     0.0000000000E+00     0.0000000000E+00     0.0000000000E+00     0.0000000000E+00
    0.9323649312E+03     0.0000000000E+00     0.0000000000E+00     0.0000000000E+00     0.0000000000E+00
    0.9341139947E+03     0.0000000000E+00     0.0000000000E+00     0.0000000000E+00     0.0000000000E+00
    0.9358860053E+03     0.0000000000E+00     0.0000000000E+00     0.0000000000E+00     0.0000000000E+00
    0.9376350688E+03     0.0000000000E+00     0.0000000000E+00     0.0000000000E+00     0.0000000000E+00
    0.9393158850E+03     0.0000000000E+00     0.0000000000E+00     0.0000000000E+00     0.0000000000E+00
    0.9408849215E+03     0.0000000000E+00     0.0000000000E+00     0.0000000000E+00     0.0000000000E+00
    0.9423015404E+03     0.0000000000E+00     0.0000000000E+00     0.0000000000E+00     0.0000000000E+00
    0.9435290509E+03     0.0000000000E+00     0.0000000000E+00     0.0000000000E+00     0.0000000000E+00
    0.9445356578E+03     0.0000000000E+00     0.0000000000E+00     0.0000000000E+00     0.0000000000E+00
    0.9452952795E+03     0.0000000000E+00     0.0000000000E+00     0.0000000000E+00     0.0000000000E+00
    0.9457881808E+03     0.0000000000E+00     0.0000000000E+00     0.0000000000E+00     0.0000000000E+00
    0.9460000000E+03     0.0000000000E+00     0.0000000000E+00     0.0000000000E+00     0.0000000000E+00
    0.9462118192E+03     0.0000000000E+00     0.0000000000E+00     0.0000000000E+00     0.0000000000E+00
    0.9467047205E+03     0.0000000000E+00     0.0000000000E+00     0.0000000000E+00     0.0000000000E+00
    0.9474643422E+03     0.0000000000E+00     0.0000000000E+00     0.0000000000E+00     0.0000000000E+00
    0.9484709491E+03     0.0000000000E+00     0.0000000000E+00     0.0000000000E+00     0.0000000000E+00
    0.9496984596E+03     0.0000000000E+00     0.0000000000E+00     0.0000000000E+00     0.0000000000E+00
    0.9511150785E+03     0.0000000000E+00     0.0000000000E+00     0.0000000000E+00     0.0000000000E+00
    0.9526841150E+03     0.0000000000E+00     0.0000000000E+00     0.0000000000E+00     0.0000000000E+00
    0.9543649312E+03     0.0000000000E+00     0.0000000000E+00     0.0000000000E+00     0.0000000000E+00
    0.9561139947E+03     0.0000000000E+00     0.0000000000E+00     0.0000000000E+00     0.0000000000E+00
    0.9578860053E+03     0.0000000000E+00     0.0000000000E+00     0.0000000000E+00     0.0000000000E+00
    0.9596350688E+03     0.0000000000E+00     0.0000000000E+00     0.0000000000E+00     0.0000000000E+00
    0.9613158850E+03     0.0000000000E+00     0.0000000000E+00     0.0000000000E+00     0.0000000000E+00
    0.9628849215E+03     0.0000000000E+00     0.0000000000E+00     0.0000000000E+00     0.0000000000E+00
    0.9643015404E+03     0.0000000000E+00     0.0000000000E+00     0.0000000000E+00     0.0000000000E+00
    0.9655290509E+03     0.0000000000E+00     0.0000000000E+00     0.0000000000E+00     0.0000000000E+00
    0.9665356578E+03     0.0000000000E+00     0.0000000000E+00     0.0000000000E+00     0.0000000000E+00
    0.9672952795E+03     0.0000000000E+00     0.0000000000E+00     0.0000000000E+00     0.0000000000E+00
    0.9677881808E+03     0.0000000000E+00     0.0000000000E+00     0.0000000000E+00     0.0000000000E+00
    0.9680000000E+03     0.0000000000E+00     0.0000000000E+00     0.0000000000E+00     0.0000000000E+00
    0.9682118192E+03     0.0000000000E+00     0.0000000000E+00     0.0000000000E+00     0.0000000000E+00
    0.9687047205E+03     0.0000000000E+00     0.0000000000E+00     0.0000000000E+00     0.0000000000E+00
    0.9694643422E+03     0.0000000000E+00     0.0000000000E+00     0.0000000000E+00     0.0000000000E+00
    0.9704709491E+03     0.0000000000E+00     0.0000000000E+00     0.0000000000E+00     0.0000000000E+00
    0.9716984596E+03     0.0000000000E+00     0.0000000000E+00     0.0000000000E+00     0.0000000000E+00
    0.9731150785E+03     0.0000000000E+00     0.0000000000E+00     0.0000000000E+00     0.0000000000E+00
    0.9746841150E+03     0.0000000000E+00     0.0000000000E+00     0.0000000000E+00     0.0000000000E+00
    0.9763649312E+03     0.0000000000E+00     0.0000000000E+00     0.0000000000E+00     0.0000000000E+00
    0.9781139947E+03     0.0000000000E+00     0.0000000000E+00     0.0000000000E+00     0.0000000000E+00
    0.9798860053E+03     0.0000000000E+00     0.0000000000E+00     0.0000000000E+00     0.0000000000E+00
    0.9816350688E+03     0.0000000000E+00     0.0000000000E+00     0.0000000000E+00     0.0000000000E+00
    0.9833158850E+03     0.0000000000E+00     0.0000000000E+00     0.0000000000E+00     0.0000000000E+00
    0.9848849215E+03     0.0000000000E+00     0.0000000000E+00     0.0000000000E+00     0.0000000000E+00
    0.9863015404E+03     0.0000000000E+00     0.0000000000E+00     0.0000000000E+00     0.0000000000E+00
    0.9875290509E+03     0.0000000000E+00     0.0000000000E+00     0.0000000000E+00     0.0000000000E+00
    0.9885356578E+03     0.0000000000E+00     0.0000000000E+00     0.0000000000E+00     0.0000000000E+00
    0.9892952795E+03     0.0000000000E+00     0.0000000000E+00     0.0000000000E+00     0.0000000000E+00
    0.9897881808E+03     0.0000000000E+00     0.0000000000E+00     0.0000000000E+00     0.0000000000E+00
    0.9900000000E+03     0.0000000000E+00     0.0000000000E+00     0.0000000000E+00     0.0000000000E+00
    0.9902118192E+03     0.0000000000E+00     0.0000000000E+00     0.0000000000E+00     0.0000000000E+00
    0.9907047205E+03     0.0000000000E+00     0.0000000000E+00     0.0000000000E+00     0.0000000000E+00
    0.9914643422E+03     0.0000000000E+00     0.0000000000E+00     0.0000000000E+00     0.0000000000E+00
    0.9924709491E+03     0.0000000000E+00     0.0000000000E+00     0.0000000000E+00     0.0000000000E+00
    0.9936984596E+03     0.0000000000E+00     0.0000000000E+00     0.0000000000E+00     0.0000000000E+00
    0.9951150785E+03     0.0000000000E+00     0.0000000000E+00     0.0000000000E+00     0.0000000000E+00
    0.9966841150E+03     0.0000000000E+00     0.0000000000E+00     0.0000000000E+00     0.0000000000E+00
    0.9983649312E+03     0.0000000000E+00     0.0000000000E+00     0.0000000000E+00     0.0000000000E+00
    0.1000113995E+04     0.0000000000E+00     0.0000000000E+00     0.0000000000E+00     0.0000000000E+00
    0.1001886005E+04     0.0000000000E+00     0.0000000000E+00     0.0000000000E+00     0.0000000000E+00
    0.1003635069E+04     0.0000000000E+00     0.0000000000E+00     0.0000000000E+00     0.0000000000E+00
    0.1005315885E+04     0.0000000000E+00     0.0000000000E+00     0.0000000000E+00     0.0000000000E+00
    0.1006884922E+04     0.0000000000E+00     0.0000000000E+00     0.0000000000E+00     0.0000000000E+00
    0.1008301540E+04     0.0000000000E+00     0.0000000000E+00     0.0000000000E+00     0.0000000000E+00
    0.1009529051E+04     0.0000000000E+00     0.0000000000E+00     0.0000000000E+00     0.0000000000E+00
    0.1010535658E+04     0.0000000000E+00     0.0000000000E+00     0.0000000000E+00     0.0000000000E+00
    0.1011295279E+04     0.0000000000E+00     0.0000000000E+00     0.0000000000E+00     0.0000000000E+00
    0.1011788181E+04     0.0000000000E+00     0.0000000000E+00     0.0000000000E+00     0.0000000000E+00
    0.1012000000E+04     0.0000000000E+00     0.0000000000E+00     0.0000000000E+00     0.0000000000E+00
    0.1012211819E+04     0.0000000000E+00     0.0000000000E+00     0.0000000000E+00     0.0000000000E+00
    0.1012704721E+04     0.0000000000E+00     0.0000000000E+00     0.0000000000E+00     0.0000000000E+00
    0.1013464342E+04     0.0000000000E+00     0.0000000000E+00     0.0000000000E+00     0.0000000000E+00
    0.1014470949E+04     0.0000000000E+00     0.0000000000E+00     0.0000000000E+00     0.0000000000E+00
    0.1015698460E+04     0.0000000000E+00     0.0000000000E+00     0.0000000000E+00     0.0000000000E+00
    0.1017115078E+04     0.0000000000E+00     0.0000000000E+00     0.0000000000E+00     0.0000000000E+00
    0.1018684115E+04     0.0000000000E+00     0.0000000000E+00     0.0000000000E+00     0.0000000000E+00
    0.1020364931E+04     0.0000000000E+00     0.0000000000E+00     0.0000000000E+00     0.0000000000E+00
    0.1022113995E+04     0.0000000000E+00     0.0000000000E+00     0.0000000000E+00     0.0000000000E+00
    0.1023886005E+04     0.0000000000E+00     0.0000000000E+00     0.0000000000E+00     0.0000000000E+00
    0.1025635069E+04     0.0000000000E+00     0.0000000000E+00     0.0000000000E+00     0.0000000000E+00
    0.1027315885E+04     0.0000000000E+00     0.0000000000E+00     0.0000000000E+00     0.0000000000E+00
    0.1028884922E+04     0.0000000000E+00     0.0000000000E+00     0.0000000000E+00     0.0000000000E+00
    0.1030301540E+04     0.0000000000E+00     0.0000000000E+00     0.0000000000E+00     0.0000000000E+00
    0.1031529051E+04     0.0000000000E+00     0.0000000000E+00     0.0000000000E+00     0.0000000000E+00
    0.1032535658E+04     0.0000000000E+00     0.0000000000E+00     0.0000000000E+00     0.0000000000E+00
    0.1033295279E+04     0.0000000000E+00     0.0000000000E+00     0.0000000000E+00     0.0000000000E+00
    0.1033788181E+04     0.0000000000E+00     0.0000000000E+00     0.0000000000E+00     0.0000000000E+00
    0.1034000000E+04     0.0000000000E+00     0.0000000000E+00     0.0000000000E+00     0.0000000000E+00
    0.1034211819E+04     0.0000000000E+00     0.0000000000E+00     0.0000000000E+00     0.0000000000E+00
    0.1034704721E+04     0.0000000000E+00     0.0000000000E+00     0.0000000000E+00     0.0000000000E+00
    0.1035464342E+04     0.0000000000E+00     0.0000000000E+00     0.0000000000E+00     0.0000000000E+00
    0.1036470949E+04     0.0000000000E+00     0.0000000000E+00     0.0000000000E+00     0.0000000000E+00
    0.1037698460E+04     0.0000000000E+00     0.0000000000E+00     0.0000000000E+00     0.0000000000E+00
    0.1039115078E+04     0.0000000000E+00     0.0000000000E+00     0.0000000000E+00     0.0000000000E+00
    0.1040684115E+04     0.0000000000E+00     0.0000000000E+00     0.0000000000E+00     0.0000000000E+00
    0.1042364931E+04     0.0000000000E+00     0.0000000000E+00     0.0000000000E+00     0.0000000000E+00
    0.1044113995E+04     0.0000000000E+00     0.0000000000E+00     0.0000000000E+00     0.0000000000E+00
    0.1045886005E+04     0.0000000000E+00     0.0000000000E+00     0.0000000000E+00     0.0000000000E+00
    0.1047635069E+04     0.0000000000E+00     0.0000000000E+00     0.0000000000E+00     0.0000000000E+00
    0.1049315885E+04     0.0000000000E+00     0.0000000000E+00     0.0000000000E+00     0.0000000000E+00
    0.1050884922E+04     0.0000000000E+00     0.0000000000E+00     0.0000000000E+00     0.0000000000E+00
    0.1052301540E+04     0.0000000000E+00     0.0000000000E+00     0.0000000000E+00     0.0000000000E+00
    0.1053529051E+04     0.0000000000E+00     0.0000000000E+00     0.0000000000E+00     0.0000000000E+00
    0.1054535658E+04     0.0000000000E+00     0.0000000000E+00     0.0000000000E+00     0.0000000000E+00
    0.1055295279E+04     0.0000000000E+00     0.0000000000E+00     0.0000000000E+00     0.0000000000E+00
    0.1055788181E+04     0.0000000000E+00     0.0000000000E+00     0.0000000000E+00     0.0000000000E+00
    0.1056000000E+04     0.0000000000E+00     0.0000000000E+00     0.0000000000E+00     0.0000000000E+00
    0.1056211819E+04     0.0000000000E+00     0.0000000000E+00     0.0000000000E+00     0.0000000000E+00
    0.1056704721E+04     0.0000000000E+00     0.0000000000E+00     0.0000000000E+00     0.0000000000E+00
    0.1057464342E+04     0.0000000000E+00     0.0000000000E+00     0.0000000000E+00     0.0000000000E+00
    0.1058470949E+04     0.0000000000E+00     0.0000000000E+00     0.0000000000E+00     0.0000000000E+00
    0.1059698460E+04     0.0000000000E+00     0.0000000000E+00     0.0000000000E+00     0.0000000000E+00
    0.1061115078E+04     0.0000000000E+00     0.0000000000E+00     0.0000000000E+00     0.0000000000E+00
    0.1062684115E+04     0.0000000000E+00     0.0000000000E+00     0.0000000000E+00     0.0000000000E+00
    0.1064364931E+04     0.0000000000E+00     0.0000000000E+00     0.0000000000E+00     0.0000000000E+00
    0.1066113995E+04     0.0000000000E+00     0.0000000000E+00     0.0000000000E+00     0.0000000000E+00
    0.1067886005E+04     0.0000000000E+00     0.0000000000E+00     0.0000000000E+00     0.0000000000E+00
    0.1069635069E+04     0.0000000000E+00     0.0000000000E+00     0.0000000000E+00     0.0000000000E+00
    0.1071315885E+04     0.0000000000E+00     0.0000000000E+00     0.0000000000E+00     0.0000000000E+00
    0.1072884922E+04     0.0000000000E+00     0.0000000000E+00     0.0000000000E+00     0.0000000000E+00
    0.1074301540E+04     0.0000000000E+00     0.0000000000E+00     0.0000000000E+00     0.0000000000E+00
    0.1075529051E+04     0.0000000000E+00     0.0000000000E+00     0.0000000000E+00     0.0000000000E+00
    0.1076535658E+04     0.0000000000E+00     0.0000000000E+00     0.0000000000E+00     0.0000000000E+00
    0.1077295279E+04     0.0000000000E+00     0.0000000000E+00     0.0000000000E+00     0.0000000000E+00
    0.1077788181E+04     0.0000000000E+00     0.0000000000E+00     0.0000000000E+00     0.0000000000E+00
    0.1078000000E+04     0.0000000000E+00     0.0000000000E+00     0.0000000000E+00     0.0000000000E+00
    0.1078211819E+04     0.0000000000E+00     0.0000000000E+00     0.0000000000E+00     0.0000000000E+00
    0.1078704721E+04     0.0000000000E+00     0.0000000000E+00     0.0000000000E+00     0.0000000000E+00
    0.1079464342E+04     0.0000000000E+00     0.0000000000E+00     0.0000000000E+00     0.0000000000E+00
    0.1080470949E+04     0.0000000000E+00     0.0000000000E+00     0.0000000000E+00     0.0000000000E+00
    0.1081698460E+04     0.0000000000E+00     0.0000000000E+00     0.0000000000E+00     0.0000000000E+00
    0.1083115078E+04     0.0000000000E+00     0.0000000000E+00     0.0000000000E+00     0.0000000000E+00
    0.1084684115E+04     0.0000000000E+00     0.0000000000E+00     0.0000000000E+00     0.0000000000E+00
    0.1086364931E+04     0.0000000000E+00     0.0000000000E+00     0.0000000000E+00     0.0000000000E+00
    0.1088113995E+04     0.0000000000E+00     0.0000000000E+00     0.0000000000E+00     0.0000000000E+00
    0.1089886005E+04     0.0000000000E+00     0.0000000000E+00     0.0000000000E+00     0.0000000000E+00
    0.1091635069E+04     0.0000000000E+00     0.0000000000E+00     0.0000000000E+00     0.0000000000E+00
    0.1093315885E+04     0.0000000000E+00     0.0000000000E+00     0.0000000000E+00     0.0000000000E+00
    0.1094884922E+04     0.0000000000E+00     0.0000000000E+00     0.0000000000E+00     0.0000000000E+00
    0.1096301540E+04     0.0000000000E+00     0.0000000000E+00     0.0000000000E+00     0.0000000000E+00
    0.1097529051E+04     0.0000000000E+00     0.0000000000E+00     0.0000000000E+00     0.0000000000E+00
    0.1098535658E+04     0.0000000000E+00     0.0000000000E+00     0.0000000000E+00     0.0000000000E+00
    0.1099295279E+04     0.0000000000E+00     0.0000000000E+00     0.0000000000E+00     0.0000000000E+00
    0.1099788181E+04     0.0000000000E+00     0.0000000000E+00     0.0000000000E+00     0.0000000000E+00
    0.1100000000E+04     0.0000000000E+00     0.0000000000E+00     0.0000000000E+00     0.0000000000E+00
    0.1100211819E+04     0.0000000000E+00     0.0000000000E+00     0.0000000000E+00     0.0000000000E+00
    0.1100704721E+04     0.0000000000E+00     0.0000000000E+00     0.0000000000E+00     0.0000000000E+00
    0.1101464342E+04     0.0000000000E+00     0.0000000000E+00     0.0000000000E+00     0.0000000000E+00
    0.1102470949E+04     0.0000000000E+00     0.0000000000E+00     0.0000000000E+00     0.0000000000E+00
    0.1103698460E+04     0.0000000000E+00     0.0000000000E+00     0.0000000000E+00     0.0000000000E+00
    0.1105115078E+04     0.0000000000E+00     0.0000000000E+00     0.0000000000E+00     0.0000000000E+00
    0.1106684115E+04     0.0000000000E+00     0.0000000000E+00     0.0000000000E+00     0.0000000000E+00
    0.1108364931E+04     0.0000000000E+00     0.0000000000E+00     0.0000000000E+00     0.0000000000E+00
    0.1110113995E+04     0.0000000000E+00     0.0000000000E+00     0.0000000000E+00     0.0000000000E+00
    0.1111886005E+04     0.0000000000E+00     0.0000000000E+00     0.0000000000E+00     0.0000000000E+00
    0.1113635069E+04     0.0000000000E+00     0.0000000000E+00     0.0000000000E+00     0.0000000000E+00
    0.1115315885E+04     0.0000000000E+00     0.0000000000E+00     0.0000000000E+00     0.0000000000E+00
    0.1116884922E+04     0.0000000000E+00     0.0000000000E+00     0.0000000000E+00     0.0000000000E+00
    0.1118301540E+04     0.0000000000E+00     0.0000000000E+00     0.0000000000E+00     0.0000000000E+00
    0.1119529051E+04     0.0000000000E+00     0.0000000000E+00     0.0000000000E+00     0.0000000000E+00
    0.1120535658E+04     0.0000000000E+00     0.0000000000E+00     0.0000000000E+00     0.0000000000E+00
    0.1121295279E+04     0.0000000000E+00     0.0000000000E+00     0.0000000000E+00     0.0000000000E+00
    0.1121788181E+04     0.0000000000E+00     0.0000000000E+00     0.0000000000E+00     0.0000000000E+00
    0.1122000000E+04     0.0000000000E+00     0.0000000000E+00     0.0000000000E+00     0.0000000000E+00
    0.1122211819E+04     0.0000000000E+00     0.0000000000E+00     0.0000000000E+00     0.0000000000E+00
    0.1122704721E+04     0.0000000000E+00     0.0000000000E+00     0.0000000000E+00     0.0000000000E+00
    0.1123464342E+04     0.0000000000E+00     0.0000000000E+00     0.0000000000E+00     0.0000000000E+00
    0.1124470949E+04     0.0000000000E+00     0.0000000000E+00     0.0000000000E+00     0.0000000000E+00
    0.1125698460E+04     0.0000000000E+00     0.0000000000E+00     0.0000000000E+00     0.0000000000E+00
    0.1127115078E+04     0.0000000000E+00     0.0000000000E+00     0.0000000000E+00     0.0000000000E+00
    0.1128684115E+04     0.0000000000E+00     0.0000000000E+00     0.0000000000E+00     0.0000000000E+00
    0.1130364931E+04     0.0000000000E+00     0.0000000000E+00     0.0000000000E+00     0.0000000000E+00
    0.1132113995E+04     0.0000000000E+00     0.0000000000E+00     0.0000000000E+00     0.0000000000E+00
    0.1133886005E+04     0.0000000000E+00     0.0000000000E+00     0.0000000000E+00     0.0000000000E+00
    0.1135635069E+04     0.0000000000E+00     0.0000000000E+00     0.0000000000E+00     0.0000000000E+00
    0.1137315885E+04     0.0000000000E+00     0.0000000000E+00     0.0000000000E+00     0.0000000000E+00
    0.1138884922E+04     0.0000000000E+00     0.0000000000E+00     0.0000000000E+00     0.0000000000E+00
    0.1140301540E+04     0.0000000000E+00     0.0000000000E+00     0.0000000000E+00     0.0000000000E+00
    0.1141529051E+04     0.0000000000E+00     0.0000000000E+00     0.0000000000E+00     0.0000000000E+00
    0.1142535658E+04     0.0000000000E+00     0.0000000000E+00     0.0000000000E+00     0.0000000000E+00
    0.1143295279E+04     0.0000000000E+00     0.0000000000E+00     0.0000000000E+00     0.0000000000E+00
    0.1143788181E+04     0.0000000000E+00     0.0000000000E+00     0.0000000000E+00     0.0000000000E+00
    0.1144000000E+04     0.0000000000E+00     0.0000000000E+00     0.0000000000E+00     0.0000000000E+00
    0.1144211819E+04     0.0000000000E+00     0.0000000000E+00     0.0000000000E+00     0.0000000000E+00
    0.1144704721E+04     0.0000000000E+00     0.0000000000E+00     0.0000000000E+00     0.0000000000E+00
    0.1145464342E+04     0.0000000000E+00     0.0000000000E+00     0.0000000000E+00     0.0000000000E+00
    0.1146470949E+04     0.0000000000E+00     0.0000000000E+00     0.0000000000E+00     0.0000000000E+00
    0.1147698460E+04     0.0000000000E+00     0.0000000000E+00     0.0000000000E+00     0.0000000000E+00
    0.1149115078E+04     0.0000000000E+00     0.0000000000E+00     0.0000000000E+00     0.0000000000E+00
    0.1150684115E+04     0.0000000000E+00     0.0000000000E+00     0.0000000000E+00     0.0000000000E+00
    0.1152364931E+04     0.0000000000E+00     0.0000000000E+00     0.0000000000E+00     0.0000000000E+00
    0.1154113995E+04     0.0000000000E+00     0.0000000000E+00     0.0000000000E+00     0.0000000000E+00
    0.1155886005E+04     0.0000000000E+00     0.0000000000E+00     0.0000000000E+00     0.0000000000E+00
    0.1157635069E+04     0.0000000000E+00     0.0000000000E+00     0.0000000000E+00     0.0000000000E+00
    0.1159315885E+04     0.0000000000E+00     0.0000000000E+00     0.0000000000E+00     0.0000000000E+00
    0.1160884922E+04     0.0000000000E+00     0.0000000000E+00     0.0000000000E+00     0.0000000000E+00
    0.1162301540E+04     0.0000000000E+00     0.0000000000E+00     0.0000000000E+00     0.0000000000E+00
    0.1163529051E+04     0.0000000000E+00     0.0000000000E+00     0.0000000000E+00     0.0000000000E+00
    0.1164535658E+04     0.0000000000E+00     0.0000000000E+00     0.0000000000E+00     0.0000000000E+00
    0.1165295279E+04     0.0000000000E+00     0.0000000000E+00     0.0000000000E+00     0.0000000000E+00
    0.1165788181E+04     0.0000000000E+00     0.0000000000E+00     0.0000000000E+00     0.0000000000E+00
    0.1166000000E+04     0.0000000000E+00     0.0000000000E+00     0.0000000000E+00     0.0000000000E+00
    0.1166211819E+04     0.0000000000E+00     0.0000000000E+00     0.0000000000E+00     0.0000000000E+00
    0.1166704721E+04     0.0000000000E+00     0.0000000000E+00     0.0000000000E+00     0.0000000000E+00
    0.1167464342E+04     0.0000000000E+00     0.0000000000E+00     0.0000000000E+00     0.0000000000E+00
    0.1168470949E+04     0.0000000000E+00     0.0000000000E+00     0.0000000000E+00     0.0000000000E+00
    0.1169698460E+04     0.0000000000E+00     0.0000000000E+00     0.0000000000E+00     0.0000000000E+00
    0.1171115078E+04     0.0000000000E+00     0.0000000000E+00     0.0000000000E+00     0.0000000000E+00
    0.1172684115E+04     0.0000000000E+00     0.0000000000E+00     0.0000000000E+00     0.0000000000E+00
    0.1174364931E+04     0.0000000000E+00     0.0000000000E+00     0.0000000000E+00     0.0000000000E+00
    0.1176113995E+04     0.0000000000E+00     0.0000000000E+00     0.0000000000E+00     0.0000000000E+00
    0.1177886005E+04     0.0000000000E+00     0.0000000000E+00     0.0000000000E+00     0.0000000000E+00
    0.1179635069E+04     0.0000000000E+00     0.0000000000E+00     0.0000000000E+00     0.0000000000E+00
    0.1181315885E+04     0.0000000000E+00     0.0000000000E+00     0.0000000000E+00     0.0000000000E+00
    0.1182884922E+04     0.0000000000E+00     0.0000000000E+00     0.0000000000E+00     0.0000000000E+00
    0.1184301540E+04     0.0000000000E+00     0.0000000000E+00     0.0000000000E+00     0.0000000000E+00
    0.1185529051E+04     0.0000000000E+00     0.0000000000E+00     0.0000000000E+00     0.0000000000E+00
    0.1186535658E+04     0.0000000000E+00     0.0000000000E+00     0.0000000000E+00     0.0000000000E+00
    0.1187295279E+04     0.0000000000E+00     0.0000000000E+00     0.0000000000E+00     0.0000000000E+00
    0.1187788181E+04     0.0000000000E+00     0.0000000000E+00     0.0000000000E+00     0.0000000000E+00
    0.1188000000E+04     0.0000000000E+00     0.0000000000E+00     0.0000000000E+00     0.0000000000E+00
    0.1188211819E+04     0.0000000000E+00     0.0000000000E+00     0.0000000000E+00     0.0000000000E+00
    0.1188704721E+04     0.0000000000E+00     0.0000000000E+00     0.0000000000E+00     0.0000000000E+00
    0.1189464342E+04     0.0000000000E+00     0.0000000000E+00     0.0000000000E+00     0.0000000000E+00
    0.1190470949E+04     0.0000000000E+00     0.0000000000E+00     0.0000000000E+00     0.0000000000E+00
    0.1191698460E+04     0.0000000000E+00     0.0000000000E+00     0.0000000000E+00     0.0000000000E+00
    0.1193115078E+04     0.0000000000E+00     0.0000000000E+00     0.0000000000E+00     0.0000000000E+00
    0.1194684115E+04     0.0000000000E+00     0.0000000000E+00     0.0000000000E+00     0.0000000000E+00
    0.1196364931E+04     0.0000000000E+00     0.0000000000E+00     0.0000000000E+00     0.0000000000E+00
    0.1198113995E+04     0.0000000000E+00     0.0000000000E+00     0.0000000000E+00     0.0000000000E+00
    0.1199886005E+04     0.0000000000E+00     0.0000000000E+00     0.0000000000E+00     0.0000000000E+00
    0.1201635069E+04     0.0000000000E+00     0.0000000000E+00     0.0000000000E+00     0.0000000000E+00
    0.1203315885E+04     0.0000000000E+00     0.0000000000E+00     0.0000000000E+00     0.0000000000E+00
    0.1204884922E+04     0.0000000000E+00     0.0000000000E+00     0.0000000000E+00     0.0000000000E+00
    0.1206301540E+04     0.0000000000E+00     0.0000000000E+00     0.0000000000E+00     0.0000000000E+00
    0.1207529051E+04     0.0000000000E+00     0.0000000000E+00     0.0000000000E+00     0.0000000000E+00
    0.1208535658E+04     0.0000000000E+00     0.0000000000E+00     0.0000000000E+00     0.0000000000E+00
    0.1209295279E+04     0.0000000000E+00     0.0000000000E+00     0.0000000000E+00     0.0000000000E+00
    0.1209788181E+04     0.0000000000E+00     0.0000000000E+00     0.0000000000E+00     0.0000000000E+00
    0.1210000000E+04     0.0000000000E+00     0.0000000000E+00     0.0000000000E+00     0.0000000000E+00
    0.1210211819E+04     0.0000000000E+00     0.0000000000E+00     0.0000000000E+00     0.0000000000E+00
    0.1210704721E+04     0.0000000000E+00     0.0000000000E+00     0.0000000000E+00     0.0000000000E+00
    0.1211464342E+04     0.0000000000E+00     0.0000000000E+00     0.0000000000E+00     0.0000000000E+00
    0.1212470949E+04     0.0000000000E+00     0.0000000000E+00     0.0000000000E+00     0.0000000000E+00
    0.1213698460E+04     0.0000000000E+00     0.0000000000E+00     0.0000000000E+00     0.0000000000E+00
    0.1215115078E+04     0.0000000000E+00     0.0000000000E+00     0.0000000000E+00     0.0000000000E+00
    0.1216684115E+04     0.0000000000E+00     0.0000000000E+00     0.0000000000E+00     0.0000000000E+00
    0.1218364931E+04     0.0000000000E+00     0.0000000000E+00     0.0000000000E+00     0.0000000000E+00
    0.1220113995E+04     0.0000000000E+00     0.0000000000E+00     0.0000000000E+00     0.0000000000E+00
    0.1221886005E+04     0.0000000000E+00     0.0000000000E+00     0.0000000000E+00     0.0000000000E+00
    0.1223635069E+04     0.0000000000E+00     0.0000000000E+00     0.0000000000E+00     0.0000000000E+00
    0.1225315885E+04     0.0000000000E+00     0.0000000000E+00     0.0000000000E+00     0.0000000000E+00
    0.1226884922E+04     0.0000000000E+00     0.0000000000E+00     0.0000000000E+00     0.0000000000E+00
    0.1228301540E+04     0.0000000000E+00     0.0000000000E+00     0.0000000000E+00     0.0000000000E+00
    0.1229529051E+04     0.0000000000E+00     0.0000000000E+00     0.0000000000E+00     0.0000000000E+00
    0.1230535658E+04     0.0000000000E+00     0.0000000000E+00     0.0000000000E+00     0.0000000000E+00
    0.1231295279E+04     0.0000000000E+00     0.0000000000E+00     0.0000000000E+00     0.0000000000E+00
    0.1231788181E+04     0.0000000000E+00     0.0000000000E+00     0.0000000000E+00     0.0000000000E+00
    0.1232000000E+04     0.0000000000E+00     0.0000000000E+00     0.0000000000E+00     0.0000000000E+00
    0.1232211819E+04     0.0000000000E+00     0.0000000000E+00     0.0000000000E+00     0.0000000000E+00
    0.1232704721E+04     0.0000000000E+00     0.0000000000E+00     0.0000000000E+00     0.0000000000E+00
    0.1233464342E+04     0.0000000000E+00     0.0000000000E+00     0.0000000000E+00     0.0000000000E+00
    0.1234470949E+04     0.0000000000E+00     0.0000000000E+00     0.0000000000E+00     0.0000000000E+00
    0.1235698460E+04     0.0000000000E+00     0.0000000000E+00     0.0000000000E+00     0.0000000000E+00
    0.1237115078E+04     0.0000000000E+00     0.0000000000E+00     0.0000000000E+00     0.0000000000E+00
    0.1238684115E+04     0.0000000000E+00     0.0000000000E+00     0.0000000000E+00     0.0000000000E+00
    0.1240364931E+04     0.0000000000E+00     0.0000000000E+00     0.0000000000E+00     0.0000000000E+00
    0.1242113995E+04     0.0000000000E+00     0.0000000000E+00     0.0000000000E+00     0.0000000000E+00
    0.1243886005E+04     0.0000000000E+00     0.0000000000E+00     0.0000000000E+00     0.0000000000E+00
    0.1245635069E+04     0.0000000000E+00     0.0000000000E+00     0.0000000000E+00     0.0000000000E+00
    0.1247315885E+04     0.0000000000E+00     0.0000000000E+00     0.0000000000E+00     0.0000000000E+00
    0.1248884922E+04     0.0000000000E+00     0.0000000000E+00     0.0000000000E+00     0.0000000000E+00
    0.1250301540E+04     0.0000000000E+00     0.0000000000E+00     0.0000000000E+00     0.0000000000E+00
    0.1251529051E+04     0.0000000000E+00     0.0000000000E+00     0.0000000000E+00     0.0000000000E+00
    0.1252535658E+04     0.0000000000E+00     0.0000000000E+00     0.0000000000E+00     0.0000000000E+00
    0.1253295279E+04     0.0000000000E+00     0.0000000000E+00     0.0000000000E+00     0.0000000000E+00
    0.1253788181E+04     0.0000000000E+00     0.0000000000E+00     0.0000000000E+00     0.0000000000E+00
    0.1254000000E+04     0.0000000000E+00     0.0000000000E+00     0.0000000000E+00     0.0000000000E+00
    0.1254211819E+04     0.0000000000E+00     0.0000000000E+00     0.0000000000E+00     0.0000000000E+00
    0.1254704721E+04     0.0000000000E+00     0.0000000000E+00     0.0000000000E+00     0.0000000000E+00
    0.1255464342E+04     0.0000000000E+00     0.0000000000E+00     0.0000000000E+00     0.0000000000E+00
    0.1256470949E+04     0.0000000000E+00     0.0000000000E+00     0.0000000000E+00     0.0000000000E+00
    0.1257698460E+04     0.0000000000E+00     0.0000000000E+00     0.0000000000E+00     0.0000000000E+00
    0.1259115078E+04     0.0000000000E+00     0.0000000000E+00     0.0000000000E+00     0.0000000000E+00
    0.1260684115E+04     0.0000000000E+00     0.0000000000E+00     0.0000000000E+00     0.0000000000E+00
    0.1262364931E+04     0.0000000000E+00     0.0000000000E+00     0.0000000000E+00     0.0000000000E+00
    0.1264113995E+04     0.0000000000E+00     0.0000000000E+00     0.0000000000E+00     0.0000000000E+00
    0.1265886005E+04     0.0000000000E+00     0.0000000000E+00     0.0000000000E+00     0.0000000000E+00
    0.1267635069E+04     0.0000000000E+00     0.0000000000E+00     0.0000000000E+00     0.0000000000E+00
    0.1269315885E+04     0.0000000000E+00     0.0000000000E+00     0.0000000000E+00     0.0000000000E+00
    0.1270884922E+04     0.0000000000E+00     0.0000000000E+00     0.0000000000E+00     0.0000000000E+00
    0.1272301540E+04     0.0000000000E+00     0.0000000000E+00     0.0000000000E+00     0.0000000000E+00
    0.1273529051E+04     0.0000000000E+00     0.0000000000E+00     0.0000000000E+00     0.0000000000E+00
    0.1274535658E+04     0.0000000000E+00     0.0000000000E+00     0.0000000000E+00     0.0000000000E+00
    0.1275295279E+04     0.0000000000E+00     0.0000000000E+00     0.0000000000E+00     0.0000000000E+00
    0.1275788181E+04     0.0000000000E+00     0.0000000000E+00     0.0000000000E+00     0.0000000000E+00
    0.1276000000E+04     0.0000000000E+00     0.0000000000E+00     0.0000000000E+00     0.0000000000E+00
    0.1276211819E+04     0.0000000000E+00     0.0000000000E+00     0.0000000000E+00     0.0000000000E+00
    0.1276704721E+04     0.0000000000E+00     0.0000000000E+00     0.0000000000E+00     0.0000000000E+00
    0.1277464342E+04     0.0000000000E+00     0.0000000000E+00     0.0000000000E+00     0.0000000000E+00
    0.1278470949E+04     0.0000000000E+00     0.0000000000E+00     0.0000000000E+00     0.0000000000E+00
    0.1279698460E+04     0.0000000000E+00     0.0000000000E+00     0.0000000000E+00     0.0000000000E+00
    0.1281115078E+04     0.0000000000E+00     0.0000000000E+00     0.0000000000E+00     0.0000000000E+00
    0.1282684115E+04     0.0000000000E+00     0.0000000000E+00     0.0000000000E+00     0.0000000000E+00
    0.1284364931E+04     0.0000000000E+00     0.0000000000E+00     0.0000000000E+00     0.0000000000E+00
    0.1286113995E+04     0.0000000000E+00     0.0000000000E+00     0.0000000000E+00     0.0000000000E+00
    0.1287886005E+04     0.0000000000E+00     0.0000000000E+00     0.0000000000E+00     0.0000000000E+00
    0.1289635069E+04     0.0000000000E+00     0.0000000000E+00     0.0000000000E+00     0.0000000000E+00
    0.1291315885E+04     0.0000000000E+00     0.0000000000E+00     0.0000000000E+00     0.0000000000E+00
    0.1292884922E+04     0.0000000000E+00     0.0000000000E+00     0.0000000000E+00     0.0000000000E+00
    0.1294301540E+04     0.0000000000E+00     0.0000000000E+00     0.0000000000E+00     0.0000000000E+00
    0.1295529051E+04     0.0000000000E+00     0.0000000000E+00     0.0000000000E+00     0.0000000000E+00
    0.1296535658E+04     0.0000000000E+00     0.0000000000E+00     0.0000000000E+00     0.0000000000E+00
    0.1297295279E+04     0.0000000000E+00     0.0000000000E+00     0.0000000000E+00     0.0000000000E+00
    0.1297788181E+04     0.0000000000E+00     0.0000000000E+00     0.0000000000E+00     0.0000000000E+00
    0.1298000000E+04     0.0000000000E+00     0.0000000000E+00     0.0000000000E+00     0.0000000000E+00
    0.1298211819E+04     0.0000000000E+00     0.0000000000E+00     0.0000000000E+00     0.0000000000E+00
    0.1298704721E+04     0.0000000000E+00     0.0000000000E+00     0.0000000000E+00     0.0000000000E+00
    0.1299464342E+04     0.0000000000E+00     0.0000000000E+00     0.0000000000E+00     0.0000000000E+00
    0.1300470949E+04     0.0000000000E+00     0.0000000000E+00     0.0000000000E+00     0.0000000000E+00
    0.1301698460E+04     0.0000000000E+00     0.0000000000E+00     0.0000000000E+00     0.0000000000E+00
    0.1303115078E+04     0.0000000000E+00     0.0000000000E+00     0.0000000000E+00     0.0000000000E+00
    0.1304684115E+04     0.0000000000E+00     0.0000000000E+00     0.0000000000E+00     0.0000000000E+00
    0.1306364931E+04     0.0000000000E+00     0.0000000000E+00     0.0000000000E+00     0.0000000000E+00
    0.1308113995E+04     0.0000000000E+00     0.0000000000E+00     0.0000000000E+00     0.0000000000E+00
    0.1309886005E+04     0.0000000000E+00     0.0000000000E+00     0.0000000000E+00     0.0000000000E+00
    0.1311635069E+04     0.0000000000E+00     0.0000000000E+00     0.0000000000E+00     0.0000000000E+00
    0.1313315885E+04     0.0000000000E+00     0.0000000000E+00     0.0000000000E+00     0.0000000000E+00
    0.1314884922E+04     0.0000000000E+00     0.0000000000E+00     0.0000000000E+00     0.0000000000E+00
    0.1316301540E+04     0.0000000000E+00     0.0000000000E+00     0.0000000000E+00     0.0000000000E+00
    0.1317529051E+04     0.0000000000E+00     0.0000000000E+00     0.0000000000E+00     0.0000000000E+00
    0.1318535658E+04     0.0000000000E+00     0.0000000000E+00     0.0000000000E+00     0.0000000000E+00
    0.1319295279E+04     0.0000000000E+00     0.0000000000E+00     0.0000000000E+00     0.0000000000E+00
    0.1319788181E+04     0.0000000000E+00     0.0000000000E+00     0.0000000000E+00     0.0000000000E+00
    0.1320000000E+04     0.0000000000E+00     0.0000000000E+00     0.0000000000E+00     0.0000000000E+00
    0.1320211819E+04     0.0000000000E+00     0.0000000000E+00     0.0000000000E+00     0.0000000000E+00
    0.1320704721E+04     0.0000000000E+00     0.0000000000E+00     0.0000000000E+00     0.0000000000E+00
    0.1321464342E+04     0.0000000000E+00     0.0000000000E+00     0.0000000000E+00     0.0000000000E+00
    0.1322470949E+04     0.0000000000E+00     0.0000000000E+00     0.0000000000E+00     0.0000000000E+00
    0.1323698460E+04     0.0000000000E+00     0.0000000000E+00     0.0000000000E+00     0.0000000000E+00
    0.1325115078E+04     0.0000000000E+00     0.0000000000E+00     0.0000000000E+00     0.0000000000E+00
    0.1326684115E+04     0.0000000000E+00     0.0000000000E+00     0.0000000000E+00     0.0000000000E+00
    0.1328364931E+04     0.0000000000E+00     0.0000000000E+00     0.0000000000E+00     0.0000000000E+00
    0.1330113995E+04     0.0000000000E+00     0.0000000000E+00     0.0000000000E+00     0.0000000000E+00
    0.1331886005E+04     0.0000000000E+00     0.0000000000E+00     0.0000000000E+00     0.0000000000E+00
    0.1333635069E+04     0.0000000000E+00     0.0000000000E+00     0.0000000000E+00     0.0000000000E+00
    0.1335315885E+04     0.0000000000E+00     0.0000000000E+00     0.0000000000E+00     0.0000000000E+00
    0.1336884922E+04     0.0000000000E+00     0.0000000000E+00     0.0000000000E+00     0.0000000000E+00
    0.1338301540E+04     0.0000000000E+00     0.0000000000E+00     0.0000000000E+00     0.0000000000E+00
    0.1339529051E+04     0.0000000000E+00     0.0000000000E+00     0.0000000000E+00     0.0000000000E+00
    0.1340535658E+04     0.0000000000E+00     0.0000000000E+00     0.0000000000E+00     0.0000000000E+00
    0.1341295279E+04     0.0000000000E+00     0.0000000000E+00     0.0000000000E+00     0.0000000000E+00
    0.1341788181E+04     0.0000000000E+00     0.0000000000E+00     0.0000000000E+00     0.0000000000E+00
    0.1342000000E+04     0.0000000000E+00     0.0000000000E+00     0.0000000000E+00     0.0000000000E+00
    0.1342211819E+04     0.0000000000E+00     0.0000000000E+00     0.0000000000E+00     0.0000000000E+00
    0.1342704721E+04     0.0000000000E+00     0.0000000000E+00     0.0000000000E+00     0.0000000000E+00
    0.1343464342E+04     0.0000000000E+00     0.0000000000E+00     0.0000000000E+00     0.0000000000E+00
    0.1344470949E+04     0.0000000000E+00     0.0000000000E+00     0.0000000000E+00     0.0000000000E+00
    0.1345698460E+04     0.0000000000E+00     0.0000000000E+00     0.0000000000E+00     0.0000000000E+00
    0.1347115078E+04     0.0000000000E+00     0.0000000000E+00     0.0000000000E+00     0.0000000000E+00
    0.1348684115E+04     0.0000000000E+00     0.0000000000E+00     0.0000000000E+00     0.0000000000E+00
    0.1350364931E+04     0.0000000000E+00     0.0000000000E+00     0.0000000000E+00     0.0000000000E+00
    0.1352113995E+04     0.0000000000E+00     0.0000000000E+00     0.0000000000E+00     0.0000000000E+00
    0.1353886005E+04     0.0000000000E+00     0.0000000000E+00     0.0000000000E+00     0.0000000000E+00
    0.1355635069E+04     0.0000000000E+00     0.0000000000E+00     0.0000000000E+00     0.0000000000E+00
    0.1357315885E+04     0.0000000000E+00     0.0000000000E+00     0.0000000000E+00     0.0000000000E+00
    0.1358884922E+04     0.0000000000E+00     0.0000000000E+00     0.0000000000E+00     0.0000000000E+00
    0.1360301540E+04     0.0000000000E+00     0.0000000000E+00     0.0000000000E+00     0.0000000000E+00
    0.1361529051E+04     0.0000000000E+00     0.0000000000E+00     0.0000000000E+00     0.0000000000E+00
    0.1362535658E+04     0.0000000000E+00     0.0000000000E+00     0.0000000000E+00     0.0000000000E+00
    0.1363295279E+04     0.0000000000E+00     0.0000000000E+00     0.0000000000E+00     0.0000000000E+00
    0.1363788181E+04     0.0000000000E+00     0.0000000000E+00     0.0000000000E+00     0.0000000000E+00
    0.1364000000E+04     0.0000000000E+00     0.0000000000E+00     0.0000000000E+00     0.0000000000E+00
    0.1364211819E+04     0.0000000000E+00     0.0000000000E+00     0.0000000000E+00     0.0000000000E+00
    0.1364704721E+04     0.0000000000E+00     0.0000000000E+00     0.0000000000E+00     0.0000000000E+00
    0.1365464342E+04     0.0000000000E+00     0.0000000000E+00     0.0000000000E+00     0.0000000000E+00
    0.1366470949E+04     0.0000000000E+00     0.0000000000E+00     0.0000000000E+00     0.0000000000E+00
    0.1367698460E+04     0.0000000000E+00     0.0000000000E+00     0.0000000000E+00     0.0000000000E+00
    0.1369115078E+04     0.0000000000E+00     0.0000000000E+00     0.0000000000E+00     0.0000000000E+00
    0.1370684115E+04     0.0000000000E+00     0.0000000000E+00     0.0000000000E+00     0.0000000000E+00
    0.1372364931E+04     0.0000000000E+00     0.0000000000E+00     0.0000000000E+00     0.0000000000E+00
    0.1374113995E+04     0.0000000000E+00     0.0000000000E+00     0.0000000000E+00     0.0000000000E+00
    0.1375886005E+04     0.0000000000E+00     0.0000000000E+00     0.0000000000E+00     0.0000000000E+00
    0.1377635069E+04     0.0000000000E+00     0.0000000000E+00     0.0000000000E+00     0.0000000000E+00
    0.1379315885E+04     0.0000000000E+00     0.0000000000E+00     0.0000000000E+00     0.0000000000E+00
    0.1380884922E+04     0.0000000000E+00     0.0000000000E+00     0.0000000000E+00     0.0000000000E+00
    0.1382301540E+04     0.0000000000E+00     0.0000000000E+00     0.0000000000E+00     0.0000000000E+00
    0.1383529051E+04     0.0000000000E+00     0.0000000000E+00     0.0000000000E+00     0.0000000000E+00
    0.1384535658E+04     0.0000000000E+00     0.0000000000E+00     0.0000000000E+00     0.0000000000E+00
    0.1385295279E+04     0.0000000000E+00     0.0000000000E+00     0.0000000000E+00     0.0000000000E+00
    0.1385788181E+04     0.0000000000E+00     0.0000000000E+00     0.0000000000E+00     0.0000000000E+00
    0.1386000000E+04     0.0000000000E+00     0.0000000000E+00     0.0000000000E+00     0.0000000000E+00
    0.1386211819E+04     0.0000000000E+00     0.0000000000E+00     0.0000000000E+00     0.0000000000E+00
    0.1386704721E+04     0.0000000000E+00     0.0000000000E+00     0.0000000000E+00     0.0000000000E+00
    0.1387464342E+04     0.0000000000E+00     0.0000000000E+00     0.0000000000E+00     0.0000000000E+00
    0.1388470949E+04     0.0000000000E+00     0.0000000000E+00     0.0000000000E+00     0.0000000000E+00
    0.1389698460E+04     0.0000000000E+00     0.0000000000E+00     0.0000000000E+00     0.0000000000E+00
    0.1391115078E+04     0.0000000000E+00     0.0000000000E+00     0.0000000000E+00     0.0000000000E+00
    0.1392684115E+04     0.0000000000E+00     0.0000000000E+00     0.0000000000E+00     0.0000000000E+00
    0.1394364931E+04     0.0000000000E+00     0.0000000000E+00     0.0000000000E+00     0.0000000000E+00
    0.1396113995E+04     0.0000000000E+00     0.0000000000E+00     0.0000000000E+00     0.0000000000E+00
    0.1397886005E+04     0.0000000000E+00     0.0000000000E+00     0.0000000000E+00     0.0000000000E+00
    0.1399635069E+04     0.0000000000E+00     0.0000000000E+00     0.0000000000E+00     0.0000000000E+00
    0.1401315885E+04     0.0000000000E+00     0.0000000000E+00     0.0000000000E+00     0.0000000000E+00
    0.1402884922E+04     0.0000000000E+00     0.0000000000E+00     0.0000000000E+00     0.0000000000E+00
    0.1404301540E+04     0.0000000000E+00     0.0000000000E+00     0.0000000000E+00     0.0000000000E+00
    0.1405529051E+04     0.0000000000E+00     0.0000000000E+00     0.0000000000E+00     0.0000000000E+00
    0.1406535658E+04     0.0000000000E+00     0.0000000000E+00     0.0000000000E+00     0.0000000000E+00
    0.1407295279E+04     0.0000000000E+00     0.0000000000E+00     0.0000000000E+00     0.0000000000E+00
    0.1407788181E+04     0.0000000000E+00     0.0000000000E+00     0.0000000000E+00     0.0000000000E+00
    0.1408000000E+04     0.0000000000E+00     0.0000000000E+00     0.0000000000E+00     0.0000000000E+00
    0.1408211819E+04     0.0000000000E+00     0.0000000000E+00     0.0000000000E+00     0.0000000000E+00
    0.1408704721E+04     0.0000000000E+00     0.0000000000E+00     0.0000000000E+00     0.0000000000E+00
    0.1409464342E+04     0.0000000000E+00     0.0000000000E+00     0.0000000000E+00     0.0000000000E+00
    0.1410470949E+04     0.0000000000E+00     0.0000000000E+00     0.0000000000E+00     0.0000000000E+00
    0.1411698460E+04     0.0000000000E+00     0.0000000000E+00     0.0000000000E+00     0.0000000000E+00
    0.1413115078E+04     0.0000000000E+00     0.0000000000E+00     0.0000000000E+00     0.0000000000E+00
    0.1414684115E+04     0.0000000000E+00     0.0000000000E+00     0.0000000000E+00     0.0000000000E+00
    0.1416364931E+04     0.0000000000E+00     0.0000000000E+00     0.0000000000E+00     0.0000000000E+00
    0.1418113995E+04     0.0000000000E+00     0.0000000000E+00     0.0000000000E+00     0.0000000000E+00
    0.1419886005E+04     0.0000000000E+00     0.0000000000E+00     0.0000000000E+00     0.0000000000E+00
    0.1421635069E+04     0.0000000000E+00     0.0000000000E+00     0.0000000000E+00     0.0000000000E+00
    0.1423315885E+04     0.0000000000E+00     0.0000000000E+00     0.0000000000E+00     0.0000000000E+00
    0.1424884922E+04     0.0000000000E+00     0.0000000000E+00     0.0000000000E+00     0.0000000000E+00
    0.1426301540E+04     0.0000000000E+00     0.0000000000E+00     0.0000000000E+00     0.0000000000E+00
    0.1427529051E+04     0.0000000000E+00     0.0000000000E+00     0.0000000000E+00     0.0000000000E+00
    0.1428535658E+04     0.0000000000E+00     0.0000000000E+00     0.0000000000E+00     0.0000000000E+00
    0.1429295279E+04     0.0000000000E+00     0.0000000000E+00     0.0000000000E+00     0.0000000000E+00
    0.1429788181E+04     0.0000000000E+00     0.0000000000E+00     0.0000000000E+00     0.0000000000E+00
    0.1430000000E+04     0.0000000000E+00     0.0000000000E+00     0.0000000000E+00     0.0000000000E+00
    0.1430211819E+04     0.0000000000E+00     0.0000000000E+00     0.0000000000E+00     0.0000000000E+00
    0.1430704721E+04     0.0000000000E+00     0.0000000000E+00     0.0000000000E+00     0.0000000000E+00
    0.1431464342E+04     0.0000000000E+00     0.0000000000E+00     0.0000000000E+00     0.0000000000E+00
    0.1432470949E+04     0.0000000000E+00     0.0000000000E+00     0.0000000000E+00     0.0000000000E+00
    0.1433698460E+04     0.0000000000E+00     0.0000000000E+00     0.0000000000E+00     0.0000000000E+00
    0.1435115078E+04     0.0000000000E+00     0.0000000000E+00     0.0000000000E+00     0.0000000000E+00
    0.1436684115E+04     0.0000000000E+00     0.0000000000E+00     0.0000000000E+00     0.0000000000E+00
    0.1438364931E+04     0.0000000000E+00     0.0000000000E+00     0.0000000000E+00     0.0000000000E+00
    0.1440113995E+04     0.0000000000E+00     0.0000000000E+00     0.0000000000E+00     0.0000000000E+00
    0.1441886005E+04     0.0000000000E+00     0.0000000000E+00     0.0000000000E+00     0.0000000000E+00
    0.1443635069E+04     0.0000000000E+00     0.0000000000E+00     0.0000000000E+00     0.0000000000E+00
    0.1445315885E+04     0.0000000000E+00     0.0000000000E+00     0.0000000000E+00     0.0000000000E+00
    0.1446884922E+04     0.0000000000E+00     0.0000000000E+00     0.0000000000E+00     0.0000000000E+00
    0.1448301540E+04     0.0000000000E+00     0.0000000000E+00     0.0000000000E+00     0.0000000000E+00
    0.1449529051E+04     0.0000000000E+00     0.0000000000E+00     0.0000000000E+00     0.0000000000E+00
    0.1450535658E+04     0.0000000000E+00     0.0000000000E+00     0.0000000000E+00     0.0000000000E+00
    0.1451295279E+04     0.0000000000E+00     0.0000000000E+00     0.0000000000E+00     0.0000000000E+00
    0.1451788181E+04     0.0000000000E+00     0.0000000000E+00     0.0000000000E+00     0.0000000000E+00
    0.1452000000E+04     0.0000000000E+00     0.0000000000E+00     0.0000000000E+00     0.0000000000E+00
    0.1452211819E+04     0.0000000000E+00     0.0000000000E+00     0.0000000000E+00     0.0000000000E+00
    0.1452704721E+04     0.0000000000E+00     0.0000000000E+00     0.0000000000E+00     0.0000000000E+00
    0.1453464342E+04     0.0000000000E+00     0.0000000000E+00     0.0000000000E+00     0.0000000000E+00
    0.1454470949E+04     0.0000000000E+00     0.0000000000E+00     0.0000000000E+00     0.0000000000E+00
    0.1455698460E+04     0.0000000000E+00     0.0000000000E+00     0.0000000000E+00     0.0000000000E+00
    0.1457115078E+04     0.0000000000E+00     0.0000000000E+00     0.0000000000E+00     0.0000000000E+00
    0.1458684115E+04     0.0000000000E+00     0.0000000000E+00     0.0000000000E+00     0.0000000000E+00
    0.1460364931E+04     0.0000000000E+00     0.0000000000E+00     0.0000000000E+00     0.0000000000E+00
    0.1462113995E+04     0.0000000000E+00     0.0000000000E+00     0.0000000000E+00     0.0000000000E+00
    0.1463886005E+04     0.0000000000E+00     0.0000000000E+00     0.0000000000E+00     0.0000000000E+00
    0.1465635069E+04     0.0000000000E+00     0.0000000000E+00     0.0000000000E+00     0.0000000000E+00
    0.1467315885E+04     0.0000000000E+00     0.0000000000E+00     0.0000000000E+00     0.0000000000E+00
    0.1468884922E+04     0.0000000000E+00     0.0000000000E+00     0.0000000000E+00     0.0000000000E+00
    0.1470301540E+04     0.0000000000E+00     0.0000000000E+00     0.0000000000E+00     0.0000000000E+00
    0.1471529051E+04     0.0000000000E+00     0.0000000000E+00     0.0000000000E+00     0.0000000000E+00
    0.1472535658E+04     0.0000000000E+00     0.0000000000E+00     0.0000000000E+00     0.0000000000E+00
    0.1473295279E+04     0.0000000000E+00     0.0000000000E+00     0.0000000000E+00     0.0000000000E+00
    0.1473788181E+04     0.0000000000E+00     0.0000000000E+00     0.0000000000E+00     0.0000000000E+00
    0.1474000000E+04     0.0000000000E+00     0.0000000000E+00     0.0000000000E+00     0.0000000000E+00
    0.1474211819E+04     0.0000000000E+00     0.0000000000E+00     0.0000000000E+00     0.0000000000E+00
    0.1474704721E+04     0.0000000000E+00     0.0000000000E+00     0.0000000000E+00     0.0000000000E+00
    0.1475464342E+04     0.0000000000E+00     0.0000000000E+00     0.0000000000E+00     0.0000000000E+00
    0.1476470949E+04     0.0000000000E+00     0.0000000000E+00     0.0000000000E+00     0.0000000000E+00
    0.1477698460E+04     0.0000000000E+00     0.0000000000E+00     0.0000000000E+00     0.0000000000E+00
    0.1479115078E+04     0.0000000000E+00     0.0000000000E+00     0.0000000000E+00     0.0000000000E+00
    0.1480684115E+04     0.0000000000E+00     0.0000000000E+00     0.0000000000E+00     0.0000000000E+00
    0.1482364931E+04     0.0000000000E+00     0.0000000000E+00     0.0000000000E+00     0.0000000000E+00
    0.1484113995E+04     0.0000000000E+00     0.0000000000E+00     0.0000000000E+00     0.0000000000E+00
    0.1485886005E+04     0.0000000000E+00     0.0000000000E+00     0.0000000000E+00     0.0000000000E+00
    0.1487635069E+04     0.0000000000E+00     0.0000000000E+00     0.0000000000E+00     0.0000000000E+00
    0.1489315885E+04     0.0000000000E+00     0.0000000000E+00     0.0000000000E+00     0.0000000000E+00
    0.1490884922E+04     0.0000000000E+00     0.0000000000E+00     0.0000000000E+00     0.0000000000E+00
    0.1492301540E+04     0.0000000000E+00     0.0000000000E+00     0.0000000000E+00     0.0000000000E+00
    0.1493529051E+04     0.0000000000E+00     0.0000000000E+00     0.0000000000E+00     0.0000000000E+00
    0.1494535658E+04     0.0000000000E+00     0.0000000000E+00     0.0000000000E+00     0.0000000000E+00
    0.1495295279E+04     0.0000000000E+00     0.0000000000E+00     0.0000000000E+00     0.0000000000E+00
    0.1495788181E+04     0.0000000000E+00     0.0000000000E+00     0.0000000000E+00     0.0000000000E+00
    0.1496000000E+04     0.0000000000E+00     0.0000000000E+00     0.0000000000E+00     0.0000000000E+00
    0.1496211819E+04     0.0000000000E+00     0.0000000000E+00     0.0000000000E+00     0.0000000000E+00
    0.1496704721E+04     0.0000000000E+00     0.0000000000E+00     0.0000000000E+00     0.0000000000E+00
    0.1497464342E+04     0.0000000000E+00     0.0000000000E+00     0.0000000000E+00     0.0000000000E+00
    0.1498470949E+04     0.0000000000E+00     0.0000000000E+00     0.0000000000E+00     0.0000000000E+00
    0.1499698460E+04     0.0000000000E+00     0.0000000000E+00     0.0000000000E+00     0.0000000000E+00
    0.1501115078E+04     0.0000000000E+00     0.0000000000E+00     0.0000000000E+00     0.0000000000E+00
    0.1502684115E+04     0.0000000000E+00     0.0000000000E+00     0.0000000000E+00     0.0000000000E+00
    0.1504364931E+04     0.0000000000E+00     0.0000000000E+00     0.0000000000E+00     0.0000000000E+00
    0.1506113995E+04     0.0000000000E+00     0.0000000000E+00     0.0000000000E+00     0.0000000000E+00
    0.1507886005E+04     0.0000000000E+00     0.0000000000E+00     0.0000000000E+00     0.0000000000E+00
    0.1509635069E+04     0.0000000000E+00     0.0000000000E+00     0.0000000000E+00     0.0000000000E+00
    0.1511315885E+04     0.0000000000E+00     0.0000000000E+00     0.0000000000E+00     0.0000000000E+00
    0.1512884922E+04     0.0000000000E+00     0.0000000000E+00     0.0000000000E+00     0.0000000000E+00
    0.1514301540E+04     0.0000000000E+00     0.0000000000E+00     0.0000000000E+00     0.0000000000E+00
    0.1515529051E+04     0.0000000000E+00     0.0000000000E+00     0.0000000000E+00     0.0000000000E+00
    0.1516535658E+04     0.0000000000E+00     0.0000000000E+00     0.0000000000E+00     0.0000000000E+00
    0.1517295279E+04     0.0000000000E+00     0.0000000000E+00     0.0000000000E+00     0.0000000000E+00
    0.1517788181E+04     0.0000000000E+00     0.0000000000E+00     0.0000000000E+00     0.0000000000E+00
    0.1518000000E+04     0.0000000000E+00     0.0000000000E+00     0.0000000000E+00     0.0000000000E+00
    0.1518211819E+04     0.0000000000E+00     0.0000000000E+00     0.0000000000E+00     0.0000000000E+00
    0.1518704721E+04     0.0000000000E+00     0.0000000000E+00     0.0000000000E+00     0.0000000000E+00
    0.1519464342E+04     0.0000000000E+00     0.0000000000E+00     0.0000000000E+00     0.0000000000E+00
    0.1520470949E+04     0.0000000000E+00     0.0000000000E+00     0.0000000000E+00     0.0000000000E+00
    0.1521698460E+04     0.0000000000E+00     0.0000000000E+00     0.0000000000E+00     0.0000000000E+00
    0.1523115078E+04     0.0000000000E+00     0.0000000000E+00     0.0000000000E+00     0.0000000000E+00
    0.1524684115E+04     0.0000000000E+00     0.0000000000E+00     0.0000000000E+00     0.0000000000E+00
    0.1526364931E+04     0.0000000000E+00     0.0000000000E+00     0.0000000000E+00     0.0000000000E+00
    0.1528113995E+04     0.0000000000E+00     0.0000000000E+00     0.0000000000E+00     0.0000000000E+00
    0.1529886005E+04     0.0000000000E+00     0.0000000000E+00     0.0000000000E+00     0.0000000000E+00
    0.1531635069E+04     0.0000000000E+00     0.0000000000E+00     0.0000000000E+00     0.0000000000E+00
    0.1533315885E+04     0.0000000000E+00     0.0000000000E+00     0.0000000000E+00     0.0000000000E+00
    0.1534884922E+04     0.0000000000E+00     0.0000000000E+00     0.0000000000E+00     0.0000000000E+00
    0.1536301540E+04     0.0000000000E+00     0.0000000000E+00     0.0000000000E+00     0.0000000000E+00
    0.1537529051E+04     0.0000000000E+00     0.0000000000E+00     0.0000000000E+00     0.0000000000E+00
    0.1538535658E+04     0.0000000000E+00     0.0000000000E+00     0.0000000000E+00     0.0000000000E+00
    0.1539295279E+04     0.0000000000E+00     0.0000000000E+00     0.0000000000E+00     0.0000000000E+00
    0.1539788181E+04     0.0000000000E+00     0.0000000000E+00     0.0000000000E+00     0.0000000000E+00
    0.1540000000E+04     0.0000000000E+00     0.0000000000E+00     0.0000000000E+00     0.0000000000E+00
    0.1540211819E+04     0.0000000000E+00     0.0000000000E+00     0.0000000000E+00     0.0000000000E+00
    0.1540704721E+04     0.0000000000E+00     0.0000000000E+00     0.0000000000E+00     0.0000000000E+00
    0.1541464342E+04     0.0000000000E+00     0.0000000000E+00     0.0000000000E+00     0.0000000000E+00
    0.1542470949E+04     0.0000000000E+00     0.0000000000E+00     0.0000000000E+00     0.0000000000E+00
    0.1543698460E+04     0.0000000000E+00     0.0000000000E+00     0.0000000000E+00     0.0000000000E+00
    0.1545115078E+04     0.0000000000E+00     0.0000000000E+00     0.0000000000E+00     0.0000000000E+00
    0.1546684115E+04     0.0000000000E+00     0.0000000000E+00     0.0000000000E+00     0.0000000000E+00
    0.1548364931E+04     0.0000000000E+00     0.0000000000E+00     0.0000000000E+00     0.0000000000E+00
    0.1550113995E+04     0.0000000000E+00     0.0000000000E+00     0.0000000000E+00     0.0000000000E+00
    0.1551886005E+04     0.0000000000E+00     0.0000000000E+00     0.0000000000E+00     0.0000000000E+00
    0.1553635069E+04     0.0000000000E+00     0.0000000000E+00     0.0000000000E+00     0.0000000000E+00
    0.1555315885E+04     0.0000000000E+00     0.0000000000E+00     0.0000000000E+00     0.0000000000E+00
    0.1556884922E+04     0.0000000000E+00     0.0000000000E+00     0.0000000000E+00     0.0000000000E+00
    0.1558301540E+04     0.0000000000E+00     0.0000000000E+00     0.0000000000E+00     0.0000000000E+00
    0.1559529051E+04     0.0000000000E+00     0.0000000000E+00     0.0000000000E+00     0.0000000000E+00
    0.1560535658E+04     0.0000000000E+00     0.0000000000E+00     0.0000000000E+00     0.0000000000E+00
    0.1561295279E+04     0.0000000000E+00     0.0000000000E+00     0.0000000000E+00     0.0000000000E+00
    0.1561788181E+04     0.0000000000E+00     0.0000000000E+00     0.0000000000E+00     0.0000000000E+00
    0.1562000000E+04     0.0000000000E+00     0.0000000000E+00     0.0000000000E+00     0.0000000000E+00
    0.1562211819E+04     0.0000000000E+00     0.0000000000E+00     0.0000000000E+00     0.0000000000E+00
    0.1562704721E+04     0.0000000000E+00     0.0000000000E+00     0.0000000000E+00     0.0000000000E+00
    0.1563464342E+04     0.0000000000E+00     0.0000000000E+00     0.0000000000E+00     0.0000000000E+00
    0.1564470949E+04     0.0000000000E+00     0.0000000000E+00     0.0000000000E+00     0.0000000000E+00
    0.1565698460E+04     0.0000000000E+00     0.0000000000E+00     0.0000000000E+00     0.0000000000E+00
    0.1567115078E+04     0.0000000000E+00     0.0000000000E+00     0.0000000000E+00     0.0000000000E+00
    0.1568684115E+04     0.0000000000E+00     0.0000000000E+00     0.0000000000E+00     0.0000000000E+00
    0.1570364931E+04     0.0000000000E+00     0.0000000000E+00     0.0000000000E+00     0.0000000000E+00
    0.1572113995E+04     0.0000000000E+00     0.0000000000E+00     0.0000000000E+00     0.0000000000E+00
    0.1573886005E+04     0.0000000000E+00     0.0000000000E+00     0.0000000000E+00     0.0000000000E+00
    0.1575635069E+04     0.0000000000E+00     0.0000000000E+00     0.0000000000E+00     0.0000000000E+00
    0.1577315885E+04     0.0000000000E+00     0.0000000000E+00     0.0000000000E+00     0.0000000000E+00
    0.1578884922E+04     0.0000000000E+00     0.0000000000E+00     0.0000000000E+00     0.0000000000E+00
    0.1580301540E+04     0.0000000000E+00     0.0000000000E+00     0.0000000000E+00     0.0000000000E+00
    0.1581529051E+04     0.0000000000E+00     0.0000000000E+00     0.0000000000E+00     0.0000000000E+00
    0.1582535658E+04     0.0000000000E+00     0.0000000000E+00     0.0000000000E+00     0.0000000000E+00
    0.1583295279E+04     0.0000000000E+00     0.0000000000E+00     0.0000000000E+00     0.0000000000E+00
    0.1583788181E+04     0.0000000000E+00     0.0000000000E+00     0.0000000000E+00     0.0000000000E+00
    0.1584000000E+04     0.0000000000E+00     0.0000000000E+00     0.0000000000E+00     0.0000000000E+00
    0.1584211819E+04     0.0000000000E+00     0.0000000000E+00     0.0000000000E+00     0.0000000000E+00
    0.1584704721E+04     0.0000000000E+00     0.0000000000E+00     0.0000000000E+00     0.0000000000E+00
    0.1585464342E+04     0.0000000000E+00     0.0000000000E+00     0.0000000000E+00     0.0000000000E+00
    0.1586470949E+04     0.0000000000E+00     0.0000000000E+00     0.0000000000E+00     0.0000000000E+00
    0.1587698460E+04     0.0000000000E+00     0.0000000000E+00     0.0000000000E+00     0.0000000000E+00
    0.1589115078E+04     0.0000000000E+00     0.0000000000E+00     0.0000000000E+00     0.0000000000E+00
    0.1590684115E+04     0.0000000000E+00     0.0000000000E+00     0.0000000000E+00     0.0000000000E+00
    0.1592364931E+04     0.0000000000E+00     0.0000000000E+00     0.0000000000E+00     0.0000000000E+00
    0.1594113995E+04     0.0000000000E+00     0.0000000000E+00     0.0000000000E+00     0.0000000000E+00
    0.1595886005E+04     0.0000000000E+00     0.0000000000E+00     0.0000000000E+00     0.0000000000E+00
    0.1597635069E+04     0.0000000000E+00     0.0000000000E+00     0.0000000000E+00     0.0000000000E+00
    0.1599315885E+04     0.0000000000E+00     0.0000000000E+00     0.0000000000E+00     0.0000000000E+00
    0.1600884922E+04     0.0000000000E+00     0.0000000000E+00     0.0000000000E+00     0.0000000000E+00
    0.1602301540E+04     0.0000000000E+00     0.0000000000E+00     0.0000000000E+00     0.0000000000E+00
    0.1603529051E+04     0.0000000000E+00     0.0000000000E+00     0.0000000000E+00     0.0000000000E+00
    0.1604535658E+04     0.0000000000E+00     0.0000000000E+00     0.0000000000E+00     0.0000000000E+00
    0.1605295279E+04     0.0000000000E+00     0.0000000000E+00     0.0000000000E+00     0.0000000000E+00
    0.1605788181E+04     0.0000000000E+00     0.0000000000E+00     0.0000000000E+00     0.0000000000E+00
    0.1606000000E+04     0.0000000000E+00     0.0000000000E+00     0.0000000000E+00     0.0000000000E+00
    0.1606211819E+04     0.0000000000E+00     0.0000000000E+00     0.0000000000E+00     0.0000000000E+00
    0.1606704721E+04     0.0000000000E+00     0.0000000000E+00     0.0000000000E+00     0.0000000000E+00
    0.1607464342E+04     0.0000000000E+00     0.0000000000E+00     0.0000000000E+00     0.0000000000E+00
    0.1608470949E+04     0.0000000000E+00     0.0000000000E+00     0.0000000000E+00     0.0000000000E+00
    0.1609698460E+04     0.0000000000E+00     0.0000000000E+00     0.0000000000E+00     0.0000000000E+00
    0.1611115078E+04     0.0000000000E+00     0.0000000000E+00     0.0000000000E+00     0.0000000000E+00
    0.1612684115E+04     0.0000000000E+00     0.0000000000E+00     0.0000000000E+00     0.0000000000E+00
    0.1614364931E+04     0.0000000000E+00     0.0000000000E+00     0.0000000000E+00     0.0000000000E+00
    0.1616113995E+04     0.0000000000E+00     0.0000000000E+00     0.0000000000E+00     0.0000000000E+00
    0.1617886005E+04     0.0000000000E+00     0.0000000000E+00     0.0000000000E+00     0.0000000000E+00
    0.1619635069E+04     0.0000000000E+00     0.0000000000E+00     0.0000000000E+00     0.0000000000E+00
    0.1621315885E+04     0.0000000000E+00     0.0000000000E+00     0.0000000000E+00     0.0000000000E+00
    0.1622884922E+04     0.0000000000E+00     0.0000000000E+00     0.0000000000E+00     0.0000000000E+00
    0.1624301540E+04     0.0000000000E+00     0.0000000000E+00     0.0000000000E+00     0.0000000000E+00
    0.1625529051E+04     0.0000000000E+00     0.0000000000E+00     0.0000000000E+00     0.0000000000E+00
    0.1626535658E+04     0.0000000000E+00     0.0000000000E+00     0.0000000000E+00     0.0000000000E+00
    0.1627295279E+04     0.0000000000E+00     0.0000000000E+00     0.0000000000E+00     0.0000000000E+00
    0.1627788181E+04     0.0000000000E+00     0.0000000000E+00     0.0000000000E+00     0.0000000000E+00
    0.1628000000E+04     0.0000000000E+00     0.0000000000E+00     0.0000000000E+00     0.0000000000E+00
    0.1628211819E+04     0.0000000000E+00     0.0000000000E+00     0.0000000000E+00     0.0000000000E+00
    0.1628704721E+04     0.0000000000E+00     0.0000000000E+00     0.0000000000E+00     0.0000000000E+00
    0.1629464342E+04     0.0000000000E+00     0.0000000000E+00     0.0000000000E+00     0.0000000000E+00
    0.1630470949E+04     0.0000000000E+00     0.0000000000E+00     0.0000000000E+00     0.0000000000E+00
    0.1631698460E+04     0.0000000000E+00     0.0000000000E+00     0.0000000000E+00     0.0000000000E+00
    0.1633115078E+04     0.0000000000E+00     0.0000000000E+00     0.0000000000E+00     0.0000000000E+00
    0.1634684115E+04     0.0000000000E+00     0.0000000000E+00     0.0000000000E+00     0.0000000000E+00
    0.1636364931E+04     0.0000000000E+00     0.0000000000E+00     0.0000000000E+00     0.0000000000E+00
    0.1638113995E+04     0.0000000000E+00     0.0000000000E+00     0.0000000000E+00     0.0000000000E+00
    0.1639886005E+04     0.0000000000E+00     0.0000000000E+00     0.0000000000E+00     0.0000000000E+00
    0.1641635069E+04     0.0000000000E+00     0.0000000000E+00     0.0000000000E+00     0.0000000000E+00
    0.1643315885E+04     0.0000000000E+00     0.0000000000E+00     0.0000000000E+00     0.0000000000E+00
    0.1644884922E+04     0.0000000000E+00     0.0000000000E+00     0.0000000000E+00     0.0000000000E+00
    0.1646301540E+04     0.0000000000E+00     0.0000000000E+00     0.0000000000E+00     0.0000000000E+00
    0.1647529051E+04     0.0000000000E+00     0.0000000000E+00     0.0000000000E+00     0.0000000000E+00
    0.1648535658E+04     0.0000000000E+00     0.0000000000E+00     0.0000000000E+00     0.0000000000E+00
    0.1649295279E+04     0.0000000000E+00     0.0000000000E+00     0.0000000000E+00     0.0000000000E+00
    0.1649788181E+04     0.0000000000E+00     0.0000000000E+00     0.0000000000E+00     0.0000000000E+00
    0.1650000000E+04     0.0000000000E+00     0.0000000000E+00     0.0000000000E+00     0.0000000000E+00
    0.1650211819E+04     0.0000000000E+00     0.0000000000E+00     0.0000000000E+00     0.0000000000E+00
    0.1650704721E+04     0.0000000000E+00     0.0000000000E+00     0.0000000000E+00     0.0000000000E+00
    0.1651464342E+04     0.0000000000E+00     0.0000000000E+00     0.0000000000E+00     0.0000000000E+00
    0.1652470949E+04     0.0000000000E+00     0.0000000000E+00     0.0000000000E+00     0.0000000000E+00
    0.1653698460E+04     0.0000000000E+00     0.0000000000E+00     0.0000000000E+00     0.0000000000E+00
    0.1655115078E+04     0.0000000000E+00     0.0000000000E+00     0.0000000000E+00     0.0000000000E+00
    0.1656684115E+04     0.0000000000E+00     0.0000000000E+00     0.0000000000E+00     0.0000000000E+00
    0.1658364931E+04     0.0000000000E+00     0.0000000000E+00     0.0000000000E+00     0.0000000000E+00
    0.1660113995E+04     0.0000000000E+00     0.0000000000E+00     0.0000000000E+00     0.0000000000E+00
    0.1661886005E+04     0.0000000000E+00     0.0000000000E+00     0.0000000000E+00     0.0000000000E+00
    0.1663635069E+04     0.0000000000E+00     0.0000000000E+00     0.0000000000E+00     0.0000000000E+00
    0.1665315885E+04     0.0000000000E+00     0.0000000000E+00     0.0000000000E+00     0.0000000000E+00
    0.1666884922E+04     0.0000000000E+00     0.0000000000E+00     0.0000000000E+00     0.0000000000E+00
    0.1668301540E+04     0.0000000000E+00     0.0000000000E+00     0.0000000000E+00     0.0000000000E+00
    0.1669529051E+04     0.0000000000E+00     0.0000000000E+00     0.0000000000E+00     0.0000000000E+00
    0.1670535658E+04     0.0000000000E+00     0.0000000000E+00     0.0000000000E+00     0.0000000000E+00
    0.1671295279E+04     0.0000000000E+00     0.0000000000E+00     0.0000000000E+00     0.0000000000E+00
    0.1671788181E+04     0.0000000000E+00     0.0000000000E+00     0.0000000000E+00     0.0000000000E+00
    0.1672000000E+04     0.0000000000E+00     0.0000000000E+00     0.0000000000E+00     0.0000000000E+00
    0.1672211819E+04     0.0000000000E+00     0.0000000000E+00     0.0000000000E+00     0.0000000000E+00
    0.1672704721E+04     0.0000000000E+00     0.0000000000E+00     0.0000000000E+00     0.0000000000E+00
    0.1673464342E+04     0.0000000000E+00     0.0000000000E+00     0.0000000000E+00     0.0000000000E+00
    0.1674470949E+04     0.0000000000E+00     0.0000000000E+00     0.0000000000E+00     0.0000000000E+00
    0.1675698460E+04     0.0000000000E+00     0.0000000000E+00     0.0000000000E+00     0.0000000000E+00
    0.1677115078E+04     0.0000000000E+00     0.0000000000E+00     0.0000000000E+00     0.0000000000E+00
    0.1678684115E+04     0.0000000000E+00     0.0000000000E+00     0.0000000000E+00     0.0000000000E+00
    0.1680364931E+04     0.0000000000E+00     0.0000000000E+00     0.0000000000E+00     0.0000000000E+00
    0.1682113995E+04     0.0000000000E+00     0.0000000000E+00     0.0000000000E+00     0.0000000000E+00
    0.1683886005E+04     0.0000000000E+00     0.0000000000E+00     0.0000000000E+00     0.0000000000E+00
    0.1685635069E+04     0.0000000000E+00     0.0000000000E+00     0.0000000000E+00     0.0000000000E+00
    0.1687315885E+04     0.0000000000E+00     0.0000000000E+00     0.0000000000E+00     0.0000000000E+00
    0.1688884922E+04     0.0000000000E+00     0.0000000000E+00     0.0000000000E+00     0.0000000000E+00
    0.1690301540E+04     0.0000000000E+00     0.0000000000E+00     0.0000000000E+00     0.0000000000E+00
    0.1691529051E+04     0.0000000000E+00     0.0000000000E+00     0.0000000000E+00     0.0000000000E+00
    0.1692535658E+04     0.0000000000E+00     0.0000000000E+00     0.0000000000E+00     0.0000000000E+00
    0.1693295279E+04     0.0000000000E+00     0.0000000000E+00     0.0000000000E+00     0.0000000000E+00
    0.1693788181E+04     0.0000000000E+00     0.0000000000E+00     0.0000000000E+00     0.0000000000E+00
    0.1694000000E+04     0.0000000000E+00     0.0000000000E+00     0.0000000000E+00     0.0000000000E+00
    0.1694211819E+04     0.0000000000E+00     0.0000000000E+00     0.0000000000E+00     0.0000000000E+00
    0.1694704721E+04     0.0000000000E+00     0.0000000000E+00     0.0000000000E+00     0.0000000000E+00
    0.1695464342E+04     0.0000000000E+00     0.0000000000E+00     0.0000000000E+00     0.0000000000E+00
    0.1696470949E+04     0.0000000000E+00     0.0000000000E+00     0.0000000000E+00     0.0000000000E+00
    0.1697698460E+04     0.0000000000E+00     0.0000000000E+00     0.0000000000E+00     0.0000000000E+00
    0.1699115078E+04     0.0000000000E+00     0.0000000000E+00     0.0000000000E+00     0.0000000000E+00
    0.1700684115E+04     0.0000000000E+00     0.0000000000E+00     0.0000000000E+00     0.0000000000E+00
    0.1702364931E+04     0.0000000000E+00     0.0000000000E+00     0.0000000000E+00     0.0000000000E+00
    0.1704113995E+04     0.0000000000E+00     0.0000000000E+00     0.0000000000E+00     0.0000000000E+00
    0.1705886005E+04     0.0000000000E+00     0.0000000000E+00     0.0000000000E+00     0.0000000000E+00
    0.1707635069E+04     0.0000000000E+00     0.0000000000E+00     0.0000000000E+00     0.0000000000E+00
    0.1709315885E+04     0.0000000000E+00     0.0000000000E+00     0.0000000000E+00     0.0000000000E+00
    0.1710884922E+04     0.0000000000E+00     0.0000000000E+00     0.0000000000E+00     0.0000000000E+00
    0.1712301540E+04     0.0000000000E+00     0.0000000000E+00     0.0000000000E+00     0.0000000000E+00
    0.1713529051E+04     0.0000000000E+00     0.0000000000E+00     0.0000000000E+00     0.0000000000E+00
    0.1714535658E+04     0.0000000000E+00     0.0000000000E+00     0.0000000000E+00     0.0000000000E+00
    0.1715295279E+04     0.0000000000E+00     0.0000000000E+00     0.0000000000E+00     0.0000000000E+00
    0.1715788181E+04     0.0000000000E+00     0.0000000000E+00     0.0000000000E+00     0.0000000000E+00
    0.1716000000E+04     0.0000000000E+00     0.0000000000E+00     0.0000000000E+00     0.0000000000E+00
    0.1716211819E+04     0.0000000000E+00     0.0000000000E+00     0.0000000000E+00     0.0000000000E+00
    0.1716704721E+04     0.0000000000E+00     0.0000000000E+00     0.0000000000E+00     0.0000000000E+00
    0.1717464342E+04     0.0000000000E+00     0.0000000000E+00     0.0000000000E+00     0.0000000000E+00
    0.1718470949E+04     0.0000000000E+00     0.0000000000E+00     0.0000000000E+00     0.0000000000E+00
    0.1719698460E+04     0.0000000000E+00     0.0000000000E+00     0.0000000000E+00     0.0000000000E+00
    0.1721115078E+04     0.0000000000E+00     0.0000000000E+00     0.0000000000E+00     0.0000000000E+00
    0.1722684115E+04     0.0000000000E+00     0.0000000000E+00     0.0000000000E+00     0.0000000000E+00
    0.1724364931E+04     0.0000000000E+00     0.0000000000E+00     0.0000000000E+00     0.0000000000E+00
    0.1726113995E+04     0.0000000000E+00     0.0000000000E+00     0.0000000000E+00     0.0000000000E+00
    0.1727886005E+04     0.0000000000E+00     0.0000000000E+00     0.0000000000E+00     0.0000000000E+00
    0.1729635069E+04     0.0000000000E+00     0.0000000000E+00     0.0000000000E+00     0.0000000000E+00
    0.1731315885E+04     0.0000000000E+00     0.0000000000E+00     0.0000000000E+00     0.0000000000E+00
    0.1732884922E+04     0.0000000000E+00     0.0000000000E+00     0.0000000000E+00     0.0000000000E+00
    0.1734301540E+04     0.0000000000E+00     0.0000000000E+00     0.0000000000E+00     0.0000000000E+00
    0.1735529051E+04     0.0000000000E+00     0.0000000000E+00     0.0000000000E+00     0.0000000000E+00
    0.1736535658E+04     0.0000000000E+00     0.0000000000E+00     0.0000000000E+00     0.0000000000E+00
    0.1737295279E+04     0.0000000000E+00     0.0000000000E+00     0.0000000000E+00     0.0000000000E+00
    0.1737788181E+04     0.0000000000E+00     0.0000000000E+00     0.0000000000E+00     0.0000000000E+00
    0.1738000000E+04     0.0000000000E+00     0.0000000000E+00     0.0000000000E+00     0.0000000000E+00
    0.1738211819E+04     0.0000000000E+00     0.0000000000E+00     0.0000000000E+00     0.0000000000E+00
    0.1738704721E+04     0.0000000000E+00     0.0000000000E+00     0.0000000000E+00     0.0000000000E+00
    0.1739464342E+04     0.0000000000E+00     0.0000000000E+00     0.0000000000E+00     0.0000000000E+00
    0.1740470949E+04     0.0000000000E+00     0.0000000000E+00     0.0000000000E+00     0.0000000000E+00
    0.1741698460E+04     0.0000000000E+00     0.0000000000E+00     0.0000000000E+00     0.0000000000E+00
    0.1743115078E+04     0.0000000000E+00     0.0000000000E+00     0.0000000000E+00     0.0000000000E+00
    0.1744684115E+04     0.0000000000E+00     0.0000000000E+00     0.0000000000E+00     0.0000000000E+00
    0.1746364931E+04     0.0000000000E+00     0.0000000000E+00     0.0000000000E+00     0.0000000000E+00
    0.1748113995E+04     0.0000000000E+00     0.0000000000E+00     0.0000000000E+00     0.0000000000E+00
    0.1749886005E+04     0.0000000000E+00     0.0000000000E+00     0.0000000000E+00     0.0000000000E+00
    0.1751635069E+04     0.0000000000E+00     0.0000000000E+00     0.0000000000E+00     0.0000000000E+00
    0.1753315885E+04     0.0000000000E+00     0.0000000000E+00     0.0000000000E+00     0.0000000000E+00
    0.1754884922E+04     0.0000000000E+00     0.0000000000E+00     0.0000000000E+00     0.0000000000E+00
    0.1756301540E+04     0.0000000000E+00     0.0000000000E+00     0.0000000000E+00     0.0000000000E+00
    0.1757529051E+04     0.0000000000E+00     0.0000000000E+00     0.0000000000E+00     0.0000000000E+00
    0.1758535658E+04     0.0000000000E+00     0.0000000000E+00     0.0000000000E+00     0.0000000000E+00
    0.1759295279E+04     0.0000000000E+00     0.0000000000E+00     0.0000000000E+00     0.0000000000E+00
    0.1759788181E+04     0.0000000000E+00     0.0000000000E+00     0.0000000000E+00     0.0000000000E+00
    0.1760000000E+04     0.0000000000E+00     0.0000000000E+00     0.0000000000E+00     0.0000000000E+00
    0.1760211819E+04     0.0000000000E+00     0.0000000000E+00     0.0000000000E+00     0.0000000000E+00
    0.1760704721E+04     0.0000000000E+00     0.0000000000E+00     0.0000000000E+00     0.0000000000E+00
    0.1761464342E+04     0.0000000000E+00     0.0000000000E+00     0.0000000000E+00     0.0000000000E+00
    0.1762470949E+04     0.0000000000E+00     0.0000000000E+00     0.0000000000E+00     0.0000000000E+00
    0.1763698460E+04     0.0000000000E+00     0.0000000000E+00     0.0000000000E+00     0.0000000000E+00
    0.1765115078E+04     0.0000000000E+00     0.0000000000E+00     0.0000000000E+00     0.0000000000E+00
    0.1766684115E+04     0.0000000000E+00     0.0000000000E+00     0.0000000000E+00     0.0000000000E+00
    0.1768364931E+04     0.0000000000E+00     0.0000000000E+00     0.0000000000E+00     0.0000000000E+00
    0.1770113995E+04     0.0000000000E+00     0.0000000000E+00     0.0000000000E+00     0.0000000000E+00
    0.1771886005E+04     0.0000000000E+00     0.0000000000E+00     0.0000000000E+00     0.0000000000E+00
    0.1773635069E+04     0.0000000000E+00     0.0000000000E+00     0.0000000000E+00     0.0000000000E+00
    0.1775315885E+04     0.0000000000E+00     0.0000000000E+00     0.0000000000E+00     0.0000000000E+00
    0.1776884922E+04     0.0000000000E+00     0.0000000000E+00     0.0000000000E+00     0.0000000000E+00
    0.1778301540E+04     0.0000000000E+00     0.0000000000E+00     0.0000000000E+00     0.0000000000E+00
    0.1779529051E+04     0.0000000000E+00     0.0000000000E+00     0.0000000000E+00     0.0000000000E+00
    0.1780535658E+04     0.0000000000E+00     0.0000000000E+00     0.0000000000E+00     0.0000000000E+00
    0.1781295279E+04     0.0000000000E+00     0.0000000000E+00     0.0000000000E+00     0.0000000000E+00
    0.1781788181E+04     0.0000000000E+00     0.0000000000E+00     0.0000000000E+00     0.0000000000E+00
    0.1782000000E+04     0.0000000000E+00     0.0000000000E+00     0.0000000000E+00     0.0000000000E+00
    0.1782211819E+04     0.0000000000E+00     0.0000000000E+00     0.0000000000E+00     0.0000000000E+00
    0.1782704721E+04     0.0000000000E+00     0.0000000000E+00     0.0000000000E+00     0.0000000000E+00
    0.1783464342E+04     0.0000000000E+00     0.0000000000E+00     0.0000000000E+00     0.0000000000E+00
    0.1784470949E+04     0.0000000000E+00     0.0000000000E+00     0.0000000000E+00     0.0000000000E+00
    0.1785698460E+04     0.0000000000E+00     0.0000000000E+00     0.0000000000E+00     0.0000000000E+00
    0.1787115078E+04     0.0000000000E+00     0.0000000000E+00     0.0000000000E+00     0.0000000000E+00
    0.1788684115E+04     0.0000000000E+00     0.0000000000E+00     0.0000000000E+00     0.0000000000E+00
    0.1790364931E+04     0.0000000000E+00     0.0000000000E+00     0.0000000000E+00     0.0000000000E+00
    0.1792113995E+04     0.0000000000E+00     0.0000000000E+00     0.0000000000E+00     0.0000000000E+00
    0.1793886005E+04     0.0000000000E+00     0.0000000000E+00     0.0000000000E+00     0.0000000000E+00
    0.1795635069E+04     0.0000000000E+00     0.0000000000E+00     0.0000000000E+00     0.0000000000E+00
    0.1797315885E+04     0.0000000000E+00     0.0000000000E+00     0.0000000000E+00     0.0000000000E+00
    0.1798884922E+04     0.0000000000E+00     0.0000000000E+00     0.0000000000E+00     0.0000000000E+00
    0.1800301540E+04     0.0000000000E+00     0.0000000000E+00     0.0000000000E+00     0.0000000000E+00
    0.1801529051E+04     0.0000000000E+00     0.0000000000E+00     0.0000000000E+00     0.0000000000E+00
    0.1802535658E+04     0.0000000000E+00     0.0000000000E+00     0.0000000000E+00     0.0000000000E+00
    0.1803295279E+04     0.0000000000E+00     0.0000000000E+00     0.0000000000E+00     0.0000000000E+00
    0.1803788181E+04     0.0000000000E+00     0.0000000000E+00     0.0000000000E+00     0.0000000000E+00
    0.1804000000E+04     0.0000000000E+00     0.0000000000E+00     0.0000000000E+00     0.0000000000E+00
    0.1804211819E+04     0.0000000000E+00     0.0000000000E+00     0.0000000000E+00     0.0000000000E+00
    0.1804704721E+04     0.0000000000E+00     0.0000000000E+00     0.0000000000E+00     0.0000000000E+00
    0.1805464342E+04     0.0000000000E+00     0.0000000000E+00     0.0000000000E+00     0.0000000000E+00
    0.1806470949E+04     0.0000000000E+00     0.0000000000E+00     0.0000000000E+00     0.0000000000E+00
    0.1807698460E+04     0.0000000000E+00     0.0000000000E+00     0.0000000000E+00     0.0000000000E+00
    0.1809115078E+04     0.0000000000E+00     0.0000000000E+00     0.0000000000E+00     0.0000000000E+00
    0.1810684115E+04     0.0000000000E+00     0.0000000000E+00     0.0000000000E+00     0.0000000000E+00
    0.1812364931E+04     0.0000000000E+00     0.0000000000E+00     0.0000000000E+00     0.0000000000E+00
    0.1814113995E+04     0.0000000000E+00     0.0000000000E+00     0.0000000000E+00     0.0000000000E+00
    0.1815886005E+04     0.0000000000E+00     0.0000000000E+00     0.0000000000E+00     0.0000000000E+00
    0.1817635069E+04     0.0000000000E+00     0.0000000000E+00     0.0000000000E+00     0.0000000000E+00
    0.1819315885E+04     0.0000000000E+00     0.0000000000E+00     0.0000000000E+00     0.0000000000E+00
    0.1820884922E+04     0.0000000000E+00     0.0000000000E+00     0.0000000000E+00     0.0000000000E+00
    0.1822301540E+04     0.0000000000E+00     0.0000000000E+00     0.0000000000E+00     0.0000000000E+00
    0.1823529051E+04     0.0000000000E+00     0.0000000000E+00     0.0000000000E+00     0.0000000000E+00
    0.1824535658E+04     0.0000000000E+00     0.0000000000E+00     0.0000000000E+00     0.0000000000E+00
    0.1825295279E+04     0.0000000000E+00     0.0000000000E+00     0.0000000000E+00     0.0000000000E+00
    0.1825788181E+04     0.0000000000E+00     0.0000000000E+00     0.0000000000E+00     0.0000000000E+00
    0.1826000000E+04     0.0000000000E+00     0.0000000000E+00     0.0000000000E+00     0.0000000000E+00
    0.1826211819E+04     0.0000000000E+00     0.0000000000E+00     0.0000000000E+00     0.0000000000E+00
    0.1826704721E+04     0.0000000000E+00     0.0000000000E+00     0.0000000000E+00     0.0000000000E+00
    0.1827464342E+04     0.0000000000E+00     0.0000000000E+00     0.0000000000E+00     0.0000000000E+00
    0.1828470949E+04     0.0000000000E+00     0.0000000000E+00     0.0000000000E+00     0.0000000000E+00
    0.1829698460E+04     0.0000000000E+00     0.0000000000E+00     0.0000000000E+00     0.0000000000E+00
    0.1831115078E+04     0.0000000000E+00     0.0000000000E+00     0.0000000000E+00     0.0000000000E+00
    0.1832684115E+04     0.0000000000E+00     0.0000000000E+00     0.0000000000E+00     0.0000000000E+00
    0.1834364931E+04     0.0000000000E+00     0.0000000000E+00     0.0000000000E+00     0.0000000000E+00
    0.1836113995E+04     0.0000000000E+00     0.0000000000E+00     0.0000000000E+00     0.0000000000E+00
    0.1837886005E+04     0.0000000000E+00     0.0000000000E+00     0.0000000000E+00     0.0000000000E+00
    0.1839635069E+04     0.0000000000E+00     0.0000000000E+00     0.0000000000E+00     0.0000000000E+00
    0.1841315885E+04     0.0000000000E+00     0.0000000000E+00     0.0000000000E+00     0.0000000000E+00
    0.1842884922E+04     0.0000000000E+00     0.0000000000E+00     0.0000000000E+00     0.0000000000E+00
    0.1844301540E+04     0.0000000000E+00     0.0000000000E+00     0.0000000000E+00     0.0000000000E+00
    0.1845529051E+04     0.0000000000E+00     0.0000000000E+00     0.0000000000E+00     0.0000000000E+00
    0.1846535658E+04     0.0000000000E+00     0.0000000000E+00     0.0000000000E+00     0.0000000000E+00
    0.1847295279E+04     0.0000000000E+00     0.0000000000E+00     0.0000000000E+00     0.0000000000E+00
    0.1847788181E+04     0.0000000000E+00     0.0000000000E+00     0.0000000000E+00     0.0000000000E+00
    0.1848000000E+04     0.0000000000E+00     0.0000000000E+00     0.0000000000E+00     0.0000000000E+00
    0.1848211819E+04     0.0000000000E+00     0.0000000000E+00     0.0000000000E+00     0.0000000000E+00
    0.1848704721E+04     0.0000000000E+00     0.0000000000E+00     0.0000000000E+00     0.0000000000E+00
    0.1849464342E+04     0.0000000000E+00     0.0000000000E+00     0.0000000000E+00     0.0000000000E+00
    0.1850470949E+04     0.0000000000E+00     0.0000000000E+00     0.0000000000E+00     0.0000000000E+00
    0.1851698460E+04     0.0000000000E+00     0.0000000000E+00     0.0000000000E+00     0.0000000000E+00
    0.1853115078E+04     0.0000000000E+00     0.0000000000E+00     0.0000000000E+00     0.0000000000E+00
    0.1854684115E+04     0.0000000000E+00     0.0000000000E+00     0.0000000000E+00     0.0000000000E+00
    0.1856364931E+04     0.0000000000E+00     0.0000000000E+00     0.0000000000E+00     0.0000000000E+00
    0.1858113995E+04     0.0000000000E+00     0.0000000000E+00     0.0000000000E+00     0.0000000000E+00
    0.1859886005E+04     0.0000000000E+00     0.0000000000E+00     0.0000000000E+00     0.0000000000E+00
    0.1861635069E+04     0.0000000000E+00     0.0000000000E+00     0.0000000000E+00     0.0000000000E+00
    0.1863315885E+04     0.0000000000E+00     0.0000000000E+00     0.0000000000E+00     0.0000000000E+00
    0.1864884922E+04     0.0000000000E+00     0.0000000000E+00     0.0000000000E+00     0.0000000000E+00
    0.1866301540E+04     0.0000000000E+00     0.0000000000E+00     0.0000000000E+00     0.0000000000E+00
    0.1867529051E+04     0.0000000000E+00     0.0000000000E+00     0.0000000000E+00     0.0000000000E+00
    0.1868535658E+04     0.0000000000E+00     0.0000000000E+00     0.0000000000E+00     0.0000000000E+00
    0.1869295279E+04     0.0000000000E+00     0.0000000000E+00     0.0000000000E+00     0.0000000000E+00
    0.1869788181E+04     0.0000000000E+00     0.0000000000E+00     0.0000000000E+00     0.0000000000E+00
    0.1870000000E+04     0.0000000000E+00     0.0000000000E+00     0.0000000000E+00     0.0000000000E+00
    0.1870211819E+04     0.0000000000E+00     0.0000000000E+00     0.0000000000E+00     0.0000000000E+00
    0.1870704721E+04     0.0000000000E+00     0.0000000000E+00     0.0000000000E+00     0.0000000000E+00
    0.1871464342E+04     0.0000000000E+00     0.0000000000E+00     0.0000000000E+00     0.0000000000E+00
    0.1872470949E+04     0.0000000000E+00     0.0000000000E+00     0.0000000000E+00     0.0000000000E+00
    0.1873698460E+04     0.0000000000E+00     0.0000000000E+00     0.0000000000E+00     0.0000000000E+00
    0.1875115078E+04     0.0000000000E+00     0.0000000000E+00     0.0000000000E+00     0.0000000000E+00
    0.1876684115E+04     0.0000000000E+00     0.0000000000E+00     0.0000000000E+00     0.0000000000E+00
    0.1878364931E+04     0.0000000000E+00     0.0000000000E+00     0.0000000000E+00     0.0000000000E+00
    0.1880113995E+04     0.0000000000E+00     0.0000000000E+00     0.0000000000E+00     0.0000000000E+00
    0.1881886005E+04     0.0000000000E+00     0.0000000000E+00     0.0000000000E+00     0.0000000000E+00
    0.1883635069E+04     0.0000000000E+00     0.0000000000E+00     0.0000000000E+00     0.0000000000E+00
    0.1885315885E+04     0.0000000000E+00     0.0000000000E+00     0.0000000000E+00     0.0000000000E+00
    0.1886884922E+04     0.0000000000E+00     0.0000000000E+00     0.0000000000E+00     0.0000000000E+00
    0.1888301540E+04     0.0000000000E+00     0.0000000000E+00     0.0000000000E+00     0.0000000000E+00
    0.1889529051E+04     0.0000000000E+00     0.0000000000E+00     0.0000000000E+00     0.0000000000E+00
    0.1890535658E+04     0.0000000000E+00     0.0000000000E+00     0.0000000000E+00     0.0000000000E+00
    0.1891295279E+04     0.0000000000E+00     0.0000000000E+00     0.0000000000E+00     0.0000000000E+00
    0.1891788181E+04     0.0000000000E+00     0.0000000000E+00     0.0000000000E+00     0.0000000000E+00
    0.1892000000E+04     0.0000000000E+00     0.0000000000E+00     0.0000000000E+00     0.0000000000E+00
    0.1892211819E+04     0.0000000000E+00     0.0000000000E+00     0.0000000000E+00     0.0000000000E+00
    0.1892704721E+04     0.0000000000E+00     0.0000000000E+00     0.0000000000E+00     0.0000000000E+00
    0.1893464342E+04     0.0000000000E+00     0.0000000000E+00     0.0000000000E+00     0.0000000000E+00
    0.1894470949E+04     0.0000000000E+00     0.0000000000E+00     0.0000000000E+00     0.0000000000E+00
    0.1895698460E+04     0.0000000000E+00     0.0000000000E+00     0.0000000000E+00     0.0000000000E+00
    0.1897115078E+04     0.0000000000E+00     0.0000000000E+00     0.0000000000E+00     0.0000000000E+00
    0.1898684115E+04     0.0000000000E+00     0.0000000000E+00     0.0000000000E+00     0.0000000000E+00
    0.1900364931E+04     0.0000000000E+00     0.0000000000E+00     0.0000000000E+00     0.0000000000E+00
    0.1902113995E+04     0.0000000000E+00     0.0000000000E+00     0.0000000000E+00     0.0000000000E+00
    0.1903886005E+04     0.0000000000E+00     0.0000000000E+00     0.0000000000E+00     0.0000000000E+00
    0.1905635069E+04     0.0000000000E+00     0.0000000000E+00     0.0000000000E+00     0.0000000000E+00
    0.1907315885E+04     0.0000000000E+00     0.0000000000E+00     0.0000000000E+00     0.0000000000E+00
    0.1908884922E+04     0.0000000000E+00     0.0000000000E+00     0.0000000000E+00     0.0000000000E+00
    0.1910301540E+04     0.0000000000E+00     0.0000000000E+00     0.0000000000E+00     0.0000000000E+00
    0.1911529051E+04     0.0000000000E+00     0.0000000000E+00     0.0000000000E+00     0.0000000000E+00
    0.1912535658E+04     0.0000000000E+00     0.0000000000E+00     0.0000000000E+00     0.0000000000E+00
    0.1913295279E+04     0.0000000000E+00     0.0000000000E+00     0.0000000000E+00     0.0000000000E+00
    0.1913788181E+04     0.0000000000E+00     0.0000000000E+00     0.0000000000E+00     0.0000000000E+00
    0.1914000000E+04     0.0000000000E+00     0.0000000000E+00     0.0000000000E+00     0.0000000000E+00
    0.1914211819E+04     0.0000000000E+00     0.0000000000E+00     0.0000000000E+00     0.0000000000E+00
    0.1914704721E+04     0.0000000000E+00     0.0000000000E+00     0.0000000000E+00     0.0000000000E+00
    0.1915464342E+04     0.0000000000E+00     0.0000000000E+00     0.0000000000E+00     0.0000000000E+00
    0.1916470949E+04     0.0000000000E+00     0.0000000000E+00     0.0000000000E+00     0.0000000000E+00
    0.1917698460E+04     0.0000000000E+00     0.0000000000E+00     0.0000000000E+00     0.0000000000E+00
    0.1919115078E+04     0.0000000000E+00     0.0000000000E+00     0.0000000000E+00     0.0000000000E+00
    0.1920684115E+04     0.0000000000E+00     0.0000000000E+00     0.0000000000E+00     0.0000000000E+00
    0.1922364931E+04     0.0000000000E+00     0.0000000000E+00     0.0000000000E+00     0.0000000000E+00
    0.1924113995E+04     0.0000000000E+00     0.0000000000E+00     0.0000000000E+00     0.0000000000E+00
    0.1925886005E+04     0.0000000000E+00     0.0000000000E+00     0.0000000000E+00     0.0000000000E+00
    0.1927635069E+04     0.0000000000E+00     0.0000000000E+00     0.0000000000E+00     0.0000000000E+00
    0.1929315885E+04     0.0000000000E+00     0.0000000000E+00     0.0000000000E+00     0.0000000000E+00
    0.1930884922E+04     0.0000000000E+00     0.0000000000E+00     0.0000000000E+00     0.0000000000E+00
    0.1932301540E+04     0.0000000000E+00     0.0000000000E+00     0.0000000000E+00     0.0000000000E+00
    0.1933529051E+04     0.0000000000E+00     0.0000000000E+00     0.0000000000E+00     0.0000000000E+00
    0.1934535658E+04     0.0000000000E+00     0.0000000000E+00     0.0000000000E+00     0.0000000000E+00
    0.1935295279E+04     0.0000000000E+00     0.0000000000E+00     0.0000000000E+00     0.0000000000E+00
    0.1935788181E+04     0.0000000000E+00     0.0000000000E+00     0.0000000000E+00     0.0000000000E+00
    0.1936000000E+04     0.0000000000E+00     0.0000000000E+00     0.0000000000E+00     0.0000000000E+00
    0.1936211819E+04     0.0000000000E+00     0.0000000000E+00     0.0000000000E+00     0.0000000000E+00
    0.1936704721E+04     0.0000000000E+00     0.0000000000E+00     0.0000000000E+00     0.0000000000E+00
    0.1937464342E+04     0.0000000000E+00     0.0000000000E+00     0.0000000000E+00     0.0000000000E+00
    0.1938470949E+04     0.0000000000E+00     0.0000000000E+00     0.0000000000E+00     0.0000000000E+00
    0.1939698460E+04     0.0000000000E+00     0.0000000000E+00     0.0000000000E+00     0.0000000000E+00
    0.1941115078E+04     0.0000000000E+00     0.0000000000E+00     0.0000000000E+00     0.0000000000E+00
    0.1942684115E+04     0.0000000000E+00     0.0000000000E+00     0.0000000000E+00     0.0000000000E+00
    0.1944364931E+04     0.0000000000E+00     0.0000000000E+00     0.0000000000E+00     0.0000000000E+00
    0.1946113995E+04     0.0000000000E+00     0.0000000000E+00     0.0000000000E+00     0.0000000000E+00
    0.1947886005E+04     0.0000000000E+00     0.0000000000E+00     0.0000000000E+00     0.0000000000E+00
    0.1949635069E+04     0.0000000000E+00     0.0000000000E+00     0.0000000000E+00     0.0000000000E+00
    0.1951315885E+04     0.0000000000E+00     0.0000000000E+00     0.0000000000E+00     0.0000000000E+00
    0.1952884922E+04     0.0000000000E+00     0.0000000000E+00     0.0000000000E+00     0.0000000000E+00
    0.1954301540E+04     0.0000000000E+00     0.0000000000E+00     0.0000000000E+00     0.0000000000E+00
    0.1955529051E+04     0.0000000000E+00     0.0000000000E+00     0.0000000000E+00     0.0000000000E+00
    0.1956535658E+04     0.0000000000E+00     0.0000000000E+00     0.0000000000E+00     0.0000000000E+00
    0.1957295279E+04     0.0000000000E+00     0.0000000000E+00     0.0000000000E+00     0.0000000000E+00
    0.1957788181E+04     0.0000000000E+00     0.0000000000E+00     0.0000000000E+00     0.0000000000E+00
    0.1958000000E+04     0.0000000000E+00     0.0000000000E+00     0.0000000000E+00     0.0000000000E+00
    0.1958211819E+04     0.0000000000E+00     0.0000000000E+00     0.0000000000E+00     0.0000000000E+00
    0.1958704721E+04     0.0000000000E+00     0.0000000000E+00     0.0000000000E+00     0.0000000000E+00
    0.1959464342E+04     0.0000000000E+00     0.0000000000E+00     0.0000000000E+00     0.0000000000E+00
    0.1960470949E+04     0.0000000000E+00     0.0000000000E+00     0.0000000000E+00     0.0000000000E+00
    0.1961698460E+04     0.0000000000E+00     0.0000000000E+00     0.0000000000E+00     0.0000000000E+00
    0.1963115078E+04     0.0000000000E+00     0.0000000000E+00     0.0000000000E+00     0.0000000000E+00
    0.1964684115E+04     0.0000000000E+00     0.0000000000E+00     0.0000000000E+00     0.0000000000E+00
    0.1966364931E+04     0.0000000000E+00     0.0000000000E+00     0.0000000000E+00     0.0000000000E+00
    0.1968113995E+04     0.0000000000E+00     0.0000000000E+00     0.0000000000E+00     0.0000000000E+00
    0.1969886005E+04     0.0000000000E+00     0.0000000000E+00     0.0000000000E+00     0.0000000000E+00
    0.1971635069E+04     0.0000000000E+00     0.0000000000E+00     0.0000000000E+00     0.0000000000E+00
    0.1973315885E+04     0.0000000000E+00     0.0000000000E+00     0.0000000000E+00     0.0000000000E+00
    0.1974884922E+04     0.0000000000E+00     0.0000000000E+00     0.0000000000E+00     0.0000000000E+00
    0.1976301540E+04     0.0000000000E+00     0.0000000000E+00     0.0000000000E+00     0.0000000000E+00
    0.1977529051E+04     0.0000000000E+00     0.0000000000E+00     0.0000000000E+00     0.0000000000E+00
    0.1978535658E+04     0.0000000000E+00     0.0000000000E+00     0.0000000000E+00     0.0000000000E+00
    0.1979295279E+04     0.0000000000E+00     0.0000000000E+00     0.0000000000E+00     0.0000000000E+00
    0.1979788181E+04     0.0000000000E+00     0.0000000000E+00     0.0000000000E+00     0.0000000000E+00
    0.1980000000E+04     0.0000000000E+00     0.0000000000E+00     0.0000000000E+00     0.0000000000E+00
    0.1980211819E+04     0.0000000000E+00     0.0000000000E+00     0.0000000000E+00     0.0000000000E+00
    0.1980704721E+04     0.0000000000E+00     0.0000000000E+00     0.0000000000E+00     0.0000000000E+00
    0.1981464342E+04     0.0000000000E+00     0.0000000000E+00     0.0000000000E+00     0.0000000000E+00
    0.1982470949E+04     0.0000000000E+00     0.0000000000E+00     0.0000000000E+00     0.0000000000E+00
    0.1983698460E+04     0.0000000000E+00     0.0000000000E+00     0.0000000000E+00     0.0000000000E+00
    0.1985115078E+04     0.0000000000E+00     0.0000000000E+00     0.0000000000E+00     0.0000000000E+00
    0.1986684115E+04     0.0000000000E+00     0.0000000000E+00     0.0000000000E+00     0.0000000000E+00
    0.1988364931E+04     0.0000000000E+00     0.0000000000E+00     0.0000000000E+00     0.0000000000E+00
    0.1990113995E+04     0.0000000000E+00     0.0000000000E+00     0.0000000000E+00     0.0000000000E+00
    0.1991886005E+04     0.0000000000E+00     0.0000000000E+00     0.0000000000E+00     0.0000000000E+00
    0.1993635069E+04     0.0000000000E+00     0.0000000000E+00     0.0000000000E+00     0.0000000000E+00
    0.1995315885E+04     0.0000000000E+00     0.0000000000E+00     0.0000000000E+00     0.0000000000E+00
    0.1996884922E+04     0.0000000000E+00     0.0000000000E+00     0.0000000000E+00     0.0000000000E+00
    0.1998301540E+04     0.0000000000E+00     0.0000000000E+00     0.0000000000E+00     0.0000000000E+00
    0.1999529051E+04     0.0000000000E+00     0.0000000000E+00     0.0000000000E+00     0.0000000000E+00
    0.2000535658E+04     0.0000000000E+00     0.0000000000E+00     0.0000000000E+00     0.0000000000E+00
    0.2001295279E+04     0.0000000000E+00     0.0000000000E+00     0.0000000000E+00     0.0000000000E+00
    0.2001788181E+04     0.0000000000E+00     0.0000000000E+00     0.0000000000E+00     0.0000000000E+00
    0.2002000000E+04     0.0000000000E+00     0.0000000000E+00     0.0000000000E+00     0.0000000000E+00
    0.2002211819E+04     0.0000000000E+00     0.0000000000E+00     0.0000000000E+00     0.0000000000E+00
    0.2002704721E+04     0.0000000000E+00     0.0000000000E+00     0.0000000000E+00     0.0000000000E+00
    0.2003464342E+04     0.0000000000E+00     0.0000000000E+00     0.0000000000E+00     0.0000000000E+00
    0.2004470949E+04     0.0000000000E+00     0.0000000000E+00     0.0000000000E+00     0.0000000000E+00
    0.2005698460E+04     0.0000000000E+00     0.0000000000E+00     0.0000000000E+00     0.0000000000E+00
    0.2007115078E+04     0.0000000000E+00     0.0000000000E+00     0.0000000000E+00     0.0000000000E+00
    0.2008684115E+04     0.0000000000E+00     0.0000000000E+00     0.0000000000E+00     0.0000000000E+00
    0.2010364931E+04     0.0000000000E+00     0.0000000000E+00     0.0000000000E+00     0.0000000000E+00
    0.2012113995E+04     0.0000000000E+00     0.0000000000E+00     0.0000000000E+00     0.0000000000E+00
    0.2013886005E+04     0.0000000000E+00     0.0000000000E+00     0.0000000000E+00     0.0000000000E+00
    0.2015635069E+04     0.0000000000E+00     0.0000000000E+00     0.0000000000E+00     0.0000000000E+00
    0.2017315885E+04     0.0000000000E+00     0.0000000000E+00     0.0000000000E+00     0.0000000000E+00
    0.2018884922E+04     0.0000000000E+00     0.0000000000E+00     0.0000000000E+00     0.0000000000E+00
    0.2020301540E+04     0.0000000000E+00     0.0000000000E+00     0.0000000000E+00     0.0000000000E+00
    0.2021529051E+04     0.0000000000E+00     0.0000000000E+00     0.0000000000E+00     0.0000000000E+00
    0.2022535658E+04     0.0000000000E+00     0.0000000000E+00     0.0000000000E+00     0.0000000000E+00
    0.2023295279E+04     0.0000000000E+00     0.0000000000E+00     0.0000000000E+00     0.0000000000E+00
    0.2023788181E+04     0.0000000000E+00     0.0000000000E+00     0.0000000000E+00     0.0000000000E+00
    0.2024000000E+04     0.0000000000E+00     0.0000000000E+00     0.0000000000E+00     0.0000000000E+00
    0.2024211819E+04     0.0000000000E+00     0.0000000000E+00     0.0000000000E+00     0.0000000000E+00
    0.2024704721E+04     0.0000000000E+00     0.0000000000E+00     0.0000000000E+00     0.0000000000E+00
    0.2025464342E+04     0.0000000000E+00     0.0000000000E+00     0.0000000000E+00     0.0000000000E+00
    0.2026470949E+04     0.0000000000E+00     0.0000000000E+00     0.0000000000E+00     0.0000000000E+00
    0.2027698460E+04     0.0000000000E+00     0.0000000000E+00     0.0000000000E+00     0.0000000000E+00
    0.2029115078E+04     0.0000000000E+00     0.0000000000E+00     0.0000000000E+00     0.0000000000E+00
    0.2030684115E+04     0.0000000000E+00     0.0000000000E+00     0.0000000000E+00     0.0000000000E+00
    0.2032364931E+04     0.0000000000E+00     0.0000000000E+00     0.0000000000E+00     0.0000000000E+00
    0.2034113995E+04     0.0000000000E+00     0.0000000000E+00     0.0000000000E+00     0.0000000000E+00
    0.2035886005E+04     0.0000000000E+00     0.0000000000E+00     0.0000000000E+00     0.0000000000E+00
    0.2037635069E+04     0.0000000000E+00     0.0000000000E+00     0.0000000000E+00     0.0000000000E+00
    0.2039315885E+04     0.0000000000E+00     0.0000000000E+00     0.0000000000E+00     0.0000000000E+00
    0.2040884922E+04     0.0000000000E+00     0.0000000000E+00     0.0000000000E+00     0.0000000000E+00
    0.2042301540E+04     0.0000000000E+00     0.0000000000E+00     0.0000000000E+00     0.0000000000E+00
    0.2043529051E+04     0.0000000000E+00     0.0000000000E+00     0.0000000000E+00     0.0000000000E+00
    0.2044535658E+04     0.0000000000E+00     0.0000000000E+00     0.0000000000E+00     0.0000000000E+00
    0.2045295279E+04     0.0000000000E+00     0.0000000000E+00     0.0000000000E+00     0.0000000000E+00
    0.2045788181E+04     0.0000000000E+00     0.0000000000E+00     0.0000000000E+00     0.0000000000E+00
    0.2046000000E+04     0.0000000000E+00     0.0000000000E+00     0.0000000000E+00     0.0000000000E+00
    0.2046211819E+04     0.0000000000E+00     0.0000000000E+00     0.0000000000E+00     0.0000000000E+00
    0.2046704721E+04     0.0000000000E+00     0.0000000000E+00     0.0000000000E+00     0.0000000000E+00
    0.2047464342E+04     0.0000000000E+00     0.0000000000E+00     0.0000000000E+00     0.0000000000E+00
    0.2048470949E+04     0.0000000000E+00     0.0000000000E+00     0.0000000000E+00     0.0000000000E+00
    0.2049698460E+04     0.0000000000E+00     0.0000000000E+00     0.0000000000E+00     0.0000000000E+00
    0.2051115078E+04     0.0000000000E+00     0.0000000000E+00     0.0000000000E+00     0.0000000000E+00
    0.2052684115E+04     0.0000000000E+00     0.0000000000E+00     0.0000000000E+00     0.0000000000E+00
    0.2054364931E+04     0.0000000000E+00     0.0000000000E+00     0.0000000000E+00     0.0000000000E+00
    0.2056113995E+04     0.0000000000E+00     0.0000000000E+00     0.0000000000E+00     0.0000000000E+00
    0.2057886005E+04     0.0000000000E+00     0.0000000000E+00     0.0000000000E+00     0.0000000000E+00
    0.2059635069E+04     0.0000000000E+00     0.0000000000E+00     0.0000000000E+00     0.0000000000E+00
    0.2061315885E+04     0.0000000000E+00     0.0000000000E+00     0.0000000000E+00     0.0000000000E+00
    0.2062884922E+04     0.0000000000E+00     0.0000000000E+00     0.0000000000E+00     0.0000000000E+00
    0.2064301540E+04     0.0000000000E+00     0.0000000000E+00     0.0000000000E+00     0.0000000000E+00
    0.2065529051E+04     0.0000000000E+00     0.0000000000E+00     0.0000000000E+00     0.0000000000E+00
    0.2066535658E+04     0.0000000000E+00     0.0000000000E+00     0.0000000000E+00     0.0000000000E+00
    0.2067295279E+04     0.0000000000E+00     0.0000000000E+00     0.0000000000E+00     0.0000000000E+00
    0.2067788181E+04     0.0000000000E+00     0.0000000000E+00     0.0000000000E+00     0.0000000000E+00
    0.2068000000E+04     0.0000000000E+00     0.0000000000E+00     0.0000000000E+00     0.0000000000E+00
    0.2068211819E+04     0.0000000000E+00     0.0000000000E+00     0.0000000000E+00     0.0000000000E+00
    0.2068704721E+04     0.0000000000E+00     0.0000000000E+00     0.0000000000E+00     0.0000000000E+00
    0.2069464342E+04     0.0000000000E+00     0.0000000000E+00     0.0000000000E+00     0.0000000000E+00
    0.2070470949E+04     0.0000000000E+00     0.0000000000E+00     0.0000000000E+00     0.0000000000E+00
    0.2071698460E+04     0.0000000000E+00     0.0000000000E+00     0.0000000000E+00     0.0000000000E+00
    0.2073115078E+04     0.0000000000E+00     0.0000000000E+00     0.0000000000E+00     0.0000000000E+00
    0.2074684115E+04     0.0000000000E+00     0.0000000000E+00     0.0000000000E+00     0.0000000000E+00
    0.2076364931E+04     0.0000000000E+00     0.0000000000E+00     0.0000000000E+00     0.0000000000E+00
    0.2078113995E+04     0.0000000000E+00     0.0000000000E+00     0.0000000000E+00     0.0000000000E+00
    0.2079886005E+04     0.0000000000E+00     0.0000000000E+00     0.0000000000E+00     0.0000000000E+00
    0.2081635069E+04     0.0000000000E+00     0.0000000000E+00     0.0000000000E+00     0.0000000000E+00
    0.2083315885E+04     0.0000000000E+00     0.0000000000E+00     0.0000000000E+00     0.0000000000E+00
    0.2084884922E+04     0.0000000000E+00     0.0000000000E+00     0.0000000000E+00     0.0000000000E+00
    0.2086301540E+04     0.0000000000E+00     0.0000000000E+00     0.0000000000E+00     0.0000000000E+00
    0.2087529051E+04     0.0000000000E+00     0.0000000000E+00     0.0000000000E+00     0.0000000000E+00
    0.2088535658E+04     0.0000000000E+00     0.0000000000E+00     0.0000000000E+00     0.0000000000E+00
    0.2089295279E+04     0.0000000000E+00     0.0000000000E+00     0.0000000000E+00     0.0000000000E+00
    0.2089788181E+04     0.0000000000E+00     0.0000000000E+00     0.0000000000E+00     0.0000000000E+00
    0.2090000000E+04     0.0000000000E+00     0.0000000000E+00     0.0000000000E+00     0.0000000000E+00
    0.2090211819E+04     0.0000000000E+00     0.0000000000E+00     0.0000000000E+00     0.0000000000E+00
    0.2090704721E+04     0.0000000000E+00     0.0000000000E+00     0.0000000000E+00     0.0000000000E+00
    0.2091464342E+04     0.0000000000E+00     0.0000000000E+00     0.0000000000E+00     0.0000000000E+00
    0.2092470949E+04     0.0000000000E+00     0.0000000000E+00     0.0000000000E+00     0.0000000000E+00
    0.2093698460E+04     0.0000000000E+00     0.0000000000E+00     0.0000000000E+00     0.0000000000E+00
    0.2095115078E+04     0.0000000000E+00     0.0000000000E+00     0.0000000000E+00     0.0000000000E+00
    0.2096684115E+04     0.0000000000E+00     0.0000000000E+00     0.0000000000E+00     0.0000000000E+00
    0.2098364931E+04     0.0000000000E+00     0.0000000000E+00     0.0000000000E+00     0.0000000000E+00
    0.2100113995E+04     0.0000000000E+00     0.0000000000E+00     0.0000000000E+00     0.0000000000E+00
    0.2101886005E+04     0.0000000000E+00     0.0000000000E+00     0.0000000000E+00     0.0000000000E+00
    0.2103635069E+04     0.0000000000E+00     0.0000000000E+00     0.0000000000E+00     0.0000000000E+00
    0.2105315885E+04     0.0000000000E+00     0.0000000000E+00     0.0000000000E+00     0.0000000000E+00
    0.2106884922E+04     0.0000000000E+00     0.0000000000E+00     0.0000000000E+00     0.0000000000E+00
    0.2108301540E+04     0.0000000000E+00     0.0000000000E+00     0.0000000000E+00     0.0000000000E+00
    0.2109529051E+04     0.0000000000E+00     0.0000000000E+00     0.0000000000E+00     0.0000000000E+00
    0.2110535658E+04     0.0000000000E+00     0.0000000000E+00     0.0000000000E+00     0.0000000000E+00
    0.2111295279E+04     0.0000000000E+00     0.0000000000E+00     0.0000000000E+00     0.0000000000E+00
    0.2111788181E+04     0.0000000000E+00     0.0000000000E+00     0.0000000000E+00     0.0000000000E+00
    0.2112000000E+04     0.0000000000E+00     0.0000000000E+00     0.0000000000E+00     0.0000000000E+00
    0.2112211819E+04     0.0000000000E+00     0.0000000000E+00     0.0000000000E+00     0.0000000000E+00
    0.2112704721E+04     0.0000000000E+00     0.0000000000E+00     0.0000000000E+00     0.0000000000E+00
    0.2113464342E+04     0.0000000000E+00     0.0000000000E+00     0.0000000000E+00     0.0000000000E+00
    0.2114470949E+04     0.0000000000E+00     0.0000000000E+00     0.0000000000E+00     0.0000000000E+00
    0.2115698460E+04     0.0000000000E+00     0.0000000000E+00     0.0000000000E+00     0.0000000000E+00
    0.2117115078E+04     0.0000000000E+00     0.0000000000E+00     0.0000000000E+00     0.0000000000E+00
    0.2118684115E+04     0.0000000000E+00     0.0000000000E+00     0.0000000000E+00     0.0000000000E+00
    0.2120364931E+04     0.0000000000E+00     0.0000000000E+00     0.0000000000E+00     0.0000000000E+00
    0.2122113995E+04     0.0000000000E+00     0.0000000000E+00     0.0000000000E+00     0.0000000000E+00
    0.2123886005E+04     0.0000000000E+00     0.0000000000E+00     0.0000000000E+00     0.0000000000E+00
    0.2125635069E+04     0.0000000000E+00     0.0000000000E+00     0.0000000000E+00     0.0000000000E+00
    0.2127315885E+04     0.0000000000E+00     0.0000000000E+00     0.0000000000E+00     0.0000000000E+00
    0.2128884922E+04     0.0000000000E+00     0.0000000000E+00     0.0000000000E+00     0.0000000000E+00
    0.2130301540E+04     0.0000000000E+00     0.0000000000E+00     0.0000000000E+00     0.0000000000E+00
    0.2131529051E+04     0.0000000000E+00     0.0000000000E+00     0.0000000000E+00     0.0000000000E+00
    0.2132535658E+04     0.0000000000E+00     0.0000000000E+00     0.0000000000E+00     0.0000000000E+00
    0.2133295279E+04     0.0000000000E+00     0.0000000000E+00     0.0000000000E+00     0.0000000000E+00
    0.2133788181E+04     0.0000000000E+00     0.0000000000E+00     0.0000000000E+00     0.0000000000E+00
    0.2134000000E+04     0.0000000000E+00     0.0000000000E+00     0.0000000000E+00     0.0000000000E+00
    0.2134211819E+04     0.0000000000E+00     0.0000000000E+00     0.0000000000E+00     0.0000000000E+00
    0.2134704721E+04     0.0000000000E+00     0.0000000000E+00     0.0000000000E+00     0.0000000000E+00
    0.2135464342E+04     0.0000000000E+00     0.0000000000E+00     0.0000000000E+00     0.0000000000E+00
    0.2136470949E+04     0.0000000000E+00     0.0000000000E+00     0.0000000000E+00     0.0000000000E+00
    0.2137698460E+04     0.0000000000E+00     0.0000000000E+00     0.0000000000E+00     0.0000000000E+00
    0.2139115078E+04     0.0000000000E+00     0.0000000000E+00     0.0000000000E+00     0.0000000000E+00
    0.2140684115E+04     0.0000000000E+00     0.0000000000E+00     0.0000000000E+00     0.0000000000E+00
    0.2142364931E+04     0.0000000000E+00     0.0000000000E+00     0.0000000000E+00     0.0000000000E+00
    0.2144113995E+04     0.0000000000E+00     0.0000000000E+00     0.0000000000E+00     0.0000000000E+00
    0.2145886005E+04     0.0000000000E+00     0.0000000000E+00     0.0000000000E+00     0.0000000000E+00
    0.2147635069E+04     0.0000000000E+00     0.0000000000E+00     0.0000000000E+00     0.0000000000E+00
    0.2149315885E+04     0.0000000000E+00     0.0000000000E+00     0.0000000000E+00     0.0000000000E+00
    0.2150884922E+04     0.0000000000E+00     0.0000000000E+00     0.0000000000E+00     0.0000000000E+00
    0.2152301540E+04     0.0000000000E+00     0.0000000000E+00     0.0000000000E+00     0.0000000000E+00
    0.2153529051E+04     0.0000000000E+00     0.0000000000E+00     0.0000000000E+00     0.0000000000E+00
    0.2154535658E+04     0.0000000000E+00     0.0000000000E+00     0.0000000000E+00     0.0000000000E+00
    0.2155295279E+04     0.0000000000E+00     0.0000000000E+00     0.0000000000E+00     0.0000000000E+00
    0.2155788181E+04     0.0000000000E+00     0.0000000000E+00     0.0000000000E+00     0.0000000000E+00
    0.2156000000E+04     0.0000000000E+00     0.0000000000E+00     0.0000000000E+00     0.0000000000E+00
    0.2156211819E+04     0.0000000000E+00     0.0000000000E+00     0.0000000000E+00     0.0000000000E+00
    0.2156704721E+04     0.0000000000E+00     0.0000000000E+00     0.0000000000E+00     0.0000000000E+00
    0.2157464342E+04     0.0000000000E+00     0.0000000000E+00     0.0000000000E+00     0.0000000000E+00
    0.2158470949E+04     0.0000000000E+00     0.0000000000E+00     0.0000000000E+00     0.0000000000E+00
    0.2159698460E+04     0.0000000000E+00     0.0000000000E+00     0.0000000000E+00     0.0000000000E+00
    0.2161115078E+04     0.0000000000E+00     0.0000000000E+00     0.0000000000E+00     0.0000000000E+00
    0.2162684115E+04     0.0000000000E+00     0.0000000000E+00     0.0000000000E+00     0.0000000000E+00
    0.2164364931E+04     0.0000000000E+00     0.0000000000E+00     0.0000000000E+00     0.0000000000E+00
    0.2166113995E+04     0.0000000000E+00     0.0000000000E+00     0.0000000000E+00     0.0000000000E+00
    0.2167886005E+04     0.0000000000E+00     0.0000000000E+00     0.0000000000E+00     0.0000000000E+00
    0.2169635069E+04     0.0000000000E+00     0.0000000000E+00     0.0000000000E+00     0.0000000000E+00
    0.2171315885E+04     0.0000000000E+00     0.0000000000E+00     0.0000000000E+00     0.0000000000E+00
    0.2172884922E+04     0.0000000000E+00     0.0000000000E+00     0.0000000000E+00     0.0000000000E+00
    0.2174301540E+04     0.0000000000E+00     0.0000000000E+00     0.0000000000E+00     0.0000000000E+00
    0.2175529051E+04     0.0000000000E+00     0.0000000000E+00     0.0000000000E+00     0.0000000000E+00
    0.2176535658E+04     0.0000000000E+00     0.0000000000E+00     0.0000000000E+00     0.0000000000E+00
    0.2177295279E+04     0.0000000000E+00     0.0000000000E+00     0.0000000000E+00     0.0000000000E+00
    0.2177788181E+04     0.0000000000E+00     0.0000000000E+00     0.0000000000E+00     0.0000000000E+00
    0.2178000000E+04     0.0000000000E+00     0.0000000000E+00     0.0000000000E+00     0.0000000000E+00
    0.2178211819E+04     0.0000000000E+00     0.0000000000E+00     0.0000000000E+00     0.0000000000E+00
    0.2178704721E+04     0.0000000000E+00     0.0000000000E+00     0.0000000000E+00     0.0000000000E+00
    0.2179464342E+04     0.0000000000E+00     0.0000000000E+00     0.0000000000E+00     0.0000000000E+00
    0.2180470949E+04     0.0000000000E+00     0.0000000000E+00     0.0000000000E+00     0.0000000000E+00
    0.2181698460E+04     0.0000000000E+00     0.0000000000E+00     0.0000000000E+00     0.0000000000E+00
    0.2183115078E+04     0.0000000000E+00     0.0000000000E+00     0.0000000000E+00     0.0000000000E+00
    0.2184684115E+04     0.0000000000E+00     0.0000000000E+00     0.0000000000E+00     0.0000000000E+00
    0.2186364931E+04     0.0000000000E+00     0.0000000000E+00     0.0000000000E+00     0.0000000000E+00
    0.2188113995E+04     0.0000000000E+00     0.0000000000E+00     0.0000000000E+00     0.0000000000E+00
    0.2189886005E+04     0.0000000000E+00     0.0000000000E+00     0.0000000000E+00     0.0000000000E+00
    0.2191635069E+04     0.0000000000E+00     0.0000000000E+00     0.0000000000E+00     0.0000000000E+00
    0.2193315885E+04     0.0000000000E+00     0.0000000000E+00     0.0000000000E+00     0.0000000000E+00
    0.2194884922E+04     0.0000000000E+00     0.0000000000E+00     0.0000000000E+00     0.0000000000E+00
    0.2196301540E+04     0.0000000000E+00     0.0000000000E+00     0.0000000000E+00     0.0000000000E+00
    0.2197529051E+04     0.0000000000E+00     0.0000000000E+00     0.0000000000E+00     0.0000000000E+00
    0.2198535658E+04     0.0000000000E+00     0.0000000000E+00     0.0000000000E+00     0.0000000000E+00
    0.2199295279E+04     0.0000000000E+00     0.0000000000E+00     0.0000000000E+00     0.0000000000E+00
    0.2199788181E+04     0.0000000000E+00     0.0000000000E+00     0.0000000000E+00     0.0000000000E+00
